VariableGroup,Subgroup,Variable,Area,Year,Value,Unit,Symbol,IsAggregate
Water use,Pressure on water resources,SDG 6.4.2. Water Stress,Afghanistan,2016,54.757019438,%,E,false
Water use,Pressure on water resources,SDG 6.4.2. Water Stress,Afghanistan,2017,54.757019438,%,E,false
Water use,Pressure on water resources,SDG 6.4.2. Water Stress,Afghanistan,2018,54.757019438,%,E,false
Water use,Pressure on water resources,SDG 6.4.2. Water Stress,Afghanistan,2019,54.757019438,%,E,false
Water use,Pressure on water resources,SDG 6.4.2. Water Stress,Afghanistan,2020,54.757019438,%,E,false
Water use,Pressure on water resources,SDG 6.4.2. Water Stress,Afghanistan,2021,54.757019438,%,E,false
Water use,Pressure on water resources,SDG 6.4.2. Water Stress,Afghanistan,2022,54.757019438,%,E,false
Water use,Pressure on water resources,SDG 6.4.2. Water Stress,Albania,2016,6.5625,%,E,false
Water use,Pressure on water resources,SDG 6.4.2. Water Stress,Albania,2017,6.556490385,%,E,false
Water use,Pressure on water resources,SDG 6.4.2. Water Stress,Albania,2018,5.757211539,%,E,false
Water use,Pressure on water resources,SDG 6.4.2. Water Stress,Albania,2019,6.796875,%,E,false
Water use,Pressure on water resources,SDG 6.4.2. Water Stress,Albania,2020,4.723557692,%,E,false
Water use,Pressure on water resources,SDG 6.4.2. Water Stress,Albania,2021,4.783653846,%,E,false
Water use,Pressure on water resources,SDG 6.4.2. Water Stress,Albania,2022,4.789663461,%,E,false
Water use,Pressure on water resources,SDG 6.4.2. Water Stress,Algeria,2016,129.871957225,%,E,false
Water use,Pressure on water resources,SDG 6.4.2. Water Stress,Algeria,2017,137.920360208,%,E,false
Water use,Pressure on water resources,SDG 6.4.2. Water Stress,Algeria,2018,141.799165142,%,E,false
Water use,Pressure on water resources,SDG 6.4.2. Water Stress,Algeria,2019,145.677970077,%,E,false
Water use,Pressure on water resources,SDG 6.4.2. Water Stress,Algeria,2020,149.556775011,%,E,false
Water use,Pressure on water resources,SDG 6.4.2. Water Stress,Algeria,2021,140.59378078,%,E,false
Water use,Pressure on water resources,SDG 6.4.2. Water Stress,Algeria,2022,144.814971155,%,E,false
Water use,Pressure on water resources,SDG 6.4.2. Water Stress,Angola,2016,1.871883289,%,E,false
Water use,Pressure on water resources,SDG 6.4.2. Water Stress,Angola,2017,1.871883289,%,E,false
Water use,Pressure on water resources,SDG 6.4.2. Water Stress,Angola,2018,1.871883289,%,E,false
Water use,Pressure on water resources,SDG 6.4.2. Water Stress,Angola,2019,1.871883289,%,E,false
Water use,Pressure on water resources,SDG 6.4.2. Water Stress,Angola,2020,1.871883289,%,E,false
Water use,Pressure on water resources,SDG 6.4.2. Water Stress,Angola,2021,1.871883289,%,E,false
Water use,Pressure on water resources,SDG 6.4.2. Water Stress,Angola,2022,1.871883289,%,E,false
Water use,Pressure on water resources,SDG 6.4.2. Water Stress,Antigua and Barbuda,2016,8.461538461,%,I,false
Water use,Pressure on water resources,SDG 6.4.2. Water Stress,Antigua and Barbuda,2017,8.461538461,%,I,false
Water use,Pressure on water resources,SDG 6.4.2. Water Stress,Antigua and Barbuda,2018,8.461538461,%,I,false
Water use,Pressure on water resources,SDG 6.4.2. Water Stress,Antigua and Barbuda,2019,8.461538461,%,I,false
Water use,Pressure on water resources,SDG 6.4.2. Water Stress,Antigua and Barbuda,2020,8.461538461,%,I,false
Water use,Pressure on water resources,SDG 6.4.2. Water Stress,Antigua and Barbuda,2021,8.461538461,%,I,false
Water use,Pressure on water resources,SDG 6.4.2. Water Stress,Antigua and Barbuda,2022,8.461538461,%,I,false
Water use,Pressure on water resources,SDG 6.4.2. Water Stress,Argentina,2016,10.456664077,%,E,false
Water use,Pressure on water resources,SDG 6.4.2. Water Stress,Argentina,2017,10.456664077,%,E,false
Water use,Pressure on water resources,SDG 6.4.2. Water Stress,Argentina,2018,10.456664077,%,E,false
Water use,Pressure on water resources,SDG 6.4.2. Water Stress,Argentina,2019,10.456664077,%,E,false
Water use,Pressure on water resources,SDG 6.4.2. Water Stress,Argentina,2020,10.456664077,%,E,false
Water use,Pressure on water resources,SDG 6.4.2. Water Stress,Argentina,2021,10.456664077,%,E,false
Water use,Pressure on water resources,SDG 6.4.2. Water Stress,Argentina,2022,10.456664077,%,E,false
Water use,Pressure on water resources,SDG 6.4.2. Water Stress,Armenia,2016,64.171878152,%,E,false
Water use,Pressure on water resources,SDG 6.4.2. Water Stress,Armenia,2017,57.89792213,%,E,false
Water use,Pressure on water resources,SDG 6.4.2. Water Stress,Armenia,2018,54.750857373,%,E,false
Water use,Pressure on water resources,SDG 6.4.2. Water Stress,Armenia,2019,57.79705467,%,E,false
Water use,Pressure on water resources,SDG 6.4.2. Water Stress,Armenia,2020,57.090982449,%,E,false
Water use,Pressure on water resources,SDG 6.4.2. Water Stress,Armenia,2021,59.854750857,%,E,false
Water use,Pressure on water resources,SDG 6.4.2. Water Stress,Armenia,2022,61.972967521,%,E,false
Water use,Pressure on water resources,SDG 6.4.2. Water Stress,Australia,2016,4.271411339,%,E,false
Water use,Pressure on water resources,SDG 6.4.2. Water Stress,Australia,2017,4.84866963,%,E,false
Water use,Pressure on water resources,SDG 6.4.2. Water Stress,Australia,2018,4.957780458,%,E,false
Water use,Pressure on water resources,SDG 6.4.2. Water Stress,Australia,2019,4.246079614,%,E,false
Water use,Pressure on water resources,SDG 6.4.2. Water Stress,Australia,2020,3.369521512,%,E,false
Water use,Pressure on water resources,SDG 6.4.2. Water Stress,Australia,2021,4.44712505,%,E,false
Water use,Pressure on water resources,SDG 6.4.2. Water Stress,Australia,2022,4.672295939,%,E,false
Water use,Pressure on water resources,SDG 6.4.2. Water Stress,Australia and New Zealand,2016,5.624288321,%,E,true
Water use,Pressure on water resources,SDG 6.4.2. Water Stress,Australia and New Zealand,2017,6.018202898,%,E,true
Water use,Pressure on water resources,SDG 6.4.2. Water Stress,Australia and New Zealand,2018,6.092658902,%,E,true
Water use,Pressure on water resources,SDG 6.4.2. Water Stress,Australia and New Zealand,2019,5.607002236,%,E,true
Water use,Pressure on water resources,SDG 6.4.2. Water Stress,Australia and New Zealand,2020,5.008848829,%,E,true
Water use,Pressure on water resources,SDG 6.4.2. Water Stress,Australia and New Zealand,2021,5.744193385,%,E,true
Water use,Pressure on water resources,SDG 6.4.2. Water Stress,Australia and New Zealand,2022,5.897847471,%,E,true
Water use,Pressure on water resources,SDG 6.4.2. Water Stress,Austria,2016,8.998802616,%,E,false
Water use,Pressure on water resources,SDG 6.4.2. Water Stress,Austria,2017,8.891345062,%,E,false
Water use,Pressure on water resources,SDG 6.4.2. Water Stress,Austria,2018,8.783887507,%,E,false
Water use,Pressure on water resources,SDG 6.4.2. Water Stress,Austria,2019,8.676429953,%,E,false
Water use,Pressure on water resources,SDG 6.4.2. Water Stress,Austria,2020,8.676429953,%,E,false
Water use,Pressure on water resources,SDG 6.4.2. Water Stress,Austria,2021,8.676429953,%,E,false
Water use,Pressure on water resources,SDG 6.4.2. Water Stress,Austria,2022,8.676429953,%,E,false
Water use,Pressure on water resources,SDG 6.4.2. Water Stress,Azerbaijan,2016,52.45308015,%,E,false
Water use,Pressure on water resources,SDG 6.4.2. Water Stress,Azerbaijan,2017,53.52174873,%,E,false
Water use,Pressure on water resources,SDG 6.4.2. Water Stress,Azerbaijan,2018,53.729300066,%,E,false
Water use,Pressure on water resources,SDG 6.4.2. Water Stress,Azerbaijan,2019,55.597262089,%,E,false
Water use,Pressure on water resources,SDG 6.4.2. Water Stress,Azerbaijan,2020,53.888628836,%,E,false
Water use,Pressure on water resources,SDG 6.4.2. Water Stress,Azerbaijan,2021,57.265886509,%,E,false
Water use,Pressure on water resources,SDG 6.4.2. Water Stress,Azerbaijan,2022,57.527047913,%,E,false
Water use,Pressure on water resources,SDG 6.4.2. Water Stress,Bahrain,2016,133.706896552,%,E,false
Water use,Pressure on water resources,SDG 6.4.2. Water Stress,Bahrain,2017,133.706896552,%,I,false
Water use,Pressure on water resources,SDG 6.4.2. Water Stress,Bahrain,2018,133.706896552,%,I,false
Water use,Pressure on water resources,SDG 6.4.2. Water Stress,Bahrain,2019,133.706896552,%,I,false
Water use,Pressure on water resources,SDG 6.4.2. Water Stress,Bahrain,2020,133.706896552,%,I,false
Water use,Pressure on water resources,SDG 6.4.2. Water Stress,Bahrain,2021,133.706896552,%,I,false
Water use,Pressure on water resources,SDG 6.4.2. Water Stress,Bahrain,2022,133.706896552,%,I,false
Water use,Pressure on water resources,SDG 6.4.2. Water Stress,Bangladesh,2016,5.723339482,%,E,false
Water use,Pressure on water resources,SDG 6.4.2. Water Stress,Bangladesh,2017,5.723339482,%,E,false
Water use,Pressure on water resources,SDG 6.4.2. Water Stress,Bangladesh,2018,5.723339482,%,E,false
Water use,Pressure on water resources,SDG 6.4.2. Water Stress,Bangladesh,2019,5.723339482,%,E,false
Water use,Pressure on water resources,SDG 6.4.2. Water Stress,Bangladesh,2020,5.723339482,%,E,false
Water use,Pressure on water resources,SDG 6.4.2. Water Stress,Bangladesh,2021,5.723339482,%,E,false
Water use,Pressure on water resources,SDG 6.4.2. Water Stress,Bangladesh,2022,5.723339482,%,E,false
Water use,Pressure on water resources,SDG 6.4.2. Water Stress,Barbados,2016,87.5,%,I,false
Water use,Pressure on water resources,SDG 6.4.2. Water Stress,Barbados,2017,87.5,%,I,false
Water use,Pressure on water resources,SDG 6.4.2. Water Stress,Barbados,2018,87.5,%,I,false
Water use,Pressure on water resources,SDG 6.4.2. Water Stress,Barbados,2019,87.5,%,I,false
Water use,Pressure on water resources,SDG 6.4.2. Water Stress,Barbados,2020,87.5,%,I,false
Water use,Pressure on water resources,SDG 6.4.2. Water Stress,Barbados,2021,87.5,%,I,false
Water use,Pressure on water resources,SDG 6.4.2. Water Stress,Barbados,2022,87.5,%,I,false
Water use,Pressure on water resources,SDG 6.4.2. Water Stress,Belarus,2016,4.782465392,%,E,false
Water use,Pressure on water resources,SDG 6.4.2. Water Stress,Belarus,2017,4.614370468,%,E,false
Water use,Pressure on water resources,SDG 6.4.2. Water Stress,Belarus,2018,4.581410679,%,E,false
Water use,Pressure on water resources,SDG 6.4.2. Water Stress,Belarus,2019,4.475939354,%,E,false
Water use,Pressure on water resources,SDG 6.4.2. Water Stress,Belarus,2020,4.377059987,%,E,false
Water use,Pressure on water resources,SDG 6.4.2. Water Stress,Belarus,2021,4.696769941,%,E,false
Water use,Pressure on water resources,SDG 6.4.2. Water Stress,Belarus,2022,4.660514173,%,E,false
Water use,Pressure on water resources,SDG 6.4.2. Water Stress,Belgium,2016,51.511551904,%,E,false
Water use,Pressure on water resources,SDG 6.4.2. Water Stress,Belgium,2017,53.956764742,%,E,false
Water use,Pressure on water resources,SDG 6.4.2. Water Stress,Belgium,2018,51.28992629,%,E,false
Water use,Pressure on water resources,SDG 6.4.2. Water Stress,Belgium,2019,51.584766585,%,E,false
Water use,Pressure on water resources,SDG 6.4.2. Water Stress,Belgium,2020,52.169836155,%,E,false
Water use,Pressure on water resources,SDG 6.4.2. Water Stress,Belgium,2021,52.825742252,%,E,false
Water use,Pressure on water resources,SDG 6.4.2. Water Stress,Belgium,2022,52.825742252,%,E,false
Water use,Pressure on water resources,SDG 6.4.2. Water Stress,Belize,2016,1.260294485,%,E,false
Water use,Pressure on water resources,SDG 6.4.2. Water Stress,Belize,2017,1.260294485,%,E,false
Water use,Pressure on water resources,SDG 6.4.2. Water Stress,Belize,2018,1.260294485,%,E,false
Water use,Pressure on water resources,SDG 6.4.2. Water Stress,Belize,2019,1.260294485,%,E,false
Water use,Pressure on water resources,SDG 6.4.2. Water Stress,Belize,2020,1.260294485,%,E,false
Water use,Pressure on water resources,SDG 6.4.2. Water Stress,Belize,2021,1.260294485,%,E,false
Water use,Pressure on water resources,SDG 6.4.2. Water Stress,Belize,2022,1.260294485,%,E,false
Water use,Pressure on water resources,SDG 6.4.2. Water Stress,Benin,2016,0.975243811,%,E,false
Water use,Pressure on water resources,SDG 6.4.2. Water Stress,Benin,2017,0.975243811,%,E,false
Water use,Pressure on water resources,SDG 6.4.2. Water Stress,Benin,2018,0.975243811,%,E,false
Water use,Pressure on water resources,SDG 6.4.2. Water Stress,Benin,2019,0.975243811,%,E,false
Water use,Pressure on water resources,SDG 6.4.2. Water Stress,Benin,2020,0.975243811,%,E,false
Water use,Pressure on water resources,SDG 6.4.2. Water Stress,Benin,2021,0.975243811,%,E,false
Water use,Pressure on water resources,SDG 6.4.2. Water Stress,Benin,2022,0.975243811,%,E,false
Water use,Pressure on water resources,SDG 6.4.2. Water Stress,Bhutan,2016,1.413807531,%,E,false
Water use,Pressure on water resources,SDG 6.4.2. Water Stress,Bhutan,2017,1.413807531,%,E,false
Water use,Pressure on water resources,SDG 6.4.2. Water Stress,Bhutan,2018,1.413807531,%,E,false
Water use,Pressure on water resources,SDG 6.4.2. Water Stress,Bhutan,2019,1.413807531,%,E,false
Water use,Pressure on water resources,SDG 6.4.2. Water Stress,Bhutan,2020,1.413807531,%,E,false
Water use,Pressure on water resources,SDG 6.4.2. Water Stress,Bhutan,2021,1.413807531,%,E,false
Water use,Pressure on water resources,SDG 6.4.2. Water Stress,Bhutan,2022,1.413807531,%,E,false
Water use,Pressure on water resources,SDG 6.4.2. Water Stress,Bolivia (Plurinational State of),2016,1.222877723,%,E,false
Water use,Pressure on water resources,SDG 6.4.2. Water Stress,Bolivia (Plurinational State of),2017,1.229431522,%,E,false
Water use,Pressure on water resources,SDG 6.4.2. Water Stress,Bolivia (Plurinational State of),2018,1.235985321,%,E,false
Water use,Pressure on water resources,SDG 6.4.2. Water Stress,Bolivia (Plurinational State of),2019,1.242539121,%,E,false
Water use,Pressure on water resources,SDG 6.4.2. Water Stress,Bolivia (Plurinational State of),2020,0.207365543,%,E,false
Water use,Pressure on water resources,SDG 6.4.2. Water Stress,Bolivia (Plurinational State of),2021,0.202979589,%,E,false
Water use,Pressure on water resources,SDG 6.4.2. Water Stress,Bolivia (Plurinational State of),2022,0.202979589,%,E,false
Water use,Pressure on water resources,SDG 6.4.2. Water Stress,Bosnia and Herzegovina,2016,2.786188579,%,E,false
Water use,Pressure on water resources,SDG 6.4.2. Water Stress,Bosnia and Herzegovina,2017,2.662018592,%,E,false
Water use,Pressure on water resources,SDG 6.4.2. Water Stress,Bosnia and Herzegovina,2018,2.071713147,%,E,false
Water use,Pressure on water resources,SDG 6.4.2. Water Stress,Bosnia and Herzegovina,2019,2.028552457,%,E,false
Water use,Pressure on water resources,SDG 6.4.2. Water Stress,Bosnia and Herzegovina,2020,2.000531208,%,E,false
Water use,Pressure on water resources,SDG 6.4.2. Water Stress,Bosnia and Herzegovina,2021,2.03187251,%,E,false
Water use,Pressure on water resources,SDG 6.4.2. Water Stress,Bosnia and Herzegovina,2022,2.071713147,%,E,false
Water use,Pressure on water resources,SDG 6.4.2. Water Stress,Botswana,2016,2.104987975,%,E,false
Water use,Pressure on water resources,SDG 6.4.2. Water Stress,Botswana,2017,2.018195127,%,E,false
Water use,Pressure on water resources,SDG 6.4.2. Water Stress,Botswana,2018,2.133221792,%,E,false
Water use,Pressure on water resources,SDG 6.4.2. Water Stress,Botswana,2019,2.112307853,%,E,false
Water use,Pressure on water resources,SDG 6.4.2. Water Stress,Botswana,2020,2.305004706,%,E,false
Water use,Pressure on water resources,SDG 6.4.2. Water Stress,Botswana,2021,2.442973031,%,E,false
Water use,Pressure on water resources,SDG 6.4.2. Water Stress,Botswana,2022,2.230009819,%,E,false
Water use,Pressure on water resources,SDG 6.4.2. Water Stress,Brazil,2016,3.135224586,%,E,false
Water use,Pressure on water resources,SDG 6.4.2. Water Stress,Brazil,2017,3.105437352,%,E,false
Water use,Pressure on water resources,SDG 6.4.2. Water Stress,Brazil,2018,1.464112726,%,E,false
Water use,Pressure on water resources,SDG 6.4.2. Water Stress,Brazil,2019,1.484808454,%,E,false
Water use,Pressure on water resources,SDG 6.4.2. Water Stress,Brazil,2020,1.47688177,%,E,false
Water use,Pressure on water resources,SDG 6.4.2. Water Stress,Brazil,2021,1.481946279,%,E,false
Water use,Pressure on water resources,SDG 6.4.2. Water Stress,Brazil,2022,1.495816821,%,E,false
Water use,Pressure on water resources,SDG 6.4.2. Water Stress,Brunei Darussalam,2016,3.466465712,%,E,false
Water use,Pressure on water resources,SDG 6.4.2. Water Stress,Brunei Darussalam,2017,3.466465712,%,E,false
Water use,Pressure on water resources,SDG 6.4.2. Water Stress,Brunei Darussalam,2018,3.466465712,%,E,false
Water use,Pressure on water resources,SDG 6.4.2. Water Stress,Brunei Darussalam,2019,3.466465712,%,E,false
Water use,Pressure on water resources,SDG 6.4.2. Water Stress,Brunei Darussalam,2020,3.466465712,%,E,false
Water use,Pressure on water resources,SDG 6.4.2. Water Stress,Brunei Darussalam,2021,3.466465712,%,E,false
Water use,Pressure on water resources,SDG 6.4.2. Water Stress,Brunei Darussalam,2022,3.466465712,%,E,false
Water use,Pressure on water resources,SDG 6.4.2. Water Stress,Bulgaria,2016,42.05041023,%,E,false
Water use,Pressure on water resources,SDG 6.4.2. Water Stress,Bulgaria,2017,41.821272821,%,E,false
Water use,Pressure on water resources,SDG 6.4.2. Water Stress,Bulgaria,2018,40.099046493,%,E,false
Water use,Pressure on water resources,SDG 6.4.2. Water Stress,Bulgaria,2019,40.076871905,%,E,false
Water use,Pressure on water resources,SDG 6.4.2. Water Stress,Bulgaria,2020,36.728509129,%,E,false
Water use,Pressure on water resources,SDG 6.4.2. Water Stress,Bulgaria,2021,38.52465075,%,E,false
Water use,Pressure on water resources,SDG 6.4.2. Water Stress,Bulgaria,2022,40.235300924,%,E,false
Water use,Pressure on water resources,SDG 6.4.2. Water Stress,Burkina Faso,2016,7.820267686,%,E,false
Water use,Pressure on water resources,SDG 6.4.2. Water Stress,Burkina Faso,2017,7.820267686,%,E,false
Water use,Pressure on water resources,SDG 6.4.2. Water Stress,Burkina Faso,2018,7.820267686,%,E,false
Water use,Pressure on water resources,SDG 6.4.2. Water Stress,Burkina Faso,2019,7.820267686,%,E,false
Water use,Pressure on water resources,SDG 6.4.2. Water Stress,Burkina Faso,2020,7.820267686,%,E,false
Water use,Pressure on water resources,SDG 6.4.2. Water Stress,Burkina Faso,2021,7.820267686,%,E,false
Water use,Pressure on water resources,SDG 6.4.2. Water Stress,Burkina Faso,2022,7.820267686,%,E,false
Water use,Pressure on water resources,SDG 6.4.2. Water Stress,Burundi,2016,10.19286754,%,E,false
Water use,Pressure on water resources,SDG 6.4.2. Water Stress,Burundi,2017,10.19286754,%,E,false
Water use,Pressure on water resources,SDG 6.4.2. Water Stress,Burundi,2018,10.19286754,%,E,false
Water use,Pressure on water resources,SDG 6.4.2. Water Stress,Burundi,2019,10.19286754,%,E,false
Water use,Pressure on water resources,SDG 6.4.2. Water Stress,Burundi,2020,10.19286754,%,E,false
Water use,Pressure on water resources,SDG 6.4.2. Water Stress,Burundi,2021,10.19286754,%,E,false
Water use,Pressure on water resources,SDG 6.4.2. Water Stress,Burundi,2022,10.19286754,%,E,false
Water use,Pressure on water resources,SDG 6.4.2. Water Stress,Cabo Verde,2016,39.652858556,%,E,false
Water use,Pressure on water resources,SDG 6.4.2. Water Stress,Cabo Verde,2017,42.020933482,%,E,false
Water use,Pressure on water resources,SDG 6.4.2. Water Stress,Cabo Verde,2018,44.389008407,%,E,false
Water use,Pressure on water resources,SDG 6.4.2. Water Stress,Cabo Verde,2019,48.95751,%,E,false
Water use,Pressure on water resources,SDG 6.4.2. Water Stress,Cabo Verde,2020,68.943736667,%,E,false
Water use,Pressure on water resources,SDG 6.4.2. Water Stress,Cabo Verde,2021,57.177506667,%,E,false
Water use,Pressure on water resources,SDG 6.4.2. Water Stress,Cabo Verde,2022,59.68371,%,E,false
Water use,Pressure on water resources,SDG 6.4.2. Water Stress,Cambodia,2016,1.03654485,%,E,false
Water use,Pressure on water resources,SDG 6.4.2. Water Stress,Cambodia,2017,1.03654485,%,E,false
Water use,Pressure on water resources,SDG 6.4.2. Water Stress,Cambodia,2018,1.03654485,%,E,false
Water use,Pressure on water resources,SDG 6.4.2. Water Stress,Cambodia,2019,1.03654485,%,E,false
Water use,Pressure on water resources,SDG 6.4.2. Water Stress,Cambodia,2020,1.03654485,%,E,false
Water use,Pressure on water resources,SDG 6.4.2. Water Stress,Cambodia,2021,1.03654485,%,E,false
Water use,Pressure on water resources,SDG 6.4.2. Water Stress,Cambodia,2022,1.03654485,%,E,false
Water use,Pressure on water resources,SDG 6.4.2. Water Stress,Cameroon,2016,1.560430107,%,E,false
Water use,Pressure on water resources,SDG 6.4.2. Water Stress,Cameroon,2017,1.560430107,%,E,false
Water use,Pressure on water resources,SDG 6.4.2. Water Stress,Cameroon,2018,1.560430107,%,E,false
Water use,Pressure on water resources,SDG 6.4.2. Water Stress,Cameroon,2019,1.560430107,%,E,false
Water use,Pressure on water resources,SDG 6.4.2. Water Stress,Cameroon,2020,1.560430107,%,E,false
Water use,Pressure on water resources,SDG 6.4.2. Water Stress,Cameroon,2021,1.560430107,%,E,false
Water use,Pressure on water resources,SDG 6.4.2. Water Stress,Cameroon,2022,1.560430107,%,E,false
Water use,Pressure on water resources,SDG 6.4.2. Water Stress,Canada,2016,3.706642636,%,E,false
Water use,Pressure on water resources,SDG 6.4.2. Water Stress,Canada,2017,3.733573635,%,E,false
Water use,Pressure on water resources,SDG 6.4.2. Water Stress,Canada,2018,3.733573635,%,E,false
Water use,Pressure on water resources,SDG 6.4.2. Water Stress,Canada,2019,3.733573635,%,E,false
Water use,Pressure on water resources,SDG 6.4.2. Water Stress,Canada,2020,3.733573635,%,E,false
Water use,Pressure on water resources,SDG 6.4.2. Water Stress,Canada,2021,3.720700309,%,E,false
Water use,Pressure on water resources,SDG 6.4.2. Water Stress,Canada,2022,3.720700309,%,E,false
Water use,Pressure on water resources,SDG 6.4.2. Water Stress,Central African Republic,2016,0.335648148,%,E,false
Water use,Pressure on water resources,SDG 6.4.2. Water Stress,Central African Republic,2017,0.335648148,%,E,false
Water use,Pressure on water resources,SDG 6.4.2. Water Stress,Central African Republic,2018,0.335648148,%,E,false
Water use,Pressure on water resources,SDG 6.4.2. Water Stress,Central African Republic,2019,0.335648148,%,E,false
Water use,Pressure on water resources,SDG 6.4.2. Water Stress,Central African Republic,2020,0.335648148,%,E,false
Water use,Pressure on water resources,SDG 6.4.2. Water Stress,Central African Republic,2021,0.335648148,%,E,false
Water use,Pressure on water resources,SDG 6.4.2. Water Stress,Central African Republic,2022,0.335648148,%,E,false
Water use,Pressure on water resources,SDG 6.4.2. Water Stress,Central Asia,2016,75.413655777,%,E,true
Water use,Pressure on water resources,SDG 6.4.2. Water Stress,Central Asia,2017,78.62953866,%,E,true
Water use,Pressure on water resources,SDG 6.4.2. Water Stress,Central Asia,2018,77.331694635,%,E,true
Water use,Pressure on water resources,SDG 6.4.2. Water Stress,Central Asia,2019,76.489925815,%,E,true
Water use,Pressure on water resources,SDG 6.4.2. Water Stress,Central Asia,2020,74.402771298,%,E,true
Water use,Pressure on water resources,SDG 6.4.2. Water Stress,Central Asia,2021,69.67652571,%,E,true
Water use,Pressure on water resources,SDG 6.4.2. Water Stress,Central Asia,2022,70.206729529,%,E,true
Water use,Pressure on water resources,SDG 6.4.2. Water Stress,Central and Southern Asia,2016,71.312577389,%,E,true
Water use,Pressure on water resources,SDG 6.4.2. Water Stress,Central and Southern Asia,2017,71.647239621,%,E,true
Water use,Pressure on water resources,SDG 6.4.2. Water Stress,Central and Southern Asia,2018,71.064922957,%,E,true
Water use,Pressure on water resources,SDG 6.4.2. Water Stress,Central and Southern Asia,2019,70.002793428,%,E,true
Water use,Pressure on water resources,SDG 6.4.2. Water Stress,Central and Southern Asia,2020,70.574456203,%,E,true
Water use,Pressure on water resources,SDG 6.4.2. Water Stress,Central and Southern Asia,2021,69.761307367,%,E,true
Water use,Pressure on water resources,SDG 6.4.2. Water Stress,Central and Southern Asia,2022,69.510381072,%,E,true
Water use,Pressure on water resources,SDG 6.4.2. Water Stress,Chad,2016,4.294921875,%,E,false
Water use,Pressure on water resources,SDG 6.4.2. Water Stress,Chad,2017,4.294921875,%,E,false
Water use,Pressure on water resources,SDG 6.4.2. Water Stress,Chad,2018,4.294921875,%,E,false
Water use,Pressure on water resources,SDG 6.4.2. Water Stress,Chad,2019,4.294921875,%,E,false
Water use,Pressure on water resources,SDG 6.4.2. Water Stress,Chad,2020,4.294921875,%,E,false
Water use,Pressure on water resources,SDG 6.4.2. Water Stress,Chad,2021,4.294921875,%,E,false
Water use,Pressure on water resources,SDG 6.4.2. Water Stress,Chad,2022,4.294921875,%,E,false
Water use,Pressure on water resources,SDG 6.4.2. Water Stress,Chile,2016,8.982121089,%,E,false
Water use,Pressure on water resources,SDG 6.4.2. Water Stress,Chile,2017,8.982121089,%,E,false
Water use,Pressure on water resources,SDG 6.4.2. Water Stress,Chile,2018,8.982121089,%,E,false
Water use,Pressure on water resources,SDG 6.4.2. Water Stress,Chile,2019,8.982121089,%,E,false
Water use,Pressure on water resources,SDG 6.4.2. Water Stress,Chile,2020,8.982121089,%,E,false
Water use,Pressure on water resources,SDG 6.4.2. Water Stress,Chile,2021,8.982121089,%,E,false
Water use,Pressure on water resources,SDG 6.4.2. Water Stress,Chile,2022,8.982121089,%,E,false
Water use,Pressure on water resources,SDG 6.4.2. Water Stress,China,2016,44.11416719,%,E,false
Water use,Pressure on water resources,SDG 6.4.2. Water Stress,China,2017,43.544499788,%,E,false
Water use,Pressure on water resources,SDG 6.4.2. Water Stress,China,2018,43.302756314,%,E,false
Water use,Pressure on water resources,SDG 6.4.2. Water Stress,China,2019,43.212193804,%,E,false
Water use,Pressure on water resources,SDG 6.4.2. Water Stress,China,2020,41.518528797,%,E,false
Water use,Pressure on water resources,SDG 6.4.2. Water Stress,China,2021,41.518528797,%,E,false
Water use,Pressure on water resources,SDG 6.4.2. Water Stress,China,2022,41.518528797,%,E,false
Water use,Pressure on water resources,SDG 6.4.2. Water Stress,Colombia,2016,3.002875749,%,E,false
Water use,Pressure on water resources,SDG 6.4.2. Water Stress,Colombia,2017,3.154613772,%,E,false
Water use,Pressure on water resources,SDG 6.4.2. Water Stress,Colombia,2018,3.204803892,%,E,false
Water use,Pressure on water resources,SDG 6.4.2. Water Stress,Colombia,2019,3.272073353,%,E,false
Water use,Pressure on water resources,SDG 6.4.2. Water Stress,Colombia,2020,3.392555389,%,E,false
Water use,Pressure on water resources,SDG 6.4.2. Water Stress,Colombia,2021,3.52426497,%,E,false
Water use,Pressure on water resources,SDG 6.4.2. Water Stress,Colombia,2022,3.632281437,%,E,false
Water use,Pressure on water resources,SDG 6.4.2. Water Stress,Comoros,2016,0.833333333,%,I,false
Water use,Pressure on water resources,SDG 6.4.2. Water Stress,Comoros,2017,0.833333333,%,I,false
Water use,Pressure on water resources,SDG 6.4.2. Water Stress,Comoros,2018,0.833333333,%,I,false
Water use,Pressure on water resources,SDG 6.4.2. Water Stress,Comoros,2019,0.833333333,%,I,false
Water use,Pressure on water resources,SDG 6.4.2. Water Stress,Comoros,2020,0.833333333,%,I,false
Water use,Pressure on water resources,SDG 6.4.2. Water Stress,Comoros,2021,0.833333333,%,I,false
Water use,Pressure on water resources,SDG 6.4.2. Water Stress,Comoros,2022,0.833333333,%,I,false
Water use,Pressure on water resources,SDG 6.4.2. Water Stress,Congo,2016,0.027446301,%,E,false
Water use,Pressure on water resources,SDG 6.4.2. Water Stress,Congo,2017,0.027446301,%,E,false
Water use,Pressure on water resources,SDG 6.4.2. Water Stress,Congo,2018,0.027446301,%,E,false
Water use,Pressure on water resources,SDG 6.4.2. Water Stress,Congo,2019,0.027446301,%,E,false
Water use,Pressure on water resources,SDG 6.4.2. Water Stress,Congo,2020,0.027446301,%,E,false
Water use,Pressure on water resources,SDG 6.4.2. Water Stress,Congo,2021,0.027446301,%,E,false
Water use,Pressure on water resources,SDG 6.4.2. Water Stress,Congo,2022,0.027446301,%,E,false
Water use,Pressure on water resources,SDG 6.4.2. Water Stress,Costa Rica,2016,4.987559727,%,E,false
Water use,Pressure on water resources,SDG 6.4.2. Water Stress,Costa Rica,2017,4.163822526,%,E,false
Water use,Pressure on water resources,SDG 6.4.2. Water Stress,Costa Rica,2018,5.211023891,%,E,false
Water use,Pressure on water resources,SDG 6.4.2. Water Stress,Costa Rica,2019,5.355170648,%,E,false
Water use,Pressure on water resources,SDG 6.4.2. Water Stress,Costa Rica,2020,5.351672355,%,E,false
Water use,Pressure on water resources,SDG 6.4.2. Water Stress,Costa Rica,2021,5.881962457,%,E,false
Water use,Pressure on water resources,SDG 6.4.2. Water Stress,Costa Rica,2022,5.881962457,%,E,false
Water use,Pressure on water resources,SDG 6.4.2. Water Stress,Croatia,2016,1.415320142,%,E,false
Water use,Pressure on water resources,SDG 6.4.2. Water Stress,Croatia,2017,1.502830147,%,E,false
Water use,Pressure on water resources,SDG 6.4.2. Water Stress,Croatia,2018,1.486674077,%,E,false
Water use,Pressure on water resources,SDG 6.4.2. Water Stress,Croatia,2019,1.493997332,%,E,false
Water use,Pressure on water resources,SDG 6.4.2. Water Stress,Croatia,2020,1.462872388,%,E,false
Water use,Pressure on water resources,SDG 6.4.2. Water Stress,Croatia,2021,1.47843486,%,E,false
Water use,Pressure on water resources,SDG 6.4.2. Water Stress,Croatia,2022,1.509559804,%,E,false
Water use,Pressure on water resources,SDG 6.4.2. Water Stress,Cuba,2016,23.939446069,%,E,false
Water use,Pressure on water resources,SDG 6.4.2. Water Stress,Cuba,2017,23.939446069,%,E,false
Water use,Pressure on water resources,SDG 6.4.2. Water Stress,Cuba,2018,23.939446069,%,E,false
Water use,Pressure on water resources,SDG 6.4.2. Water Stress,Cuba,2019,23.939446069,%,E,false
Water use,Pressure on water resources,SDG 6.4.2. Water Stress,Cuba,2020,23.939446069,%,E,false
Water use,Pressure on water resources,SDG 6.4.2. Water Stress,Cuba,2021,23.939446069,%,E,false
Water use,Pressure on water resources,SDG 6.4.2. Water Stress,Cuba,2022,23.939446069,%,E,false
Water use,Pressure on water resources,SDG 6.4.2. Water Stress,Cyprus,2016,29.797703663,%,E,false
Water use,Pressure on water resources,SDG 6.4.2. Water Stress,Cyprus,2017,29.524330235,%,E,false
Water use,Pressure on water resources,SDG 6.4.2. Water Stress,Cyprus,2018,28.294149809,%,E,false
Water use,Pressure on water resources,SDG 6.4.2. Water Stress,Cyprus,2019,27.610716238,%,E,false
Water use,Pressure on water resources,SDG 6.4.2. Water Stress,Cyprus,2020,31.574630946,%,E,false
Water use,Pressure on water resources,SDG 6.4.2. Water Stress,Cyprus,2021,32.121377802,%,E,false
Water use,Pressure on water resources,SDG 6.4.2. Water Stress,Cyprus,2022,30.481137234,%,E,false
Water use,Pressure on water resources,SDG 6.4.2. Water Stress,Czechia,2016,24.860097324,%,E,false
Water use,Pressure on water resources,SDG 6.4.2. Water Stress,Czechia,2017,24.787104623,%,E,false
Water use,Pressure on water resources,SDG 6.4.2. Water Stress,Czechia,2018,24.178832117,%,E,false
Water use,Pressure on water resources,SDG 6.4.2. Water Stress,Czechia,2019,22.901459854,%,E,false
Water use,Pressure on water resources,SDG 6.4.2. Water Stress,Czechia,2020,20.772506083,%,E,false
Water use,Pressure on water resources,SDG 6.4.2. Water Stress,Czechia,2021,20.513990268,%,E,false
Water use,Pressure on water resources,SDG 6.4.2. Water Stress,Czechia,2022,21.973844282,%,E,false
Water use,Pressure on water resources,SDG 6.4.2. Water Stress,Côte d'Ivoire,2016,5.087565674,%,E,false
Water use,Pressure on water resources,SDG 6.4.2. Water Stress,Côte d'Ivoire,2017,5.087565674,%,E,false
Water use,Pressure on water resources,SDG 6.4.2. Water Stress,Côte d'Ivoire,2018,5.087565674,%,E,false
Water use,Pressure on water resources,SDG 6.4.2. Water Stress,Côte d'Ivoire,2019,5.087565674,%,E,false
Water use,Pressure on water resources,SDG 6.4.2. Water Stress,Côte d'Ivoire,2020,5.087565674,%,E,false
Water use,Pressure on water resources,SDG 6.4.2. Water Stress,Côte d'Ivoire,2021,5.087565674,%,E,false
Water use,Pressure on water resources,SDG 6.4.2. Water Stress,Côte d'Ivoire,2022,5.087565674,%,E,false
Water use,Pressure on water resources,SDG 6.4.2. Water Stress,Democratic People's Republic of Korea,2016,27.740467799,%,E,false
Water use,Pressure on water resources,SDG 6.4.2. Water Stress,Democratic People's Republic of Korea,2017,27.740467799,%,E,false
Water use,Pressure on water resources,SDG 6.4.2. Water Stress,Democratic People's Republic of Korea,2018,27.740467799,%,E,false
Water use,Pressure on water resources,SDG 6.4.2. Water Stress,Democratic People's Republic of Korea,2019,27.740467799,%,E,false
Water use,Pressure on water resources,SDG 6.4.2. Water Stress,Democratic People's Republic of Korea,2020,27.740467799,%,E,false
Water use,Pressure on water resources,SDG 6.4.2. Water Stress,Democratic People's Republic of Korea,2021,27.740467799,%,E,false
Water use,Pressure on water resources,SDG 6.4.2. Water Stress,Democratic People's Republic of Korea,2022,27.740467799,%,E,false
Water use,Pressure on water resources,SDG 6.4.2. Water Stress,Democratic Republic of the Congo,2016,0.226883505,%,E,false
Water use,Pressure on water resources,SDG 6.4.2. Water Stress,Democratic Republic of the Congo,2017,0.226883505,%,E,false
Water use,Pressure on water resources,SDG 6.4.2. Water Stress,Democratic Republic of the Congo,2018,0.226883505,%,E,false
Water use,Pressure on water resources,SDG 6.4.2. Water Stress,Democratic Republic of the Congo,2019,0.226883505,%,E,false
Water use,Pressure on water resources,SDG 6.4.2. Water Stress,Democratic Republic of the Congo,2020,0.226883505,%,E,false
Water use,Pressure on water resources,SDG 6.4.2. Water Stress,Democratic Republic of the Congo,2021,0.226883505,%,E,false
Water use,Pressure on water resources,SDG 6.4.2. Water Stress,Democratic Republic of the Congo,2022,0.226883505,%,E,false
Water use,Pressure on water resources,SDG 6.4.2. Water Stress,Denmark,2016,23.985803137,%,E,false
Water use,Pressure on water resources,SDG 6.4.2. Water Stress,Denmark,2017,24.22385073,%,E,false
Water use,Pressure on water resources,SDG 6.4.2. Water Stress,Denmark,2018,29.903109789,%,E,false
Water use,Pressure on water resources,SDG 6.4.2. Water Stress,Denmark,2019,25.570416441,%,E,false
Water use,Pressure on water resources,SDG 6.4.2. Water Stress,Denmark,2020,25.615927528,%,E,false
Water use,Pressure on water resources,SDG 6.4.2. Water Stress,Denmark,2021,25.937398594,%,E,false
Water use,Pressure on water resources,SDG 6.4.2. Water Stress,Denmark,2022,25.266360195,%,E,false
Water use,Pressure on water resources,SDG 6.4.2. Water Stress,Djibouti,2016,6.333333333,%,I,false
Water use,Pressure on water resources,SDG 6.4.2. Water Stress,Djibouti,2017,6.333333333,%,I,false
Water use,Pressure on water resources,SDG 6.4.2. Water Stress,Djibouti,2018,6.333333333,%,I,false
Water use,Pressure on water resources,SDG 6.4.2. Water Stress,Djibouti,2019,6.333333333,%,I,false
Water use,Pressure on water resources,SDG 6.4.2. Water Stress,Djibouti,2020,6.333333333,%,I,false
Water use,Pressure on water resources,SDG 6.4.2. Water Stress,Djibouti,2021,6.333333333,%,I,false
Water use,Pressure on water resources,SDG 6.4.2. Water Stress,Djibouti,2022,6.333333333,%,I,false
Water use,Pressure on water resources,SDG 6.4.2. Water Stress,Dominica,2016,10,%,I,false
Water use,Pressure on water resources,SDG 6.4.2. Water Stress,Dominica,2017,10,%,I,false
Water use,Pressure on water resources,SDG 6.4.2. Water Stress,Dominica,2018,10,%,I,false
Water use,Pressure on water resources,SDG 6.4.2. Water Stress,Dominica,2019,10,%,I,false
Water use,Pressure on water resources,SDG 6.4.2. Water Stress,Dominica,2020,10,%,I,false
Water use,Pressure on water resources,SDG 6.4.2. Water Stress,Dominica,2021,10,%,I,false
Water use,Pressure on water resources,SDG 6.4.2. Water Stress,Dominica,2022,10,%,I,false
Water use,Pressure on water resources,SDG 6.4.2. Water Stress,Dominican Republic,2016,39.553314121,%,E,false
Water use,Pressure on water resources,SDG 6.4.2. Water Stress,Dominican Republic,2017,39.553314121,%,E,false
Water use,Pressure on water resources,SDG 6.4.2. Water Stress,Dominican Republic,2018,39.553314121,%,E,false
Water use,Pressure on water resources,SDG 6.4.2. Water Stress,Dominican Republic,2019,39.553314121,%,E,false
Water use,Pressure on water resources,SDG 6.4.2. Water Stress,Dominican Republic,2020,39.553314121,%,E,false
Water use,Pressure on water resources,SDG 6.4.2. Water Stress,Dominican Republic,2021,39.553314121,%,E,false
Water use,Pressure on water resources,SDG 6.4.2. Water Stress,Dominican Republic,2022,39.553314121,%,E,false
Water use,Pressure on water resources,SDG 6.4.2. Water Stress,Eastern Asia,2016,46.430442615,%,E,true
Water use,Pressure on water resources,SDG 6.4.2. Water Stress,Eastern Asia,2017,45.903143427,%,E,true
Water use,Pressure on water resources,SDG 6.4.2. Water Stress,Eastern Asia,2018,45.677433652,%,E,true
Water use,Pressure on water resources,SDG 6.4.2. Water Stress,Eastern Asia,2019,45.552682381,%,E,true
Water use,Pressure on water resources,SDG 6.4.2. Water Stress,Eastern Asia,2020,44.145050767,%,E,true
Water use,Pressure on water resources,SDG 6.4.2. Water Stress,Eastern Asia,2021,44.145050767,%,E,true
Water use,Pressure on water resources,SDG 6.4.2. Water Stress,Eastern Asia,2022,44.145050767,%,E,true
Water use,Pressure on water resources,SDG 6.4.2. Water Stress,Eastern and South-Eastern Asia,2016,31.33721491,%,E,true
Water use,Pressure on water resources,SDG 6.4.2. Water Stress,Eastern and South-Eastern Asia,2017,31.241866336,%,E,true
Water use,Pressure on water resources,SDG 6.4.2. Water Stress,Eastern and South-Eastern Asia,2018,31.160996116,%,E,true
Water use,Pressure on water resources,SDG 6.4.2. Water Stress,Eastern and South-Eastern Asia,2019,30.95414382,%,E,true
Water use,Pressure on water resources,SDG 6.4.2. Water Stress,Eastern and South-Eastern Asia,2020,30.431115283,%,E,true
Water use,Pressure on water resources,SDG 6.4.2. Water Stress,Eastern and South-Eastern Asia,2021,30.466327564,%,E,true
Water use,Pressure on water resources,SDG 6.4.2. Water Stress,Eastern and South-Eastern Asia,2022,30.51470262,%,E,true
Water use,Pressure on water resources,SDG 6.4.2. Water Stress,Ecuador,2016,6.782352941,%,E,false
Water use,Pressure on water resources,SDG 6.4.2. Water Stress,Ecuador,2017,6.782352941,%,E,false
Water use,Pressure on water resources,SDG 6.4.2. Water Stress,Ecuador,2018,6.782352941,%,E,false
Water use,Pressure on water resources,SDG 6.4.2. Water Stress,Ecuador,2019,6.782352941,%,E,false
Water use,Pressure on water resources,SDG 6.4.2. Water Stress,Ecuador,2020,6.782352941,%,E,false
Water use,Pressure on water resources,SDG 6.4.2. Water Stress,Ecuador,2021,6.782352941,%,E,false
Water use,Pressure on water resources,SDG 6.4.2. Water Stress,Ecuador,2022,6.782352941,%,E,false
Water use,Pressure on water resources,SDG 6.4.2. Water Stress,Egypt,2016,110.473588342,%,E,false
Water use,Pressure on water resources,SDG 6.4.2. Water Stress,Egypt,2017,141.16575592,%,E,false
Water use,Pressure on water resources,SDG 6.4.2. Water Stress,Egypt,2018,141.16575592,%,E,false
Water use,Pressure on water resources,SDG 6.4.2. Water Stress,Egypt,2019,141.16575592,%,E,false
Water use,Pressure on water resources,SDG 6.4.2. Water Stress,Egypt,2020,141.16575592,%,E,false
Water use,Pressure on water resources,SDG 6.4.2. Water Stress,Egypt,2021,141.16575592,%,E,false
Water use,Pressure on water resources,SDG 6.4.2. Water Stress,Egypt,2022,141.16575592,%,E,false
Water use,Pressure on water resources,SDG 6.4.2. Water Stress,El Salvador,2016,12.488257,%,E,false
Water use,Pressure on water resources,SDG 6.4.2. Water Stress,El Salvador,2017,12.422396169,%,E,false
Water use,Pressure on water resources,SDG 6.4.2. Water Stress,El Salvador,2018,12.356535338,%,E,false
Water use,Pressure on water resources,SDG 6.4.2. Water Stress,El Salvador,2019,12.290674507,%,E,false
Water use,Pressure on water resources,SDG 6.4.2. Water Stress,El Salvador,2020,12.224813677,%,E,false
Water use,Pressure on water resources,SDG 6.4.2. Water Stress,El Salvador,2021,12.158952846,%,E,false
Water use,Pressure on water resources,SDG 6.4.2. Water Stress,El Salvador,2022,12.093092015,%,E,false
Water use,Pressure on water resources,SDG 6.4.2. Water Stress,Equatorial Guinea,2016,0.183503244,%,E,false
Water use,Pressure on water resources,SDG 6.4.2. Water Stress,Equatorial Guinea,2017,0.183503244,%,E,false
Water use,Pressure on water resources,SDG 6.4.2. Water Stress,Equatorial Guinea,2018,0.183503244,%,E,false
Water use,Pressure on water resources,SDG 6.4.2. Water Stress,Equatorial Guinea,2019,0.183503244,%,E,false
Water use,Pressure on water resources,SDG 6.4.2. Water Stress,Equatorial Guinea,2020,0.183503244,%,E,false
Water use,Pressure on water resources,SDG 6.4.2. Water Stress,Equatorial Guinea,2021,0.183503244,%,E,false
Water use,Pressure on water resources,SDG 6.4.2. Water Stress,Equatorial Guinea,2022,0.183503244,%,E,false
Water use,Pressure on water resources,SDG 6.4.2. Water Stress,Eritrea,2016,11.175115207,%,E,false
Water use,Pressure on water resources,SDG 6.4.2. Water Stress,Eritrea,2017,11.175115207,%,E,false
Water use,Pressure on water resources,SDG 6.4.2. Water Stress,Eritrea,2018,11.175115207,%,E,false
Water use,Pressure on water resources,SDG 6.4.2. Water Stress,Eritrea,2019,11.175115207,%,E,false
Water use,Pressure on water resources,SDG 6.4.2. Water Stress,Eritrea,2020,11.175115207,%,E,false
Water use,Pressure on water resources,SDG 6.4.2. Water Stress,Eritrea,2021,11.175115207,%,E,false
Water use,Pressure on water resources,SDG 6.4.2. Water Stress,Eritrea,2022,11.175115207,%,E,false
Water use,Pressure on water resources,SDG 6.4.2. Water Stress,Estonia,2016,18.954545454,%,E,false
Water use,Pressure on water resources,SDG 6.4.2. Water Stress,Estonia,2017,19.317099567,%,E,false
Water use,Pressure on water resources,SDG 6.4.2. Water Stress,Estonia,2018,17.408441558,%,E,false
Water use,Pressure on water resources,SDG 6.4.2. Water Stress,Estonia,2019,10.892316017,%,E,false
Water use,Pressure on water resources,SDG 6.4.2. Water Stress,Estonia,2020,9.231085498,%,E,false
Water use,Pressure on water resources,SDG 6.4.2. Water Stress,Estonia,2021,10.819801331,%,E,false
Water use,Pressure on water resources,SDG 6.4.2. Water Stress,Estonia,2022,13.046285195,%,E,false
Water use,Pressure on water resources,SDG 6.4.2. Water Stress,Eswatini,2016,77.559912854,%,E,false
Water use,Pressure on water resources,SDG 6.4.2. Water Stress,Eswatini,2017,77.559912854,%,E,false
Water use,Pressure on water resources,SDG 6.4.2. Water Stress,Eswatini,2018,77.559912854,%,E,false
Water use,Pressure on water resources,SDG 6.4.2. Water Stress,Eswatini,2019,77.559912854,%,E,false
Water use,Pressure on water resources,SDG 6.4.2. Water Stress,Eswatini,2020,77.559912854,%,E,false
Water use,Pressure on water resources,SDG 6.4.2. Water Stress,Eswatini,2021,77.559912854,%,E,false
Water use,Pressure on water resources,SDG 6.4.2. Water Stress,Eswatini,2022,77.559912854,%,E,false
Water use,Pressure on water resources,SDG 6.4.2. Water Stress,Ethiopia,2016,32.262996942,%,E,false
Water use,Pressure on water resources,SDG 6.4.2. Water Stress,Ethiopia,2017,32.257186544,%,E,false
Water use,Pressure on water resources,SDG 6.4.2. Water Stress,Ethiopia,2018,32.257186544,%,E,false
Water use,Pressure on water resources,SDG 6.4.2. Water Stress,Ethiopia,2019,32.257186544,%,E,false
Water use,Pressure on water resources,SDG 6.4.2. Water Stress,Ethiopia,2020,32.257186544,%,E,false
Water use,Pressure on water resources,SDG 6.4.2. Water Stress,Ethiopia,2021,32.257186544,%,E,false
Water use,Pressure on water resources,SDG 6.4.2. Water Stress,Ethiopia,2022,32.257186544,%,E,false
Water use,Pressure on water resources,SDG 6.4.2. Water Stress,Europe,2016,8.410646244,%,E,true
Water use,Pressure on water resources,SDG 6.4.2. Water Stress,Europe,2017,8.521092273,%,E,true
Water use,Pressure on water resources,SDG 6.4.2. Water Stress,Europe,2018,8.51181961,%,E,true
Water use,Pressure on water resources,SDG 6.4.2. Water Stress,Europe,2019,8.429022801,%,E,true
Water use,Pressure on water resources,SDG 6.4.2. Water Stress,Europe,2020,8.329502859,%,E,true
Water use,Pressure on water resources,SDG 6.4.2. Water Stress,Europe,2021,8.33856019,%,E,true
Water use,Pressure on water resources,SDG 6.4.2. Water Stress,Europe,2022,8.275784035,%,E,true
Water use,Pressure on water resources,SDG 6.4.2. Water Stress,Europe and Northern America,2016,12.319839813,%,E,true
Water use,Pressure on water resources,SDG 6.4.2. Water Stress,Europe and Northern America,2017,12.384635901,%,E,true
Water use,Pressure on water resources,SDG 6.4.2. Water Stress,Europe and Northern America,2018,12.394916091,%,E,true
Water use,Pressure on water resources,SDG 6.4.2. Water Stress,Europe and Northern America,2019,12.349490219,%,E,true
Water use,Pressure on water resources,SDG 6.4.2. Water Stress,Europe and Northern America,2020,12.318073705,%,E,true
Water use,Pressure on water resources,SDG 6.4.2. Water Stress,Europe and Northern America,2021,12.321026644,%,E,true
Water use,Pressure on water resources,SDG 6.4.2. Water Stress,Europe and Northern America,2022,12.286589736,%,E,true
Water use,Pressure on water resources,SDG 6.4.2. Water Stress,Fiji,2016,0.29737303,%,I,false
Water use,Pressure on water resources,SDG 6.4.2. Water Stress,Fiji,2017,0.29737303,%,I,false
Water use,Pressure on water resources,SDG 6.4.2. Water Stress,Fiji,2018,0.29737303,%,I,false
Water use,Pressure on water resources,SDG 6.4.2. Water Stress,Fiji,2019,0.29737303,%,I,false
Water use,Pressure on water resources,SDG 6.4.2. Water Stress,Fiji,2020,0.29737303,%,I,false
Water use,Pressure on water resources,SDG 6.4.2. Water Stress,Fiji,2021,0.29737303,%,I,false
Water use,Pressure on water resources,SDG 6.4.2. Water Stress,Fiji,2022,0.29737303,%,I,false
Water use,Pressure on water resources,SDG 6.4.2. Water Stress,Finland,2016,5.454114299,%,E,false
Water use,Pressure on water resources,SDG 6.4.2. Water Stress,Finland,2017,5.454114299,%,E,false
Water use,Pressure on water resources,SDG 6.4.2. Water Stress,Finland,2018,6.639791321,%,E,false
Water use,Pressure on water resources,SDG 6.4.2. Water Stress,Finland,2019,7.114062129,%,E,false
Water use,Pressure on water resources,SDG 6.4.2. Water Stress,Finland,2020,7.114062129,%,E,false
Water use,Pressure on water resources,SDG 6.4.2. Water Stress,Finland,2021,7.114062129,%,E,false
Water use,Pressure on water resources,SDG 6.4.2. Water Stress,Finland,2022,7.114062129,%,E,false
Water use,Pressure on water resources,SDG 6.4.2. Water Stress,France,2016,23.142782106,%,E,false
Water use,Pressure on water resources,SDG 6.4.2. Water Stress,France,2017,23.589249759,%,E,false
Water use,Pressure on water resources,SDG 6.4.2. Water Stress,France,2018,23.569048683,%,E,false
Water use,Pressure on water resources,SDG 6.4.2. Water Stress,France,2019,22.94676191,%,E,false
Water use,Pressure on water resources,SDG 6.4.2. Water Stress,France,2020,21.598137074,%,E,false
Water use,Pressure on water resources,SDG 6.4.2. Water Stress,France,2021,21.384627156,%,E,false
Water use,Pressure on water resources,SDG 6.4.2. Water Stress,France,2022,21.384627156,%,E,false
Water use,Pressure on water resources,SDG 6.4.2. Water Stress,Gabon,2016,0.502166065,%,E,false
Water use,Pressure on water resources,SDG 6.4.2. Water Stress,Gabon,2017,0.502166065,%,E,false
Water use,Pressure on water resources,SDG 6.4.2. Water Stress,Gabon,2018,0.502166065,%,E,false
Water use,Pressure on water resources,SDG 6.4.2. Water Stress,Gabon,2019,0.502166065,%,E,false
Water use,Pressure on water resources,SDG 6.4.2. Water Stress,Gabon,2020,0.502166065,%,E,false
Water use,Pressure on water resources,SDG 6.4.2. Water Stress,Gabon,2021,0.502166065,%,E,false
Water use,Pressure on water resources,SDG 6.4.2. Water Stress,Gabon,2022,0.502166065,%,E,false
Water use,Pressure on water resources,SDG 6.4.2. Water Stress,Gambia,2016,2.209656372,%,E,false
Water use,Pressure on water resources,SDG 6.4.2. Water Stress,Gambia,2017,2.209656372,%,E,false
Water use,Pressure on water resources,SDG 6.4.2. Water Stress,Gambia,2018,2.209656372,%,E,false
Water use,Pressure on water resources,SDG 6.4.2. Water Stress,Gambia,2019,2.209656372,%,E,false
Water use,Pressure on water resources,SDG 6.4.2. Water Stress,Gambia,2020,2.209656372,%,E,false
Water use,Pressure on water resources,SDG 6.4.2. Water Stress,Gambia,2021,2.209656372,%,E,false
Water use,Pressure on water resources,SDG 6.4.2. Water Stress,Gambia,2022,2.209656372,%,E,false
Water use,Pressure on water resources,SDG 6.4.2. Water Stress,Georgia,2016,5.173127036,%,E,false
Water use,Pressure on water resources,SDG 6.4.2. Water Stress,Georgia,2017,4.477296417,%,E,false
Water use,Pressure on water resources,SDG 6.4.2. Water Stress,Georgia,2018,4.205602606,%,E,false
Water use,Pressure on water resources,SDG 6.4.2. Water Stress,Georgia,2019,5.120977199,%,E,false
Water use,Pressure on water resources,SDG 6.4.2. Water Stress,Georgia,2020,5.386710098,%,E,false
Water use,Pressure on water resources,SDG 6.4.2. Water Stress,Georgia,2021,5.240977199,%,E,false
Water use,Pressure on water resources,SDG 6.4.2. Water Stress,Georgia,2022,4.212964169,%,E,false
Water use,Pressure on water resources,SDG 6.4.2. Water Stress,Germany,2016,33.50191886,%,E,false
Water use,Pressure on water resources,SDG 6.4.2. Water Stress,Germany,2017,38.032351974,%,E,false
Water use,Pressure on water resources,SDG 6.4.2. Water Stress,Germany,2018,36.898484101,%,E,false
Water use,Pressure on water resources,SDG 6.4.2. Water Stress,Germany,2019,35.351657072,%,E,false
Water use,Pressure on water resources,SDG 6.4.2. Water Stress,Germany,2020,35.351657072,%,E,false
Water use,Pressure on water resources,SDG 6.4.2. Water Stress,Germany,2021,35.351657072,%,E,false
Water use,Pressure on water resources,SDG 6.4.2. Water Stress,Germany,2022,35.351657072,%,E,false
Water use,Pressure on water resources,SDG 6.4.2. Water Stress,Ghana,2016,6.314734089,%,E,false
Water use,Pressure on water resources,SDG 6.4.2. Water Stress,Ghana,2017,6.314734089,%,E,false
Water use,Pressure on water resources,SDG 6.4.2. Water Stress,Ghana,2018,6.314734089,%,E,false
Water use,Pressure on water resources,SDG 6.4.2. Water Stress,Ghana,2019,6.314734089,%,E,false
Water use,Pressure on water resources,SDG 6.4.2. Water Stress,Ghana,2020,6.314734089,%,E,false
Water use,Pressure on water resources,SDG 6.4.2. Water Stress,Ghana,2021,6.314734089,%,E,false
Water use,Pressure on water resources,SDG 6.4.2. Water Stress,Ghana,2022,6.314734089,%,E,false
Water use,Pressure on water resources,SDG 6.4.2. Water Stress,Greece,2016,20.505765729,%,E,false
Water use,Pressure on water resources,SDG 6.4.2. Water Stress,Greece,2017,20.501719603,%,E,false
Water use,Pressure on water resources,SDG 6.4.2. Water Stress,Greece,2018,20.477442849,%,E,false
Water use,Pressure on water resources,SDG 6.4.2. Water Stress,Greece,2019,20.463281408,%,E,false
Water use,Pressure on water resources,SDG 6.4.2. Water Stress,Greece,2020,20.477442849,%,E,false
Water use,Pressure on water resources,SDG 6.4.2. Water Stress,Greece,2021,20.406635646,%,E,false
Water use,Pressure on water resources,SDG 6.4.2. Water Stress,Greece,2022,20.32571313,%,E,false
Water use,Pressure on water resources,SDG 6.4.2. Water Stress,Grenada,2016,7.05,%,I,false
Water use,Pressure on water resources,SDG 6.4.2. Water Stress,Grenada,2017,7.05,%,I,false
Water use,Pressure on water resources,SDG 6.4.2. Water Stress,Grenada,2018,7.05,%,I,false
Water use,Pressure on water resources,SDG 6.4.2. Water Stress,Grenada,2019,7.05,%,I,false
Water use,Pressure on water resources,SDG 6.4.2. Water Stress,Grenada,2020,7.05,%,I,false
Water use,Pressure on water resources,SDG 6.4.2. Water Stress,Grenada,2021,7.05,%,I,false
Water use,Pressure on water resources,SDG 6.4.2. Water Stress,Grenada,2022,7.05,%,I,false
Water use,Pressure on water resources,SDG 6.4.2. Water Stress,Guatemala,2016,5.742097081,%,E,false
Water use,Pressure on water resources,SDG 6.4.2. Water Stress,Guatemala,2017,5.742097081,%,E,false
Water use,Pressure on water resources,SDG 6.4.2. Water Stress,Guatemala,2018,5.742097081,%,E,false
Water use,Pressure on water resources,SDG 6.4.2. Water Stress,Guatemala,2019,5.742097081,%,E,false
Water use,Pressure on water resources,SDG 6.4.2. Water Stress,Guatemala,2020,5.742097081,%,E,false
Water use,Pressure on water resources,SDG 6.4.2. Water Stress,Guatemala,2021,5.742097081,%,E,false
Water use,Pressure on water resources,SDG 6.4.2. Water Stress,Guatemala,2022,5.742097081,%,E,false
Water use,Pressure on water resources,SDG 6.4.2. Water Stress,Guinea,2016,1.29443787,%,E,false
Water use,Pressure on water resources,SDG 6.4.2. Water Stress,Guinea,2017,1.331834319,%,E,false
Water use,Pressure on water resources,SDG 6.4.2. Water Stress,Guinea,2018,1.369230769,%,E,false
Water use,Pressure on water resources,SDG 6.4.2. Water Stress,Guinea,2019,1.369230769,%,E,false
Water use,Pressure on water resources,SDG 6.4.2. Water Stress,Guinea,2020,1.369230769,%,E,false
Water use,Pressure on water resources,SDG 6.4.2. Water Stress,Guinea,2021,1.369230769,%,E,false
Water use,Pressure on water resources,SDG 6.4.2. Water Stress,Guinea,2022,1.369230769,%,E,false
Water use,Pressure on water resources,SDG 6.4.2. Water Stress,Guinea-Bissau,2016,1.495726496,%,E,false
Water use,Pressure on water resources,SDG 6.4.2. Water Stress,Guinea-Bissau,2017,1.495726496,%,E,false
Water use,Pressure on water resources,SDG 6.4.2. Water Stress,Guinea-Bissau,2018,1.495726496,%,E,false
Water use,Pressure on water resources,SDG 6.4.2. Water Stress,Guinea-Bissau,2019,1.495726496,%,E,false
Water use,Pressure on water resources,SDG 6.4.2. Water Stress,Guinea-Bissau,2020,1.495726496,%,E,false
Water use,Pressure on water resources,SDG 6.4.2. Water Stress,Guinea-Bissau,2021,1.495726496,%,E,false
Water use,Pressure on water resources,SDG 6.4.2. Water Stress,Guinea-Bissau,2022,1.495726496,%,E,false
Water use,Pressure on water resources,SDG 6.4.2. Water Stress,Guyana,2016,3.298401827,%,E,false
Water use,Pressure on water resources,SDG 6.4.2. Water Stress,Guyana,2017,3.298401827,%,E,false
Water use,Pressure on water resources,SDG 6.4.2. Water Stress,Guyana,2018,3.298401827,%,E,false
Water use,Pressure on water resources,SDG 6.4.2. Water Stress,Guyana,2019,3.298401827,%,E,false
Water use,Pressure on water resources,SDG 6.4.2. Water Stress,Guyana,2020,3.298401827,%,E,false
Water use,Pressure on water resources,SDG 6.4.2. Water Stress,Guyana,2021,3.298401827,%,E,false
Water use,Pressure on water resources,SDG 6.4.2. Water Stress,Guyana,2022,3.298401827,%,E,false
Water use,Pressure on water resources,SDG 6.4.2. Water Stress,Haiti,2016,13.383791767,%,E,false
Water use,Pressure on water resources,SDG 6.4.2. Water Stress,Haiti,2017,13.383791767,%,E,false
Water use,Pressure on water resources,SDG 6.4.2. Water Stress,Haiti,2018,13.383791767,%,E,false
Water use,Pressure on water resources,SDG 6.4.2. Water Stress,Haiti,2019,13.383791767,%,E,false
Water use,Pressure on water resources,SDG 6.4.2. Water Stress,Haiti,2020,13.383791767,%,E,false
Water use,Pressure on water resources,SDG 6.4.2. Water Stress,Haiti,2021,13.383791767,%,E,false
Water use,Pressure on water resources,SDG 6.4.2. Water Stress,Haiti,2022,13.383791767,%,E,false
Water use,Pressure on water resources,SDG 6.4.2. Water Stress,Honduras,2016,4.621268764,%,E,false
Water use,Pressure on water resources,SDG 6.4.2. Water Stress,Honduras,2017,4.621268764,%,E,false
Water use,Pressure on water resources,SDG 6.4.2. Water Stress,Honduras,2018,4.621268764,%,E,false
Water use,Pressure on water resources,SDG 6.4.2. Water Stress,Honduras,2019,4.621268764,%,E,false
Water use,Pressure on water resources,SDG 6.4.2. Water Stress,Honduras,2020,4.621268764,%,E,false
Water use,Pressure on water resources,SDG 6.4.2. Water Stress,Honduras,2021,4.621268764,%,E,false
Water use,Pressure on water resources,SDG 6.4.2. Water Stress,Honduras,2022,4.621268764,%,E,false
Water use,Pressure on water resources,SDG 6.4.2. Water Stress,Hungary,2016,6.837651123,%,E,false
Water use,Pressure on water resources,SDG 6.4.2. Water Stress,Hungary,2017,8.180518135,%,E,false
Water use,Pressure on water resources,SDG 6.4.2. Water Stress,Hungary,2018,8.494752155,%,E,false
Water use,Pressure on water resources,SDG 6.4.2. Water Stress,Hungary,2019,7.708246977,%,E,false
Water use,Pressure on water resources,SDG 6.4.2. Water Stress,Hungary,2020,7.739896373,%,E,false
Water use,Pressure on water resources,SDG 6.4.2. Water Stress,Hungary,2021,7.718307427,%,E,false
Water use,Pressure on water resources,SDG 6.4.2. Water Stress,Hungary,2022,8.108497409,%,E,false
Water use,Pressure on water resources,SDG 6.4.2. Water Stress,Iceland,2016,0.353308874,%,E,false
Water use,Pressure on water resources,SDG 6.4.2. Water Stress,Iceland,2017,0.394075282,%,E,false
Water use,Pressure on water resources,SDG 6.4.2. Water Stress,Iceland,2018,0.394075282,%,E,false
Water use,Pressure on water resources,SDG 6.4.2. Water Stress,Iceland,2019,0.394075282,%,E,false
Water use,Pressure on water resources,SDG 6.4.2. Water Stress,Iceland,2020,0.394075282,%,E,false
Water use,Pressure on water resources,SDG 6.4.2. Water Stress,Iceland,2021,0.394075282,%,E,false
Water use,Pressure on water resources,SDG 6.4.2. Water Stress,Iceland,2022,0.394075282,%,E,false
Water use,Pressure on water resources,SDG 6.4.2. Water Stress,India,2016,66.492092832,%,E,false
Water use,Pressure on water resources,SDG 6.4.2. Water Stress,India,2017,66.492092832,%,E,false
Water use,Pressure on water resources,SDG 6.4.2. Water Stress,India,2018,66.492092832,%,E,false
Water use,Pressure on water resources,SDG 6.4.2. Water Stress,India,2019,66.492092832,%,E,false
Water use,Pressure on water resources,SDG 6.4.2. Water Stress,India,2020,66.492092832,%,E,false
Water use,Pressure on water resources,SDG 6.4.2. Water Stress,India,2021,66.492092832,%,E,false
Water use,Pressure on water resources,SDG 6.4.2. Water Stress,India,2022,66.492092832,%,E,false
Water use,Pressure on water resources,SDG 6.4.2. Water Stress,Indonesia,2016,29.696545285,%,E,false
Water use,Pressure on water resources,SDG 6.4.2. Water Stress,Indonesia,2017,29.696545285,%,E,false
Water use,Pressure on water resources,SDG 6.4.2. Water Stress,Indonesia,2018,29.696545285,%,E,false
Water use,Pressure on water resources,SDG 6.4.2. Water Stress,Indonesia,2019,29.696545285,%,E,false
Water use,Pressure on water resources,SDG 6.4.2. Water Stress,Indonesia,2020,29.696545285,%,E,false
Water use,Pressure on water resources,SDG 6.4.2. Water Stress,Indonesia,2021,29.696545285,%,E,false
Water use,Pressure on water resources,SDG 6.4.2. Water Stress,Indonesia,2022,29.696545285,%,E,false
Water use,Pressure on water resources,SDG 6.4.2. Water Stress,Iran (Islamic Republic of),2016,81.289081289,%,E,false
Water use,Pressure on water resources,SDG 6.4.2. Water Stress,Iran (Islamic Republic of),2017,81.289081289,%,E,false
Water use,Pressure on water resources,SDG 6.4.2. Water Stress,Iran (Islamic Republic of),2018,81.289081289,%,E,false
Water use,Pressure on water resources,SDG 6.4.2. Water Stress,Iran (Islamic Republic of),2019,81.289081289,%,E,false
Water use,Pressure on water resources,SDG 6.4.2. Water Stress,Iran (Islamic Republic of),2020,81.289081289,%,E,false
Water use,Pressure on water resources,SDG 6.4.2. Water Stress,Iran (Islamic Republic of),2021,81.289081289,%,E,false
Water use,Pressure on water resources,SDG 6.4.2. Water Stress,Iran (Islamic Republic of),2022,81.289081289,%,E,false
Water use,Pressure on water resources,SDG 6.4.2. Water Stress,Iraq,2016,54.087078652,%,E,false
Water use,Pressure on water resources,SDG 6.4.2. Water Stress,Iraq,2017,60.481741573,%,E,false
Water use,Pressure on water resources,SDG 6.4.2. Water Stress,Iraq,2018,47.140449438,%,E,false
Water use,Pressure on water resources,SDG 6.4.2. Water Stress,Iraq,2019,79.519662921,%,E,false
Water use,Pressure on water resources,SDG 6.4.2. Water Stress,Iraq,2020,63.258426966,%,E,false
Water use,Pressure on water resources,SDG 6.4.2. Water Stress,Iraq,2021,59.583848315,%,E,false
Water use,Pressure on water resources,SDG 6.4.2. Water Stress,Iraq,2022,59.583848315,%,E,false
Water use,Pressure on water resources,SDG 6.4.2. Water Stress,Ireland,2016,6.150679072,%,E,false
Water use,Pressure on water resources,SDG 6.4.2. Water Stress,Ireland,2017,6.508929526,%,E,false
Water use,Pressure on water resources,SDG 6.4.2. Water Stress,Ireland,2018,6.867179981,%,E,false
Water use,Pressure on water resources,SDG 6.4.2. Water Stress,Ireland,2019,7.40134745,%,E,false
Water use,Pressure on water resources,SDG 6.4.2. Water Stress,Ireland,2020,7.430221367,%,E,false
Water use,Pressure on water resources,SDG 6.4.2. Water Stress,Ireland,2021,7.60827719,%,E,false
Water use,Pressure on water resources,SDG 6.4.2. Water Stress,Ireland,2022,8.051010587,%,E,false
Water use,Pressure on water resources,SDG 6.4.2. Water Stress,Israel,2016,103.442325943,%,E,false
Water use,Pressure on water resources,SDG 6.4.2. Water Stress,Israel,2017,103.614873609,%,E,false
Water use,Pressure on water resources,SDG 6.4.2. Water Stress,Israel,2018,95.936502459,%,E,false
Water use,Pressure on water resources,SDG 6.4.2. Water Stress,Israel,2019,100.422741782,%,E,false
Water use,Pressure on water resources,SDG 6.4.2. Water Stress,Israel,2020,110.085411095,%,E,false
Water use,Pressure on water resources,SDG 6.4.2. Water Stress,Israel,2021,131.998964714,%,E,false
Water use,Pressure on water resources,SDG 6.4.2. Water Stress,Israel,2022,129.669571219,%,E,false
Water use,Pressure on water resources,SDG 6.4.2. Water Stress,Italy,2016,29.842639097,%,E,false
Water use,Pressure on water resources,SDG 6.4.2. Water Stress,Italy,2017,29.761834131,%,E,false
Water use,Pressure on water resources,SDG 6.4.2. Water Stress,Italy,2018,29.681029166,%,E,false
Water use,Pressure on water resources,SDG 6.4.2. Water Stress,Italy,2019,29.82201075,%,E,false
Water use,Pressure on water resources,SDG 6.4.2. Water Stress,Italy,2020,29.798220108,%,E,false
Water use,Pressure on water resources,SDG 6.4.2. Water Stress,Italy,2021,29.739289805,%,E,false
Water use,Pressure on water resources,SDG 6.4.2. Water Stress,Italy,2022,29.767380386,%,E,false
Water use,Pressure on water resources,SDG 6.4.2. Water Stress,Jamaica,2016,12.473436201,%,E,false
Water use,Pressure on water resources,SDG 6.4.2. Water Stress,Jamaica,2017,12.343960016,%,E,false
Water use,Pressure on water resources,SDG 6.4.2. Water Stress,Jamaica,2018,12.214483831,%,E,false
Water use,Pressure on water resources,SDG 6.4.2. Water Stress,Jamaica,2019,12.085007646,%,E,false
Water use,Pressure on water resources,SDG 6.4.2. Water Stress,Jamaica,2020,11.046430785,%,E,false
Water use,Pressure on water resources,SDG 6.4.2. Water Stress,Jamaica,2021,12.382818879,%,E,false
Water use,Pressure on water resources,SDG 6.4.2. Water Stress,Jamaica,2022,12.382818879,%,E,false
Water use,Pressure on water resources,SDG 6.4.2. Water Stress,Japan,2016,36.643678161,%,E,false
Water use,Pressure on water resources,SDG 6.4.2. Water Stress,Japan,2017,36.459770115,%,E,false
Water use,Pressure on water resources,SDG 6.4.2. Water Stress,Japan,2018,36.367816092,%,E,false
Water use,Pressure on water resources,SDG 6.4.2. Water Stress,Japan,2019,36.045977011,%,E,false
Water use,Pressure on water resources,SDG 6.4.2. Water Stress,Japan,2020,36.643678161,%,E,false
Water use,Pressure on water resources,SDG 6.4.2. Water Stress,Japan,2021,36.643678161,%,E,false
Water use,Pressure on water resources,SDG 6.4.2. Water Stress,Japan,2022,36.643678161,%,E,false
Water use,Pressure on water resources,SDG 6.4.2. Water Stress,Jordan,2016,100.077527965,%,E,false
Water use,Pressure on water resources,SDG 6.4.2. Water Stress,Jordan,2017,100.443016945,%,E,false
Water use,Pressure on water resources,SDG 6.4.2. Water Stress,Jordan,2018,102.226160151,%,E,false
Water use,Pressure on water resources,SDG 6.4.2. Water Stress,Jordan,2019,104.312769964,%,E,false
Water use,Pressure on water resources,SDG 6.4.2. Water Stress,Jordan,2020,106.049396389,%,E,false
Water use,Pressure on water resources,SDG 6.4.2. Water Stress,Jordan,2021,102.51633625,%,E,false
Water use,Pressure on water resources,SDG 6.4.2. Water Stress,Jordan,2022,105.202126481,%,E,false
Water use,Pressure on water resources,SDG 6.4.2. Water Stress,Kazakhstan,2016,30.001386963,%,E,false
Water use,Pressure on water resources,SDG 6.4.2. Water Stress,Kazakhstan,2017,31.140083218,%,E,false
Water use,Pressure on water resources,SDG 6.4.2. Water Stress,Kazakhstan,2018,32.651872399,%,E,false
Water use,Pressure on water resources,SDG 6.4.2. Water Stress,Kazakhstan,2019,32.615811373,%,E,false
Water use,Pressure on water resources,SDG 6.4.2. Water Stress,Kazakhstan,2020,34.098474341,%,E,false
Water use,Pressure on water resources,SDG 6.4.2. Water Stress,Kazakhstan,2021,34.004160888,%,E,false
Water use,Pressure on water resources,SDG 6.4.2. Water Stress,Kazakhstan,2022,34.626907073,%,E,false
Water use,Pressure on water resources,SDG 6.4.2. Water Stress,Kenya,2016,33.239901072,%,E,false
Water use,Pressure on water resources,SDG 6.4.2. Water Stress,Kenya,2017,33.239901072,%,E,false
Water use,Pressure on water resources,SDG 6.4.2. Water Stress,Kenya,2018,33.239901072,%,E,false
Water use,Pressure on water resources,SDG 6.4.2. Water Stress,Kenya,2019,33.239901072,%,E,false
Water use,Pressure on water resources,SDG 6.4.2. Water Stress,Kenya,2020,33.239901072,%,E,false
Water use,Pressure on water resources,SDG 6.4.2. Water Stress,Kenya,2021,33.239901072,%,E,false
Water use,Pressure on water resources,SDG 6.4.2. Water Stress,Kenya,2022,33.239901072,%,E,false
Water use,Pressure on water resources,SDG 6.4.2. Water Stress,Kuwait,2016,3575,%,E,false
Water use,Pressure on water resources,SDG 6.4.2. Water Stress,Kuwait,2017,3850.5,%,E,false
Water use,Pressure on water resources,SDG 6.4.2. Water Stress,Kuwait,2018,3850.5,%,E,false
Water use,Pressure on water resources,SDG 6.4.2. Water Stress,Kuwait,2019,3850.5,%,E,false
Water use,Pressure on water resources,SDG 6.4.2. Water Stress,Kuwait,2020,3850.5,%,E,false
Water use,Pressure on water resources,SDG 6.4.2. Water Stress,Kuwait,2021,3850.5,%,E,false
Water use,Pressure on water resources,SDG 6.4.2. Water Stress,Kuwait,2022,3850.5,%,E,false
Water use,Pressure on water resources,SDG 6.4.2. Water Stress,Kyrgyzstan,2016,50.03895598,%,E,false
Water use,Pressure on water resources,SDG 6.4.2. Water Stress,Kyrgyzstan,2017,50.03895598,%,E,false
Water use,Pressure on water resources,SDG 6.4.2. Water Stress,Kyrgyzstan,2018,50.03895598,%,E,false
Water use,Pressure on water resources,SDG 6.4.2. Water Stress,Kyrgyzstan,2019,50.03895598,%,E,false
Water use,Pressure on water resources,SDG 6.4.2. Water Stress,Kyrgyzstan,2020,50.03895598,%,E,false
Water use,Pressure on water resources,SDG 6.4.2. Water Stress,Kyrgyzstan,2021,50.03895598,%,E,false
Water use,Pressure on water resources,SDG 6.4.2. Water Stress,Kyrgyzstan,2022,50.03895598,%,E,false
Water use,Pressure on water resources,SDG 6.4.2. Water Stress,Land Locked Developing Countries,2016,15.045091976,%,E,true
Water use,Pressure on water resources,SDG 6.4.2. Water Stress,Land Locked Developing Countries,2017,15.410647916,%,E,true
Water use,Pressure on water resources,SDG 6.4.2. Water Stress,Land Locked Developing Countries,2018,15.388735722,%,E,true
Water use,Pressure on water resources,SDG 6.4.2. Water Stress,Land Locked Developing Countries,2019,15.343120328,%,E,true
Water use,Pressure on water resources,SDG 6.4.2. Water Stress,Land Locked Developing Countries,2020,14.979713201,%,E,true
Water use,Pressure on water resources,SDG 6.4.2. Water Stress,Land Locked Developing Countries,2021,14.510580592,%,E,true
Water use,Pressure on water resources,SDG 6.4.2. Water Stress,Land Locked Developing Countries,2022,14.625247655,%,E,true
Water use,Pressure on water resources,SDG 6.4.2. Water Stress,Lao People's Democratic Republic,2016,4.993481095,%,E,false
Water use,Pressure on water resources,SDG 6.4.2. Water Stress,Lao People's Democratic Republic,2017,4.771838331,%,E,false
Water use,Pressure on water resources,SDG 6.4.2. Water Stress,Lao People's Democratic Republic,2018,4.771838331,%,E,false
Water use,Pressure on water resources,SDG 6.4.2. Water Stress,Lao People's Democratic Republic,2019,4.791395046,%,E,false
Water use,Pressure on water resources,SDG 6.4.2. Water Stress,Lao People's Democratic Republic,2020,4.791395046,%,E,false
Water use,Pressure on water resources,SDG 6.4.2. Water Stress,Lao People's Democratic Republic,2021,4.791395046,%,E,false
Water use,Pressure on water resources,SDG 6.4.2. Water Stress,Lao People's Democratic Republic,2022,4.791395046,%,E,false
Water use,Pressure on water resources,SDG 6.4.2. Water Stress,Latin America and the Caribbean,2016,5.787072489,%,E,true
Water use,Pressure on water resources,SDG 6.4.2. Water Stress,Latin America and the Caribbean,2017,5.845191294,%,E,true
Water use,Pressure on water resources,SDG 6.4.2. Water Stress,Latin America and the Caribbean,2018,5.854865485,%,E,true
Water use,Pressure on water resources,SDG 6.4.2. Water Stress,Latin America and the Caribbean,2019,5.906773957,%,E,true
Water use,Pressure on water resources,SDG 6.4.2. Water Stress,Latin America and the Caribbean,2020,5.885975351,%,E,true
Water use,Pressure on water resources,SDG 6.4.2. Water Stress,Latin America and the Caribbean,2021,5.692132608,%,E,true
Water use,Pressure on water resources,SDG 6.4.2. Water Stress,Latin America and the Caribbean,2022,5.734901902,%,E,true
Water use,Pressure on water resources,SDG 6.4.2. Water Stress,Latvia,2016,1.095214302,%,E,false
Water use,Pressure on water resources,SDG 6.4.2. Water Stress,Latvia,2017,1.067280854,%,E,false
Water use,Pressure on water resources,SDG 6.4.2. Water Stress,Latvia,2018,1.080430171,%,E,false
Water use,Pressure on water resources,SDG 6.4.2. Water Stress,Latvia,2019,1.052616382,%,E,false
Water use,Pressure on water resources,SDG 6.4.2. Water Stress,Latvia,2020,1.067831467,%,E,false
Water use,Pressure on water resources,SDG 6.4.2. Water Stress,Latvia,2021,1.086918091,%,E,false
Water use,Pressure on water resources,SDG 6.4.2. Water Stress,Latvia,2022,1.015521509,%,E,false
Water use,Pressure on water resources,SDG 6.4.2. Water Stress,Least Developed Countries,2016,7.017379673,%,E,true
Water use,Pressure on water resources,SDG 6.4.2. Water Stress,Least Developed Countries,2017,7.001598519,%,E,true
Water use,Pressure on water resources,SDG 6.4.2. Water Stress,Least Developed Countries,2018,7.053201569,%,E,true
Water use,Pressure on water resources,SDG 6.4.2. Water Stress,Least Developed Countries,2019,7.062182815,%,E,true
Water use,Pressure on water resources,SDG 6.4.2. Water Stress,Least Developed Countries,2020,7.062182815,%,E,true
Water use,Pressure on water resources,SDG 6.4.2. Water Stress,Least Developed Countries,2021,7.062182815,%,E,true
Water use,Pressure on water resources,SDG 6.4.2. Water Stress,Least Developed Countries,2022,7.062182815,%,E,true
Water use,Pressure on water resources,SDG 6.4.2. Water Stress,Lebanon,2016,58.792991564,%,E,false
Water use,Pressure on water resources,SDG 6.4.2. Water Stress,Lebanon,2017,58.792991564,%,E,false
Water use,Pressure on water resources,SDG 6.4.2. Water Stress,Lebanon,2018,58.792991564,%,E,false
Water use,Pressure on water resources,SDG 6.4.2. Water Stress,Lebanon,2019,58.792991564,%,E,false
Water use,Pressure on water resources,SDG 6.4.2. Water Stress,Lebanon,2020,58.792991564,%,E,false
Water use,Pressure on water resources,SDG 6.4.2. Water Stress,Lebanon,2021,58.792991564,%,E,false
Water use,Pressure on water resources,SDG 6.4.2. Water Stress,Lebanon,2022,58.792991564,%,E,false
Water use,Pressure on water resources,SDG 6.4.2. Water Stress,Lesotho,2016,2.565905097,%,E,false
Water use,Pressure on water resources,SDG 6.4.2. Water Stress,Lesotho,2017,2.565905097,%,E,false
Water use,Pressure on water resources,SDG 6.4.2. Water Stress,Lesotho,2018,2.565905097,%,E,false
Water use,Pressure on water resources,SDG 6.4.2. Water Stress,Lesotho,2019,2.565905097,%,E,false
Water use,Pressure on water resources,SDG 6.4.2. Water Stress,Lesotho,2020,2.565905097,%,E,false
Water use,Pressure on water resources,SDG 6.4.2. Water Stress,Lesotho,2021,2.565905097,%,E,false
Water use,Pressure on water resources,SDG 6.4.2. Water Stress,Lesotho,2022,2.565905097,%,E,false
Water use,Pressure on water resources,SDG 6.4.2. Water Stress,Liberia,2016,0.264311594,%,E,false
Water use,Pressure on water resources,SDG 6.4.2. Water Stress,Liberia,2017,0.264311594,%,E,false
Water use,Pressure on water resources,SDG 6.4.2. Water Stress,Liberia,2018,0.264311594,%,E,false
Water use,Pressure on water resources,SDG 6.4.2. Water Stress,Liberia,2019,0.264311594,%,E,false
Water use,Pressure on water resources,SDG 6.4.2. Water Stress,Liberia,2020,0.264311594,%,E,false
Water use,Pressure on water resources,SDG 6.4.2. Water Stress,Liberia,2021,0.264311594,%,E,false
Water use,Pressure on water resources,SDG 6.4.2. Water Stress,Liberia,2022,0.264311594,%,E,false
Water use,Pressure on water resources,SDG 6.4.2. Water Stress,Libya,2016,817.142857143,%,I,false
Water use,Pressure on water resources,SDG 6.4.2. Water Stress,Libya,2017,817.142857143,%,I,false
Water use,Pressure on water resources,SDG 6.4.2. Water Stress,Libya,2018,817.142857143,%,I,false
Water use,Pressure on water resources,SDG 6.4.2. Water Stress,Libya,2019,817.142857143,%,I,false
Water use,Pressure on water resources,SDG 6.4.2. Water Stress,Libya,2020,817.142857143,%,I,false
Water use,Pressure on water resources,SDG 6.4.2. Water Stress,Libya,2021,817.142857143,%,I,false
Water use,Pressure on water resources,SDG 6.4.2. Water Stress,Libya,2022,817.142857143,%,I,false
Water use,Pressure on water resources,SDG 6.4.2. Water Stress,Lithuania,2016,2.219899063,%,E,false
Water use,Pressure on water resources,SDG 6.4.2. Water Stress,Lithuania,2017,1.867339582,%,E,false
Water use,Pressure on water resources,SDG 6.4.2. Water Stress,Lithuania,2018,1.834102379,%,E,false
Water use,Pressure on water resources,SDG 6.4.2. Water Stress,Lithuania,2019,2.363266042,%,E,false
Water use,Pressure on water resources,SDG 6.4.2. Water Stress,Lithuania,2020,2.892429704,%,E,false
Water use,Pressure on water resources,SDG 6.4.2. Water Stress,Lithuania,2021,2.558255227,%,E,false
Water use,Pressure on water resources,SDG 6.4.2. Water Stress,Lithuania,2022,2.165537131,%,E,false
Water use,Pressure on water resources,SDG 6.4.2. Water Stress,Luxembourg,2016,3.68159204,%,E,false
Water use,Pressure on water resources,SDG 6.4.2. Water Stress,Luxembourg,2017,3.781094527,%,E,false
Water use,Pressure on water resources,SDG 6.4.2. Water Stress,Luxembourg,2018,4.328358209,%,E,false
Water use,Pressure on water resources,SDG 6.4.2. Water Stress,Luxembourg,2019,4.087893864,%,E,false
Water use,Pressure on water resources,SDG 6.4.2. Water Stress,Luxembourg,2020,3.963515755,%,E,false
Water use,Pressure on water resources,SDG 6.4.2. Water Stress,Luxembourg,2021,3.816749585,%,E,false
Water use,Pressure on water resources,SDG 6.4.2. Water Stress,Luxembourg,2022,3.95854063,%,E,false
Water use,Pressure on water resources,SDG 6.4.2. Water Stress,Madagascar,2016,11.261506276,%,E,false
Water use,Pressure on water resources,SDG 6.4.2. Water Stress,Madagascar,2017,11.261506276,%,E,false
Water use,Pressure on water resources,SDG 6.4.2. Water Stress,Madagascar,2018,11.261506276,%,E,false
Water use,Pressure on water resources,SDG 6.4.2. Water Stress,Madagascar,2019,11.261506276,%,E,false
Water use,Pressure on water resources,SDG 6.4.2. Water Stress,Madagascar,2020,11.261506276,%,E,false
Water use,Pressure on water resources,SDG 6.4.2. Water Stress,Madagascar,2021,11.261506276,%,E,false
Water use,Pressure on water resources,SDG 6.4.2. Water Stress,Madagascar,2022,11.261506276,%,E,false
Water use,Pressure on water resources,SDG 6.4.2. Water Stress,Malawi,2016,17.504838085,%,E,false
Water use,Pressure on water resources,SDG 6.4.2. Water Stress,Malawi,2017,17.504838085,%,E,false
Water use,Pressure on water resources,SDG 6.4.2. Water Stress,Malawi,2018,17.504838085,%,E,false
Water use,Pressure on water resources,SDG 6.4.2. Water Stress,Malawi,2019,17.504838085,%,E,false
Water use,Pressure on water resources,SDG 6.4.2. Water Stress,Malawi,2020,17.504838085,%,E,false
Water use,Pressure on water resources,SDG 6.4.2. Water Stress,Malawi,2021,17.504838085,%,E,false
Water use,Pressure on water resources,SDG 6.4.2. Water Stress,Malawi,2022,17.504838085,%,E,false
Water use,Pressure on water resources,SDG 6.4.2. Water Stress,Malaysia,2016,3.36,%,E,false
Water use,Pressure on water resources,SDG 6.4.2. Water Stress,Malaysia,2017,3.439487179,%,E,false
Water use,Pressure on water resources,SDG 6.4.2. Water Stress,Malaysia,2018,3.439487179,%,E,false
Water use,Pressure on water resources,SDG 6.4.2. Water Stress,Malaysia,2019,3.439487179,%,E,false
Water use,Pressure on water resources,SDG 6.4.2. Water Stress,Malaysia,2020,3.439487179,%,E,false
Water use,Pressure on water resources,SDG 6.4.2. Water Stress,Malaysia,2021,3.439487179,%,E,false
Water use,Pressure on water resources,SDG 6.4.2. Water Stress,Malaysia,2022,3.439487179,%,E,false
Water use,Pressure on water resources,SDG 6.4.2. Water Stress,Maldives,2016,15.666666667,%,I,false
Water use,Pressure on water resources,SDG 6.4.2. Water Stress,Maldives,2017,15.666666667,%,I,false
Water use,Pressure on water resources,SDG 6.4.2. Water Stress,Maldives,2018,15.666666667,%,I,false
Water use,Pressure on water resources,SDG 6.4.2. Water Stress,Maldives,2019,15.666666667,%,I,false
Water use,Pressure on water resources,SDG 6.4.2. Water Stress,Maldives,2020,15.666666667,%,I,false
Water use,Pressure on water resources,SDG 6.4.2. Water Stress,Maldives,2021,15.666666667,%,I,false
Water use,Pressure on water resources,SDG 6.4.2. Water Stress,Maldives,2022,15.666666667,%,I,false
Water use,Pressure on water resources,SDG 6.4.2. Water Stress,Mali,2016,8.00308642,%,E,false
Water use,Pressure on water resources,SDG 6.4.2. Water Stress,Mali,2017,8.00308642,%,E,false
Water use,Pressure on water resources,SDG 6.4.2. Water Stress,Mali,2018,8.00308642,%,E,false
Water use,Pressure on water resources,SDG 6.4.2. Water Stress,Mali,2019,8.00308642,%,E,false
Water use,Pressure on water resources,SDG 6.4.2. Water Stress,Mali,2020,8.00308642,%,E,false
Water use,Pressure on water resources,SDG 6.4.2. Water Stress,Mali,2021,8.00308642,%,E,false
Water use,Pressure on water resources,SDG 6.4.2. Water Stress,Mali,2022,8.00308642,%,E,false
Water use,Pressure on water resources,SDG 6.4.2. Water Stress,Malta,2016,82.97029703,%,E,false
Water use,Pressure on water resources,SDG 6.4.2. Water Stress,Malta,2017,91.089108911,%,E,false
Water use,Pressure on water resources,SDG 6.4.2. Water Stress,Malta,2018,84.62300297,%,E,false
Water use,Pressure on water resources,SDG 6.4.2. Water Stress,Malta,2019,80.660965148,%,E,false
Water use,Pressure on water resources,SDG 6.4.2. Water Stress,Malta,2020,81.777156436,%,E,false
Water use,Pressure on water resources,SDG 6.4.2. Water Stress,Malta,2021,78.467213861,%,E,false
Water use,Pressure on water resources,SDG 6.4.2. Water Stress,Malta,2022,72.600007921,%,E,false
Water use,Pressure on water resources,SDG 6.4.2. Water Stress,Mauritania,2016,13.246217332,%,E,false
Water use,Pressure on water resources,SDG 6.4.2. Water Stress,Mauritania,2017,13.246217332,%,E,false
Water use,Pressure on water resources,SDG 6.4.2. Water Stress,Mauritania,2018,13.246217332,%,E,false
Water use,Pressure on water resources,SDG 6.4.2. Water Stress,Mauritania,2019,13.246217332,%,E,false
Water use,Pressure on water resources,SDG 6.4.2. Water Stress,Mauritania,2020,13.246217332,%,E,false
Water use,Pressure on water resources,SDG 6.4.2. Water Stress,Mauritania,2021,13.246217332,%,E,false
Water use,Pressure on water resources,SDG 6.4.2. Water Stress,Mauritania,2022,13.246217332,%,E,false
Water use,Pressure on water resources,SDG 6.4.2. Water Stress,Mauritius,2016,22.537259179,%,E,false
Water use,Pressure on water resources,SDG 6.4.2. Water Stress,Mauritius,2017,22.173754998,%,E,false
Water use,Pressure on water resources,SDG 6.4.2. Water Stress,Mauritius,2018,21.483097056,%,E,false
Water use,Pressure on water resources,SDG 6.4.2. Water Stress,Mauritius,2019,21.628498728,%,E,false
Water use,Pressure on water resources,SDG 6.4.2. Water Stress,Mauritius,2020,22.064703744,%,E,false
Water use,Pressure on water resources,SDG 6.4.2. Water Stress,Mauritius,2021,21.95565249,%,E,false
Water use,Pressure on water resources,SDG 6.4.2. Water Stress,Mauritius,2022,22.973464195,%,E,false
Water use,Pressure on water resources,SDG 6.4.2. Water Stress,Mexico,2016,32.475955407,%,E,false
Water use,Pressure on water resources,SDG 6.4.2. Water Stress,Mexico,2017,32.949720167,%,E,false
Water use,Pressure on water resources,SDG 6.4.2. Water Stress,Mexico,2018,44.462684177,%,E,false
Water use,Pressure on water resources,SDG 6.4.2. Water Stress,Mexico,2019,44.718429693,%,E,false
Water use,Pressure on water resources,SDG 6.4.2. Water Stress,Mexico,2020,44.817024343,%,E,false
Water use,Pressure on water resources,SDG 6.4.2. Water Stress,Mexico,2021,45.015214606,%,E,false
Water use,Pressure on water resources,SDG 6.4.2. Water Stress,Mexico,2022,44.945147341,%,E,false
Water use,Pressure on water resources,SDG 6.4.2. Water Stress,Mongolia,2016,3.395007342,%,E,false
Water use,Pressure on water resources,SDG 6.4.2. Water Stress,Mongolia,2017,3.395007342,%,E,false
Water use,Pressure on water resources,SDG 6.4.2. Water Stress,Mongolia,2018,3.395007342,%,E,false
Water use,Pressure on water resources,SDG 6.4.2. Water Stress,Mongolia,2019,3.395007342,%,E,false
Water use,Pressure on water resources,SDG 6.4.2. Water Stress,Mongolia,2020,3.395007342,%,E,false
Water use,Pressure on water resources,SDG 6.4.2. Water Stress,Mongolia,2021,3.395007342,%,E,false
Water use,Pressure on water resources,SDG 6.4.2. Water Stress,Mongolia,2022,3.395007342,%,E,false
Water use,Pressure on water resources,SDG 6.4.2. Water Stress,Morocco,2016,50.751212019,%,E,false
Water use,Pressure on water resources,SDG 6.4.2. Water Stress,Morocco,2017,50.751212019,%,E,false
Water use,Pressure on water resources,SDG 6.4.2. Water Stress,Morocco,2018,50.751212019,%,E,false
Water use,Pressure on water resources,SDG 6.4.2. Water Stress,Morocco,2019,50.751212019,%,E,false
Water use,Pressure on water resources,SDG 6.4.2. Water Stress,Morocco,2020,50.751212019,%,E,false
Water use,Pressure on water resources,SDG 6.4.2. Water Stress,Morocco,2021,50.751212019,%,E,false
Water use,Pressure on water resources,SDG 6.4.2. Water Stress,Morocco,2022,50.751212019,%,E,false
Water use,Pressure on water resources,SDG 6.4.2. Water Stress,Mozambique,2016,1.751486326,%,E,false
Water use,Pressure on water resources,SDG 6.4.2. Water Stress,Mozambique,2017,1.751486326,%,E,false
Water use,Pressure on water resources,SDG 6.4.2. Water Stress,Mozambique,2018,1.751486326,%,E,false
Water use,Pressure on water resources,SDG 6.4.2. Water Stress,Mozambique,2019,1.751486326,%,E,false
Water use,Pressure on water resources,SDG 6.4.2. Water Stress,Mozambique,2020,1.751486326,%,E,false
Water use,Pressure on water resources,SDG 6.4.2. Water Stress,Mozambique,2021,1.751486326,%,E,false
Water use,Pressure on water resources,SDG 6.4.2. Water Stress,Mozambique,2022,1.751486326,%,E,false
Water use,Pressure on water resources,SDG 6.4.2. Water Stress,Myanmar,2016,5.801501397,%,E,false
Water use,Pressure on water resources,SDG 6.4.2. Water Stress,Myanmar,2017,5.801501397,%,E,false
Water use,Pressure on water resources,SDG 6.4.2. Water Stress,Myanmar,2018,5.801501397,%,E,false
Water use,Pressure on water resources,SDG 6.4.2. Water Stress,Myanmar,2019,5.801501397,%,E,false
Water use,Pressure on water resources,SDG 6.4.2. Water Stress,Myanmar,2020,5.801501397,%,E,false
Water use,Pressure on water resources,SDG 6.4.2. Water Stress,Myanmar,2021,5.801501397,%,E,false
Water use,Pressure on water resources,SDG 6.4.2. Water Stress,Myanmar,2022,5.801501397,%,E,false
Water use,Pressure on water resources,SDG 6.4.2. Water Stress,Namibia,2016,0.472928042,%,E,false
Water use,Pressure on water resources,SDG 6.4.2. Water Stress,Namibia,2017,0.445169147,%,E,false
Water use,Pressure on water resources,SDG 6.4.2. Water Stress,Namibia,2018,0.417410253,%,E,false
Water use,Pressure on water resources,SDG 6.4.2. Water Stress,Namibia,2019,0.392081971,%,E,false
Water use,Pressure on water resources,SDG 6.4.2. Water Stress,Namibia,2020,0.364466054,%,E,false
Water use,Pressure on water resources,SDG 6.4.2. Water Stress,Namibia,2021,0.314668328,%,E,false
Water use,Pressure on water resources,SDG 6.4.2. Water Stress,Namibia,2022,0.314668328,%,E,false
Water use,Pressure on water resources,SDG 6.4.2. Water Stress,Nepal,2016,8.311832662,%,E,false
Water use,Pressure on water resources,SDG 6.4.2. Water Stress,Nepal,2017,8.311832662,%,E,false
Water use,Pressure on water resources,SDG 6.4.2. Water Stress,Nepal,2018,8.311832662,%,E,false
Water use,Pressure on water resources,SDG 6.4.2. Water Stress,Nepal,2019,8.311832662,%,E,false
Water use,Pressure on water resources,SDG 6.4.2. Water Stress,Nepal,2020,8.311832662,%,E,false
Water use,Pressure on water resources,SDG 6.4.2. Water Stress,Nepal,2021,8.311832662,%,E,false
Water use,Pressure on water resources,SDG 6.4.2. Water Stress,Nepal,2022,8.311832662,%,E,false
Water use,Pressure on water resources,SDG 6.4.2. Water Stress,Netherlands (Kingdom of the),2016,15.233339662,%,E,false
Water use,Pressure on water resources,SDG 6.4.2. Water Stress,Netherlands (Kingdom of the),2017,15.02980824,%,E,false
Water use,Pressure on water resources,SDG 6.4.2. Water Stress,Netherlands (Kingdom of the),2018,16.366983613,%,E,false
Water use,Pressure on water resources,SDG 6.4.2. Water Stress,Netherlands (Kingdom of the),2019,17.000606919,%,E,false
Water use,Pressure on water resources,SDG 6.4.2. Water Stress,Netherlands (Kingdom of the),2020,16.803560591,%,E,false
Water use,Pressure on water resources,SDG 6.4.2. Water Stress,Netherlands (Kingdom of the),2021,16.075662553,%,E,false
Water use,Pressure on water resources,SDG 6.4.2. Water Stress,Netherlands (Kingdom of the),2022,16.65850698,%,E,false
Water use,Pressure on water resources,SDG 6.4.2. Water Stress,New Zealand,2016,8.04808476,%,E,false
Water use,Pressure on water resources,SDG 6.4.2. Water Stress,New Zealand,2017,8.04808476,%,E,false
Water use,Pressure on water resources,SDG 6.4.2. Water Stress,New Zealand,2018,8.04808476,%,E,false
Water use,Pressure on water resources,SDG 6.4.2. Water Stress,New Zealand,2019,8.04808476,%,E,false
Water use,Pressure on water resources,SDG 6.4.2. Water Stress,New Zealand,2020,8.04808476,%,E,false
Water use,Pressure on water resources,SDG 6.4.2. Water Stress,New Zealand,2021,8.04808476,%,E,false
Water use,Pressure on water resources,SDG 6.4.2. Water Stress,New Zealand,2022,8.04808476,%,E,false
Water use,Pressure on water resources,SDG 6.4.2. Water Stress,Nicaragua,2016,2.367519666,%,E,false
Water use,Pressure on water resources,SDG 6.4.2. Water Stress,Nicaragua,2017,2.318646514,%,E,false
Water use,Pressure on water resources,SDG 6.4.2. Water Stress,Nicaragua,2018,2.269773362,%,E,false
Water use,Pressure on water resources,SDG 6.4.2. Water Stress,Nicaragua,2019,2.219818562,%,E,false
Water use,Pressure on water resources,SDG 6.4.2. Water Stress,Nicaragua,2020,2.220900209,%,E,false
Water use,Pressure on water resources,SDG 6.4.2. Water Stress,Nicaragua,2021,2.220900209,%,E,false
Water use,Pressure on water resources,SDG 6.4.2. Water Stress,Nicaragua,2022,2.220900209,%,E,false
Water use,Pressure on water resources,SDG 6.4.2. Water Stress,Niger,2016,7.453924915,%,E,false
Water use,Pressure on water resources,SDG 6.4.2. Water Stress,Niger,2017,6.746113481,%,E,false
Water use,Pressure on water resources,SDG 6.4.2. Water Stress,Niger,2018,10.373340444,%,E,false
Water use,Pressure on water resources,SDG 6.4.2. Water Stress,Niger,2019,11.020937713,%,E,false
Water use,Pressure on water resources,SDG 6.4.2. Water Stress,Niger,2020,11.020937713,%,E,false
Water use,Pressure on water resources,SDG 6.4.2. Water Stress,Niger,2021,11.020937713,%,E,false
Water use,Pressure on water resources,SDG 6.4.2. Water Stress,Niger,2022,11.020937713,%,E,false
Water use,Pressure on water resources,SDG 6.4.2. Water Stress,Nigeria,2016,9.668217054,%,E,false
Water use,Pressure on water resources,SDG 6.4.2. Water Stress,Nigeria,2017,9.668217054,%,E,false
Water use,Pressure on water resources,SDG 6.4.2. Water Stress,Nigeria,2018,9.668217054,%,E,false
Water use,Pressure on water resources,SDG 6.4.2. Water Stress,Nigeria,2019,9.668217054,%,E,false
Water use,Pressure on water resources,SDG 6.4.2. Water Stress,Nigeria,2020,9.668217054,%,E,false
Water use,Pressure on water resources,SDG 6.4.2. Water Stress,Nigeria,2021,9.668217054,%,E,false
Water use,Pressure on water resources,SDG 6.4.2. Water Stress,Nigeria,2022,9.668217054,%,E,false
Water use,Pressure on water resources,SDG 6.4.2. Water Stress,North Macedonia,2016,25.261955469,%,E,false
Water use,Pressure on water resources,SDG 6.4.2. Water Stress,North Macedonia,2017,38.69232817,%,E,false
Water use,Pressure on water resources,SDG 6.4.2. Water Stress,North Macedonia,2018,52.122700871,%,E,false
Water use,Pressure on water resources,SDG 6.4.2. Water Stress,North Macedonia,2019,38.70232333,%,E,false
Water use,Pressure on water resources,SDG 6.4.2. Water Stress,North Macedonia,2020,34.846321394,%,E,false
Water use,Pressure on water resources,SDG 6.4.2. Water Stress,North Macedonia,2021,37.932962246,%,E,false
Water use,Pressure on water resources,SDG 6.4.2. Water Stress,North Macedonia,2022,52.553242982,%,E,false
Water use,Pressure on water resources,SDG 6.4.2. Water Stress,Northern Africa,2016,104.799146839,%,E,true
Water use,Pressure on water resources,SDG 6.4.2. Water Stress,Northern Africa,2017,120.247140632,%,E,true
Water use,Pressure on water resources,SDG 6.4.2. Water Stress,Northern Africa,2018,120.722893154,%,E,true
Water use,Pressure on water resources,SDG 6.4.2. Water Stress,Northern Africa,2019,120.98117897,%,E,true
Water use,Pressure on water resources,SDG 6.4.2. Water Stress,Northern Africa,2020,121.292136148,%,E,true
Water use,Pressure on water resources,SDG 6.4.2. Water Stress,Northern Africa,2021,120.720752334,%,E,true
Water use,Pressure on water resources,SDG 6.4.2. Water Stress,Northern Africa,2022,120.989849891,%,E,true
Water use,Pressure on water resources,SDG 6.4.2. Water Stress,Northern Africa and Western Asia,2016,73.835272604,%,E,true
Water use,Pressure on water resources,SDG 6.4.2. Water Stress,Northern Africa and Western Asia,2017,79.428280193,%,E,true
Water use,Pressure on water resources,SDG 6.4.2. Water Stress,Northern Africa and Western Asia,2018,77.738554185,%,E,true
Water use,Pressure on water resources,SDG 6.4.2. Water Stress,Northern Africa and Western Asia,2019,84.429810994,%,E,true
Water use,Pressure on water resources,SDG 6.4.2. Water Stress,Northern Africa and Western Asia,2020,81.360143341,%,E,true
Water use,Pressure on water resources,SDG 6.4.2. Water Stress,Northern Africa and Western Asia,2021,79.791916632,%,E,true
Water use,Pressure on water resources,SDG 6.4.2. Water Stress,Northern Africa and Western Asia,2022,81.412621373,%,E,true
Water use,Pressure on water resources,SDG 6.4.2. Water Stress,Northern America,2016,20.173388042,%,E,true
Water use,Pressure on water resources,SDG 6.4.2. Water Stress,Northern America,2017,20.184371773,%,E,true
Water use,Pressure on water resources,SDG 6.4.2. Water Stress,Northern America,2018,20.184371773,%,E,true
Water use,Pressure on water resources,SDG 6.4.2. Water Stress,Northern America,2019,20.184371773,%,E,true
Water use,Pressure on water resources,SDG 6.4.2. Water Stress,Northern America,2020,20.184371773,%,E,true
Water use,Pressure on water resources,SDG 6.4.2. Water Stress,Northern America,2021,20.179121424,%,E,true
Water use,Pressure on water resources,SDG 6.4.2. Water Stress,Northern America,2022,20.179121424,%,E,true
Water use,Pressure on water resources,SDG 6.4.2. Water Stress,Norway,2016,2.013604563,%,E,false
Water use,Pressure on water resources,SDG 6.4.2. Water Stress,Norway,2017,2.046106464,%,E,false
Water use,Pressure on water resources,SDG 6.4.2. Water Stress,Norway,2018,2.044449925,%,E,false
Water use,Pressure on water resources,SDG 6.4.2. Water Stress,Norway,2019,2.042937874,%,E,false
Water use,Pressure on water resources,SDG 6.4.2. Water Stress,Norway,2020,2.041311754,%,E,false
Water use,Pressure on water resources,SDG 6.4.2. Water Stress,Norway,2021,2.009498099,%,E,false
Water use,Pressure on water resources,SDG 6.4.2. Water Stress,Norway,2022,2.044007605,%,E,false
Water use,Pressure on water resources,SDG 6.4.2. Water Stress,Oceania,2016,3.029357689,%,E,true
Water use,Pressure on water resources,SDG 6.4.2. Water Stress,Oceania,2017,3.236703159,%,E,true
Water use,Pressure on water resources,SDG 6.4.2. Water Stress,Oceania,2018,3.27589469,%,E,true
Water use,Pressure on water resources,SDG 6.4.2. Water Stress,Oceania,2019,3.020258784,%,E,true
Water use,Pressure on water resources,SDG 6.4.2. Water Stress,Oceania,2020,2.705407783,%,E,true
Water use,Pressure on water resources,SDG 6.4.2. Water Stress,Oceania,2021,3.092472317,%,E,true
Water use,Pressure on water resources,SDG 6.4.2. Water Stress,Oceania,2022,3.173351473,%,E,true
Water use,Pressure on water resources,SDG 6.4.2. Water Stress,Oceania (excluding Australia and New Zealand),2016,0.155408256,%,E,true
Water use,Pressure on water resources,SDG 6.4.2. Water Stress,Oceania (excluding Australia and New Zealand),2017,0.155408256,%,E,true
Water use,Pressure on water resources,SDG 6.4.2. Water Stress,Oceania (excluding Australia and New Zealand),2018,0.155408256,%,E,true
Water use,Pressure on water resources,SDG 6.4.2. Water Stress,Oceania (excluding Australia and New Zealand),2019,0.155408256,%,E,true
Water use,Pressure on water resources,SDG 6.4.2. Water Stress,Oceania (excluding Australia and New Zealand),2020,0.155408256,%,E,true
Water use,Pressure on water resources,SDG 6.4.2. Water Stress,Oceania (excluding Australia and New Zealand),2021,0.155408256,%,E,true
Water use,Pressure on water resources,SDG 6.4.2. Water Stress,Oceania (excluding Australia and New Zealand),2022,0.155408256,%,E,true
Water use,Pressure on water resources,SDG 6.4.2. Water Stress,Oman,2016,116.714285714,%,E,false
Water use,Pressure on water resources,SDG 6.4.2. Water Stress,Oman,2017,116.714285714,%,E,false
Water use,Pressure on water resources,SDG 6.4.2. Water Stress,Oman,2018,116.714285714,%,E,false
Water use,Pressure on water resources,SDG 6.4.2. Water Stress,Oman,2019,116.714285714,%,I,false
Water use,Pressure on water resources,SDG 6.4.2. Water Stress,Oman,2020,116.714285714,%,I,false
Water use,Pressure on water resources,SDG 6.4.2. Water Stress,Oman,2021,116.714285714,%,I,false
Water use,Pressure on water resources,SDG 6.4.2. Water Stress,Oman,2022,116.714285714,%,I,false
Water use,Pressure on water resources,SDG 6.4.2. Water Stress,Pakistan,2016,122.550763757,%,E,false
Water use,Pressure on water resources,SDG 6.4.2. Water Stress,Pakistan,2017,122.673455616,%,E,false
Water use,Pressure on water resources,SDG 6.4.2. Water Stress,Pakistan,2018,118.238144899,%,E,false
Water use,Pressure on water resources,SDG 6.4.2. Water Stress,Pakistan,2019,108.649776087,%,E,false
Water use,Pressure on water resources,SDG 6.4.2. Water Stress,Pakistan,2020,116.305748114,%,E,false
Water use,Pressure on water resources,SDG 6.4.2. Water Stress,Pakistan,2021,112.974664131,%,E,false
Water use,Pressure on water resources,SDG 6.4.2. Water Stress,Pakistan,2022,109.993251948,%,E,false
Water use,Pressure on water resources,SDG 6.4.2. Water Stress,Palestine,2016,40.022821281,%,E,false
Water use,Pressure on water resources,SDG 6.4.2. Water Stress,Palestine,2017,41.07830552,%,E,false
Water use,Pressure on water resources,SDG 6.4.2. Water Stress,Palestine,2018,42.747111682,%,E,false
Water use,Pressure on water resources,SDG 6.4.2. Water Stress,Palestine,2019,47.011838539,%,E,false
Water use,Pressure on water resources,SDG 6.4.2. Water Stress,Palestine,2020,50.26387106,%,E,false
Water use,Pressure on water resources,SDG 6.4.2. Water Stress,Palestine,2021,47.753530167,%,E,false
Water use,Pressure on water resources,SDG 6.4.2. Water Stress,Palestine,2022,48.11011268,%,E,false
Water use,Pressure on water resources,SDG 6.4.2. Water Stress,Panama,2016,0.90107111,%,E,false
Water use,Pressure on water resources,SDG 6.4.2. Water Stress,Panama,2017,0.90107111,%,E,false
Water use,Pressure on water resources,SDG 6.4.2. Water Stress,Panama,2018,0.90107111,%,E,false
Water use,Pressure on water resources,SDG 6.4.2. Water Stress,Panama,2019,0.90107111,%,E,false
Water use,Pressure on water resources,SDG 6.4.2. Water Stress,Panama,2020,0.90107111,%,E,false
Water use,Pressure on water resources,SDG 6.4.2. Water Stress,Panama,2021,0.90107111,%,E,false
Water use,Pressure on water resources,SDG 6.4.2. Water Stress,Panama,2022,0.90107111,%,E,false
Water use,Pressure on water resources,SDG 6.4.2. Water Stress,Papua New Guinea,2016,0.132242833,%,E,false
Water use,Pressure on water resources,SDG 6.4.2. Water Stress,Papua New Guinea,2017,0.132242833,%,E,false
Water use,Pressure on water resources,SDG 6.4.2. Water Stress,Papua New Guinea,2018,0.132242833,%,E,false
Water use,Pressure on water resources,SDG 6.4.2. Water Stress,Papua New Guinea,2019,0.132242833,%,E,false
Water use,Pressure on water resources,SDG 6.4.2. Water Stress,Papua New Guinea,2020,0.132242833,%,E,false
Water use,Pressure on water resources,SDG 6.4.2. Water Stress,Papua New Guinea,2021,0.132242833,%,E,false
Water use,Pressure on water resources,SDG 6.4.2. Water Stress,Papua New Guinea,2022,0.132242833,%,E,false
Water use,Pressure on water resources,SDG 6.4.2. Water Stress,Paraguay,2016,1.835399711,%,E,false
Water use,Pressure on water resources,SDG 6.4.2. Water Stress,Paraguay,2017,1.835399711,%,E,false
Water use,Pressure on water resources,SDG 6.4.2. Water Stress,Paraguay,2018,1.835399711,%,E,false
Water use,Pressure on water resources,SDG 6.4.2. Water Stress,Paraguay,2019,1.835399711,%,E,false
Water use,Pressure on water resources,SDG 6.4.2. Water Stress,Paraguay,2020,1.835399711,%,E,false
Water use,Pressure on water resources,SDG 6.4.2. Water Stress,Paraguay,2021,1.835399711,%,E,false
Water use,Pressure on water resources,SDG 6.4.2. Water Stress,Paraguay,2022,1.835399711,%,E,false
Water use,Pressure on water resources,SDG 6.4.2. Water Stress,Peru,2016,6.067548435,%,E,false
Water use,Pressure on water resources,SDG 6.4.2. Water Stress,Peru,2017,6.510115499,%,E,false
Water use,Pressure on water resources,SDG 6.4.2. Water Stress,Peru,2018,6.952682563,%,E,false
Water use,Pressure on water resources,SDG 6.4.2. Water Stress,Peru,2019,7.181445604,%,E,false
Water use,Pressure on water resources,SDG 6.4.2. Water Stress,Peru,2020,7.181445604,%,E,false
Water use,Pressure on water resources,SDG 6.4.2. Water Stress,Peru,2021,4.576564829,%,E,false
Water use,Pressure on water resources,SDG 6.4.2. Water Stress,Peru,2022,4.82842772,%,E,false
Water use,Pressure on water resources,SDG 6.4.2. Water Stress,Philippines,2016,26.632528279,%,E,false
Water use,Pressure on water resources,SDG 6.4.2. Water Stress,Philippines,2017,28.062146133,%,E,false
Water use,Pressure on water resources,SDG 6.4.2. Water Stress,Philippines,2018,28.174200792,%,E,false
Water use,Pressure on water resources,SDG 6.4.2. Water Stress,Philippines,2019,26.289976759,%,E,false
Water use,Pressure on water resources,SDG 6.4.2. Water Stress,Philippines,2020,26.743280092,%,E,false
Water use,Pressure on water resources,SDG 6.4.2. Water Stress,Philippines,2021,27.208915784,%,E,false
Water use,Pressure on water resources,SDG 6.4.2. Water Stress,Philippines,2022,27.831517111,%,E,false
Water use,Pressure on water resources,SDG 6.4.2. Water Stress,Poland,2016,35.614399446,%,E,false
Water use,Pressure on water resources,SDG 6.4.2. Water Stress,Poland,2017,34.890965732,%,E,false
Water use,Pressure on water resources,SDG 6.4.2. Water Stress,Poland,2018,33.222568363,%,E,false
Water use,Pressure on water resources,SDG 6.4.2. Water Stress,Poland,2019,31.0971928,%,E,false
Water use,Pressure on water resources,SDG 6.4.2. Water Stress,Poland,2020,30,%,E,false
Water use,Pressure on water resources,SDG 6.4.2. Water Stress,Poland,2021,32.076843198,%,E,false
Water use,Pressure on water resources,SDG 6.4.2. Water Stress,Poland,2022,32.485289027,%,E,false
Water use,Pressure on water resources,SDG 6.4.2. Water Stress,Portugal,2016,17.170182841,%,E,false
Water use,Pressure on water resources,SDG 6.4.2. Water Stress,Portugal,2017,12.379887482,%,E,false
Water use,Pressure on water resources,SDG 6.4.2. Water Stress,Portugal,2018,12.315712276,%,E,false
Water use,Pressure on water resources,SDG 6.4.2. Water Stress,Portugal,2019,12.315712276,%,E,false
Water use,Pressure on water resources,SDG 6.4.2. Water Stress,Portugal,2020,12.315712276,%,E,false
Water use,Pressure on water resources,SDG 6.4.2. Water Stress,Portugal,2021,12.315712276,%,E,false
Water use,Pressure on water resources,SDG 6.4.2. Water Stress,Portugal,2022,12.315712276,%,E,false
Water use,Pressure on water resources,SDG 6.4.2. Water Stress,Puerto Rico,2016,19.535610627,%,E,false
Water use,Pressure on water resources,SDG 6.4.2. Water Stress,Puerto Rico,2017,19.535610627,%,E,false
Water use,Pressure on water resources,SDG 6.4.2. Water Stress,Puerto Rico,2018,19.535610627,%,E,false
Water use,Pressure on water resources,SDG 6.4.2. Water Stress,Puerto Rico,2019,19.535610627,%,E,false
Water use,Pressure on water resources,SDG 6.4.2. Water Stress,Puerto Rico,2020,19.535610627,%,E,false
Water use,Pressure on water resources,SDG 6.4.2. Water Stress,Puerto Rico,2021,19.535610627,%,E,false
Water use,Pressure on water resources,SDG 6.4.2. Water Stress,Puerto Rico,2022,19.535610627,%,E,false
Water use,Pressure on water resources,SDG 6.4.2. Water Stress,Qatar,2016,432.413793103,%,E,false
Water use,Pressure on water resources,SDG 6.4.2. Water Stress,Qatar,2017,431.034482759,%,E,false
Water use,Pressure on water resources,SDG 6.4.2. Water Stress,Qatar,2018,431.034482759,%,E,false
Water use,Pressure on water resources,SDG 6.4.2. Water Stress,Qatar,2019,431.034482759,%,I,false
Water use,Pressure on water resources,SDG 6.4.2. Water Stress,Qatar,2020,431.034482759,%,I,false
Water use,Pressure on water resources,SDG 6.4.2. Water Stress,Qatar,2021,431.034482759,%,I,false
Water use,Pressure on water resources,SDG 6.4.2. Water Stress,Qatar,2022,431.034482759,%,I,false
Water use,Pressure on water resources,SDG 6.4.2. Water Stress,Republic of Korea,2016,85.221833041,%,E,false
Water use,Pressure on water resources,SDG 6.4.2. Water Stress,Republic of Korea,2017,85.221833041,%,E,false
Water use,Pressure on water resources,SDG 6.4.2. Water Stress,Republic of Korea,2018,85.221833041,%,E,false
Water use,Pressure on water resources,SDG 6.4.2. Water Stress,Republic of Korea,2019,85.221833041,%,E,false
Water use,Pressure on water resources,SDG 6.4.2. Water Stress,Republic of Korea,2020,85.221833041,%,E,false
Water use,Pressure on water resources,SDG 6.4.2. Water Stress,Republic of Korea,2021,85.221833041,%,E,false
Water use,Pressure on water resources,SDG 6.4.2. Water Stress,Republic of Korea,2022,85.221833041,%,E,false
Water use,Pressure on water resources,SDG 6.4.2. Water Stress,Republic of Moldova,2016,12.503712504,%,E,false
Water use,Pressure on water resources,SDG 6.4.2. Water Stress,Republic of Moldova,2017,12.474012474,%,E,false
Water use,Pressure on water resources,SDG 6.4.2. Water Stress,Republic of Moldova,2018,12.429462429,%,E,false
Water use,Pressure on water resources,SDG 6.4.2. Water Stress,Republic of Moldova,2019,12.459162459,%,E,false
Water use,Pressure on water resources,SDG 6.4.2. Water Stress,Republic of Moldova,2020,12.563112563,%,E,false
Water use,Pressure on water resources,SDG 6.4.2. Water Stress,Republic of Moldova,2021,12.563112563,%,E,false
Water use,Pressure on water resources,SDG 6.4.2. Water Stress,Republic of Moldova,2022,12.563112563,%,E,false
Water use,Pressure on water resources,SDG 6.4.2. Water Stress,Romania,2016,5.967606029,%,E,false
Water use,Pressure on water resources,SDG 6.4.2. Water Stress,Romania,2017,6.341166557,%,E,false
Water use,Pressure on water resources,SDG 6.4.2. Water Stress,Romania,2018,6.00692819,%,E,false
Water use,Pressure on water resources,SDG 6.4.2. Water Stress,Romania,2019,6.547139781,%,E,false
Water use,Pressure on water resources,SDG 6.4.2. Water Stress,Romania,2020,6.924445277,%,E,false
Water use,Pressure on water resources,SDG 6.4.2. Water Stress,Romania,2021,7.362606497,%,E,false
Water use,Pressure on water resources,SDG 6.4.2. Water Stress,Romania,2022,7.63130793,%,E,false
Water use,Pressure on water resources,SDG 6.4.2. Water Stress,Russian Federation,2016,4.120334892,%,E,false
Water use,Pressure on water resources,SDG 6.4.2. Water Stress,Russian Federation,2017,4.096168705,%,E,false
Water use,Pressure on water resources,SDG 6.4.2. Water Stress,Russian Federation,2018,4.122242749,%,E,false
Water use,Pressure on water resources,SDG 6.4.2. Water Stress,Russian Federation,2019,4.122242749,%,E,false
Water use,Pressure on water resources,SDG 6.4.2. Water Stress,Russian Federation,2020,4.122242749,%,E,false
Water use,Pressure on water resources,SDG 6.4.2. Water Stress,Russian Federation,2021,4.122242749,%,E,false
Water use,Pressure on water resources,SDG 6.4.2. Water Stress,Russian Federation,2022,4.122242749,%,E,false
Water use,Pressure on water resources,SDG 6.4.2. Water Stress,Rwanda,2016,17.396840612,%,E,false
Water use,Pressure on water resources,SDG 6.4.2. Water Stress,Rwanda,2017,18.220410297,%,E,false
Water use,Pressure on water resources,SDG 6.4.2. Water Stress,Rwanda,2018,19.043979983,%,E,false
Water use,Pressure on water resources,SDG 6.4.2. Water Stress,Rwanda,2019,20.198675497,%,E,false
Water use,Pressure on water resources,SDG 6.4.2. Water Stress,Rwanda,2020,20.198675497,%,E,false
Water use,Pressure on water resources,SDG 6.4.2. Water Stress,Rwanda,2021,20.198675497,%,E,false
Water use,Pressure on water resources,SDG 6.4.2. Water Stress,Rwanda,2022,20.198675497,%,E,false
Water use,Pressure on water resources,SDG 6.4.2. Water Stress,Saint Kitts and Nevis,2016,50.833333333,%,I,false
Water use,Pressure on water resources,SDG 6.4.2. Water Stress,Saint Kitts and Nevis,2017,50.833333333,%,I,false
Water use,Pressure on water resources,SDG 6.4.2. Water Stress,Saint Kitts and Nevis,2018,50.833333333,%,I,false
Water use,Pressure on water resources,SDG 6.4.2. Water Stress,Saint Kitts and Nevis,2019,50.833333333,%,I,false
Water use,Pressure on water resources,SDG 6.4.2. Water Stress,Saint Kitts and Nevis,2020,50.833333333,%,I,false
Water use,Pressure on water resources,SDG 6.4.2. Water Stress,Saint Kitts and Nevis,2021,50.833333333,%,I,false
Water use,Pressure on water resources,SDG 6.4.2. Water Stress,Saint Kitts and Nevis,2022,50.833333333,%,I,false
Water use,Pressure on water resources,SDG 6.4.2. Water Stress,Saint Lucia,2016,14.3,%,I,false
Water use,Pressure on water resources,SDG 6.4.2. Water Stress,Saint Lucia,2017,14.3,%,I,false
Water use,Pressure on water resources,SDG 6.4.2. Water Stress,Saint Lucia,2018,14.3,%,I,false
Water use,Pressure on water resources,SDG 6.4.2. Water Stress,Saint Lucia,2019,14.3,%,I,false
Water use,Pressure on water resources,SDG 6.4.2. Water Stress,Saint Lucia,2020,14.3,%,I,false
Water use,Pressure on water resources,SDG 6.4.2. Water Stress,Saint Lucia,2021,14.3,%,I,false
Water use,Pressure on water resources,SDG 6.4.2. Water Stress,Saint Lucia,2022,14.3,%,I,false
Water use,Pressure on water resources,SDG 6.4.2. Water Stress,Saint Vincent and the Grenadines,2016,7.9,%,I,false
Water use,Pressure on water resources,SDG 6.4.2. Water Stress,Saint Vincent and the Grenadines,2017,7.9,%,I,false
Water use,Pressure on water resources,SDG 6.4.2. Water Stress,Saint Vincent and the Grenadines,2018,7.9,%,I,false
Water use,Pressure on water resources,SDG 6.4.2. Water Stress,Saint Vincent and the Grenadines,2019,7.9,%,I,false
Water use,Pressure on water resources,SDG 6.4.2. Water Stress,Saint Vincent and the Grenadines,2020,7.9,%,I,false
Water use,Pressure on water resources,SDG 6.4.2. Water Stress,Saint Vincent and the Grenadines,2021,7.9,%,I,false
Water use,Pressure on water resources,SDG 6.4.2. Water Stress,Saint Vincent and the Grenadines,2022,7.9,%,I,false
Water use,Pressure on water resources,SDG 6.4.2. Water Stress,Sao Tome and Principe,2016,1.876146789,%,E,false
Water use,Pressure on water resources,SDG 6.4.2. Water Stress,Sao Tome and Principe,2017,1.876146789,%,I,false
Water use,Pressure on water resources,SDG 6.4.2. Water Stress,Sao Tome and Principe,2018,1.876146789,%,I,false
Water use,Pressure on water resources,SDG 6.4.2. Water Stress,Sao Tome and Principe,2019,1.876146789,%,I,false
Water use,Pressure on water resources,SDG 6.4.2. Water Stress,Sao Tome and Principe,2020,1.876146789,%,I,false
Water use,Pressure on water resources,SDG 6.4.2. Water Stress,Sao Tome and Principe,2021,1.876146789,%,I,false
Water use,Pressure on water resources,SDG 6.4.2. Water Stress,Sao Tome and Principe,2022,1.876146789,%,I,false
Water use,Pressure on water resources,SDG 6.4.2. Water Stress,Saudi Arabia,2016,929.583333333,%,E,false
Water use,Pressure on water resources,SDG 6.4.2. Water Stress,Saudi Arabia,2017,955.958333333,%,E,false
Water use,Pressure on water resources,SDG 6.4.2. Water Stress,Saudi Arabia,2018,974.166666667,%,E,false
Water use,Pressure on water resources,SDG 6.4.2. Water Stress,Saudi Arabia,2019,974.166666667,%,I,false
Water use,Pressure on water resources,SDG 6.4.2. Water Stress,Saudi Arabia,2020,974.166666667,%,I,false
Water use,Pressure on water resources,SDG 6.4.2. Water Stress,Saudi Arabia,2021,974.166666667,%,I,false
Water use,Pressure on water resources,SDG 6.4.2. Water Stress,Saudi Arabia,2022,974.166666667,%,I,false
Water use,Pressure on water resources,SDG 6.4.2. Water Stress,Senegal,2016,13.075988323,%,E,false
Water use,Pressure on water resources,SDG 6.4.2. Water Stress,Senegal,2017,13.155802871,%,E,false
Water use,Pressure on water resources,SDG 6.4.2. Water Stress,Senegal,2018,16.086124402,%,E,false
Water use,Pressure on water resources,SDG 6.4.2. Water Stress,Senegal,2019,16.276448698,%,E,false
Water use,Pressure on water resources,SDG 6.4.2. Water Stress,Senegal,2020,16.276448698,%,E,false
Water use,Pressure on water resources,SDG 6.4.2. Water Stress,Senegal,2021,16.276448698,%,E,false
Water use,Pressure on water resources,SDG 6.4.2. Water Stress,Senegal,2022,16.276448698,%,E,false
Water use,Pressure on water resources,SDG 6.4.2. Water Stress,Serbia,2016,5.304181224,%,E,false
Water use,Pressure on water resources,SDG 6.4.2. Water Stress,Serbia,2017,6.059957173,%,E,false
Water use,Pressure on water resources,SDG 6.4.2. Water Stress,Serbia,2018,6.263383298,%,E,false
Water use,Pressure on water resources,SDG 6.4.2. Water Stress,Serbia,2019,6.331567677,%,E,false
Water use,Pressure on water resources,SDG 6.4.2. Water Stress,Serbia,2020,5.745520117,%,E,false
Water use,Pressure on water resources,SDG 6.4.2. Water Stress,Serbia,2021,5.444607235,%,E,false
Water use,Pressure on water resources,SDG 6.4.2. Water Stress,Serbia,2022,5.737631015,%,E,false
Water use,Pressure on water resources,SDG 6.4.2. Water Stress,Sierra Leone,2016,0.495794393,%,E,false
Water use,Pressure on water resources,SDG 6.4.2. Water Stress,Sierra Leone,2017,0.495794393,%,E,false
Water use,Pressure on water resources,SDG 6.4.2. Water Stress,Sierra Leone,2018,0.495794393,%,E,false
Water use,Pressure on water resources,SDG 6.4.2. Water Stress,Sierra Leone,2019,0.495794393,%,E,false
Water use,Pressure on water resources,SDG 6.4.2. Water Stress,Sierra Leone,2020,0.495794393,%,E,false
Water use,Pressure on water resources,SDG 6.4.2. Water Stress,Sierra Leone,2021,0.495794393,%,E,false
Water use,Pressure on water resources,SDG 6.4.2. Water Stress,Sierra Leone,2022,0.495794393,%,E,false
Water use,Pressure on water resources,SDG 6.4.2. Water Stress,Singapore,2016,84.966666667,%,E,false
Water use,Pressure on water resources,SDG 6.4.2. Water Stress,Singapore,2017,83.216666667,%,E,false
Water use,Pressure on water resources,SDG 6.4.2. Water Stress,Singapore,2018,81.383333333,%,E,false
Water use,Pressure on water resources,SDG 6.4.2. Water Stress,Singapore,2019,82.166666667,%,E,false
Water use,Pressure on water resources,SDG 6.4.2. Water Stress,Singapore,2020,83.116666667,%,E,false
Water use,Pressure on water resources,SDG 6.4.2. Water Stress,Singapore,2021,58.185944667,%,E,false
Water use,Pressure on water resources,SDG 6.4.2. Water Stress,Singapore,2022,33.255222667,%,E,false
Water use,Pressure on water resources,SDG 6.4.2. Water Stress,Slovakia,2016,2.389414802,%,E,false
Water use,Pressure on water resources,SDG 6.4.2. Water Stress,Slovakia,2017,2.393717728,%,E,false
Water use,Pressure on water resources,SDG 6.4.2. Water Stress,Slovakia,2018,2.394578313,%,E,false
Water use,Pressure on water resources,SDG 6.4.2. Water Stress,Slovakia,2019,2.403614458,%,E,false
Water use,Pressure on water resources,SDG 6.4.2. Water Stress,Slovakia,2020,2.388123924,%,E,false
Water use,Pressure on water resources,SDG 6.4.2. Water Stress,Slovakia,2021,2.436631239,%,E,false
Water use,Pressure on water resources,SDG 6.4.2. Water Stress,Slovakia,2022,2.425230293,%,E,false
Water use,Pressure on water resources,SDG 6.4.2. Water Stress,Slovenia,2016,5.999323868,%,E,false
Water use,Pressure on water resources,SDG 6.4.2. Water Stress,Slovenia,2017,6.29749831,%,E,false
Water use,Pressure on water resources,SDG 6.4.2. Water Stress,Slovenia,2018,6.497633536,%,E,false
Water use,Pressure on water resources,SDG 6.4.2. Water Stress,Slovenia,2019,6.382691007,%,E,false
Water use,Pressure on water resources,SDG 6.4.2. Water Stress,Slovenia,2020,6.781609195,%,E,false
Water use,Pressure on water resources,SDG 6.4.2. Water Stress,Slovenia,2021,6.29479378,%,E,false
Water use,Pressure on water resources,SDG 6.4.2. Water Stress,Slovenia,2022,5.591615957,%,E,false
Water use,Pressure on water resources,SDG 6.4.2. Water Stress,Small Island Developing States,2016,3.672670891,%,E,true
Water use,Pressure on water resources,SDG 6.4.2. Water Stress,Small Island Developing States,2017,3.668402648,%,E,true
Water use,Pressure on water resources,SDG 6.4.2. Water Stress,Small Island Developing States,2018,3.662655025,%,E,true
Water use,Pressure on water resources,SDG 6.4.2. Water Stress,Small Island Developing States,2019,3.663961909,%,E,true
Water use,Pressure on water resources,SDG 6.4.2. Water Stress,Small Island Developing States,2020,3.658551038,%,E,true
Water use,Pressure on water resources,SDG 6.4.2. Water Stress,Small Island Developing States,2021,3.651816628,%,E,true
Water use,Pressure on water resources,SDG 6.4.2. Water Stress,Small Island Developing States,2022,3.634053831,%,E,true
Water use,Pressure on water resources,SDG 6.4.2. Water Stress,Somalia,2016,24.527740592,%,E,false
Water use,Pressure on water resources,SDG 6.4.2. Water Stress,Somalia,2017,24.527740592,%,E,false
Water use,Pressure on water resources,SDG 6.4.2. Water Stress,Somalia,2018,24.527740592,%,E,false
Water use,Pressure on water resources,SDG 6.4.2. Water Stress,Somalia,2019,24.527740592,%,E,false
Water use,Pressure on water resources,SDG 6.4.2. Water Stress,Somalia,2020,24.527740592,%,E,false
Water use,Pressure on water resources,SDG 6.4.2. Water Stress,Somalia,2021,24.527740592,%,E,false
Water use,Pressure on water resources,SDG 6.4.2. Water Stress,Somalia,2022,24.527740592,%,E,false
Water use,Pressure on water resources,SDG 6.4.2. Water Stress,South Africa,2016,60.967018892,%,E,false
Water use,Pressure on water resources,SDG 6.4.2. Water Stress,South Africa,2017,62.055715658,%,E,false
Water use,Pressure on water resources,SDG 6.4.2. Water Stress,South Africa,2018,62.888248479,%,E,false
Water use,Pressure on water resources,SDG 6.4.2. Water Stress,South Africa,2019,64.040986231,%,E,false
Water use,Pressure on water resources,SDG 6.4.2. Water Stress,South Africa,2020,65.033621518,%,E,false
Water use,Pressure on water resources,SDG 6.4.2. Water Stress,South Africa,2021,66.890810118,%,E,false
Water use,Pressure on water resources,SDG 6.4.2. Water Stress,South Africa,2022,67.595260967,%,E,false
Water use,Pressure on water resources,SDG 6.4.2. Water Stress,South Sudan,2016,4.226075787,%,E,false
Water use,Pressure on water resources,SDG 6.4.2. Water Stress,South Sudan,2017,4.226075787,%,E,false
Water use,Pressure on water resources,SDG 6.4.2. Water Stress,South Sudan,2018,4.226075787,%,E,false
Water use,Pressure on water resources,SDG 6.4.2. Water Stress,South Sudan,2019,4.226075787,%,E,false
Water use,Pressure on water resources,SDG 6.4.2. Water Stress,South Sudan,2020,4.226075787,%,E,false
Water use,Pressure on water resources,SDG 6.4.2. Water Stress,South Sudan,2021,4.226075787,%,E,false
Water use,Pressure on water resources,SDG 6.4.2. Water Stress,South Sudan,2022,4.226075787,%,E,false
Water use,Pressure on water resources,SDG 6.4.2. Water Stress,South-eastern Asia,2016,20.482699245,%,E,true
Water use,Pressure on water resources,SDG 6.4.2. Water Stress,South-eastern Asia,2017,20.666138855,%,E,true
Water use,Pressure on water resources,SDG 6.4.2. Water Stress,South-eastern Asia,2018,20.680694006,%,E,true
Water use,Pressure on water resources,SDG 6.4.2. Water Stress,South-eastern Asia,2019,20.429794071,%,E,true
Water use,Pressure on water resources,SDG 6.4.2. Water Stress,South-eastern Asia,2020,20.490730257,%,E,true
Water use,Pressure on water resources,SDG 6.4.2. Water Stress,South-eastern Asia,2021,20.546960677,%,E,true
Water use,Pressure on water resources,SDG 6.4.2. Water Stress,South-eastern Asia,2022,20.624210706,%,E,true
Water use,Pressure on water resources,SDG 6.4.2. Water Stress,Southern Asia,2016,78.269220006,%,E,true
Water use,Pressure on water resources,SDG 6.4.2. Water Stress,Southern Asia,2017,78.284579596,%,E,true
Water use,Pressure on water resources,SDG 6.4.2. Water Stress,Southern Asia,2018,77.729330432,%,E,true
Water use,Pressure on water resources,SDG 6.4.2. Water Stress,Southern Asia,2019,76.528978506,%,E,true
Water use,Pressure on water resources,SDG 6.4.2. Water Stress,Southern Asia,2020,77.487416896,%,E,true
Water use,Pressure on water resources,SDG 6.4.2. Water Stress,Southern Asia,2021,77.070404039,%,E,true
Water use,Pressure on water resources,SDG 6.4.2. Water Stress,Southern Asia,2022,76.697166012,%,E,true
Water use,Pressure on water resources,SDG 6.4.2. Water Stress,Spain,2016,42.564417178,%,E,false
Water use,Pressure on water resources,SDG 6.4.2. Water Stress,Spain,2017,41.027948194,%,E,false
Water use,Pressure on water resources,SDG 6.4.2. Water Stress,Spain,2018,40.09406953,%,E,false
Water use,Pressure on water resources,SDG 6.4.2. Water Stress,Spain,2019,39.828902522,%,E,false
Water use,Pressure on water resources,SDG 6.4.2. Water Stress,Spain,2020,43.25403923,%,E,false
Water use,Pressure on water resources,SDG 6.4.2. Water Stress,Spain,2021,43.25403923,%,E,false
Water use,Pressure on water resources,SDG 6.4.2. Water Stress,Spain,2022,43.25403923,%,E,false
Water use,Pressure on water resources,SDG 6.4.2. Water Stress,Sri Lanka,2016,90.785413745,%,E,false
Water use,Pressure on water resources,SDG 6.4.2. Water Stress,Sri Lanka,2017,90.785413745,%,E,false
Water use,Pressure on water resources,SDG 6.4.2. Water Stress,Sri Lanka,2018,90.785413745,%,E,false
Water use,Pressure on water resources,SDG 6.4.2. Water Stress,Sri Lanka,2019,90.785413745,%,E,false
Water use,Pressure on water resources,SDG 6.4.2. Water Stress,Sri Lanka,2020,90.785413745,%,E,false
Water use,Pressure on water resources,SDG 6.4.2. Water Stress,Sri Lanka,2021,90.785413745,%,E,false
Water use,Pressure on water resources,SDG 6.4.2. Water Stress,Sri Lanka,2022,90.785413745,%,E,false
Water use,Pressure on water resources,SDG 6.4.2. Water Stress,Sub-Saharan Africa,2016,5.989613267,%,E,true
Water use,Pressure on water resources,SDG 6.4.2. Water Stress,Sub-Saharan Africa,2017,5.999974628,%,E,true
Water use,Pressure on water resources,SDG 6.4.2. Water Stress,Sub-Saharan Africa,2018,6.12691527,%,E,true
Water use,Pressure on water resources,SDG 6.4.2. Water Stress,Sub-Saharan Africa,2019,6.189687527,%,E,true
Water use,Pressure on water resources,SDG 6.4.2. Water Stress,Sub-Saharan Africa,2020,6.253054671,%,E,true
Water use,Pressure on water resources,SDG 6.4.2. Water Stress,Sub-Saharan Africa,2021,6.285108336,%,E,true
Water use,Pressure on water resources,SDG 6.4.2. Water Stress,Sub-Saharan Africa,2022,6.299102941,%,E,true
Water use,Pressure on water resources,SDG 6.4.2. Water Stress,Sudan,2016,118.656387665,%,E,false
Water use,Pressure on water resources,SDG 6.4.2. Water Stress,Sudan,2017,118.656387665,%,E,false
Water use,Pressure on water resources,SDG 6.4.2. Water Stress,Sudan,2018,118.656387665,%,E,false
Water use,Pressure on water resources,SDG 6.4.2. Water Stress,Sudan,2019,118.656387665,%,E,false
Water use,Pressure on water resources,SDG 6.4.2. Water Stress,Sudan,2020,118.656387665,%,E,false
Water use,Pressure on water resources,SDG 6.4.2. Water Stress,Sudan,2021,118.656387665,%,E,false
Water use,Pressure on water resources,SDG 6.4.2. Water Stress,Sudan,2022,118.656387665,%,E,false
Water use,Pressure on water resources,SDG 6.4.2. Water Stress,Suriname,2016,3.950609365,%,E,false
Water use,Pressure on water resources,SDG 6.4.2. Water Stress,Suriname,2017,3.950609365,%,E,false
Water use,Pressure on water resources,SDG 6.4.2. Water Stress,Suriname,2018,3.950609365,%,E,false
Water use,Pressure on water resources,SDG 6.4.2. Water Stress,Suriname,2019,3.950609365,%,E,false
Water use,Pressure on water resources,SDG 6.4.2. Water Stress,Suriname,2020,3.950609365,%,E,false
Water use,Pressure on water resources,SDG 6.4.2. Water Stress,Suriname,2021,3.950609365,%,E,false
Water use,Pressure on water resources,SDG 6.4.2. Water Stress,Suriname,2022,3.950609365,%,E,false
Water use,Pressure on water resources,SDG 6.4.2. Water Stress,Sweden,2016,3.458297258,%,E,false
Water use,Pressure on water resources,SDG 6.4.2. Water Stress,Sweden,2017,3.48946609,%,E,false
Water use,Pressure on water resources,SDG 6.4.2. Water Stress,Sweden,2018,3.520634921,%,E,false
Water use,Pressure on water resources,SDG 6.4.2. Water Stress,Sweden,2019,3.551803752,%,E,false
Water use,Pressure on water resources,SDG 6.4.2. Water Stress,Sweden,2020,3.582972583,%,E,false
Water use,Pressure on water resources,SDG 6.4.2. Water Stress,Sweden,2021,3.582972583,%,E,false
Water use,Pressure on water resources,SDG 6.4.2. Water Stress,Sweden,2022,3.582972583,%,E,false
Water use,Pressure on water resources,SDG 6.4.2. Water Stress,Switzerland,2016,6.498855835,%,E,false
Water use,Pressure on water resources,SDG 6.4.2. Water Stress,Switzerland,2017,6.498855835,%,E,false
Water use,Pressure on water resources,SDG 6.4.2. Water Stress,Switzerland,2018,6.498855835,%,E,false
Water use,Pressure on water resources,SDG 6.4.2. Water Stress,Switzerland,2019,6.498855835,%,E,false
Water use,Pressure on water resources,SDG 6.4.2. Water Stress,Switzerland,2020,6.498855835,%,E,false
Water use,Pressure on water resources,SDG 6.4.2. Water Stress,Switzerland,2021,6.498855835,%,E,false
Water use,Pressure on water resources,SDG 6.4.2. Water Stress,Switzerland,2022,6.498855835,%,E,false
Water use,Pressure on water resources,SDG 6.4.2. Water Stress,Syrian Arab Republic,2016,124.360138926,%,E,false
Water use,Pressure on water resources,SDG 6.4.2. Water Stress,Syrian Arab Republic,2017,124.360138926,%,E,false
Water use,Pressure on water resources,SDG 6.4.2. Water Stress,Syrian Arab Republic,2018,124.360138926,%,E,false
Water use,Pressure on water resources,SDG 6.4.2. Water Stress,Syrian Arab Republic,2019,124.360138926,%,E,false
Water use,Pressure on water resources,SDG 6.4.2. Water Stress,Syrian Arab Republic,2020,124.360138926,%,E,false
Water use,Pressure on water resources,SDG 6.4.2. Water Stress,Syrian Arab Republic,2021,124.360138926,%,E,false
Water use,Pressure on water resources,SDG 6.4.2. Water Stress,Syrian Arab Republic,2022,124.360138926,%,E,false
Water use,Pressure on water resources,SDG 6.4.2. Water Stress,Tajikistan,2016,57.718696398,%,E,false
Water use,Pressure on water resources,SDG 6.4.2. Water Stress,Tajikistan,2017,52.698245151,%,E,false
Water use,Pressure on water resources,SDG 6.4.2. Water Stress,Tajikistan,2018,64.480802217,%,E,false
Water use,Pressure on water resources,SDG 6.4.2. Water Stress,Tajikistan,2019,69.943264283,%,E,false
Water use,Pressure on water resources,SDG 6.4.2. Water Stress,Tajikistan,2020,69.943264283,%,E,false
Water use,Pressure on water resources,SDG 6.4.2. Water Stress,Tajikistan,2021,69.943264283,%,E,false
Water use,Pressure on water resources,SDG 6.4.2. Water Stress,Tajikistan,2022,69.943264283,%,E,false
Water use,Pressure on water resources,SDG 6.4.2. Water Stress,Thailand,2016,23.013935183,%,E,false
Water use,Pressure on water resources,SDG 6.4.2. Water Stress,Thailand,2017,23.013935183,%,E,false
Water use,Pressure on water resources,SDG 6.4.2. Water Stress,Thailand,2018,23.013935183,%,E,false
Water use,Pressure on water resources,SDG 6.4.2. Water Stress,Thailand,2019,23.013935183,%,E,false
Water use,Pressure on water resources,SDG 6.4.2. Water Stress,Thailand,2020,23.013935183,%,E,false
Water use,Pressure on water resources,SDG 6.4.2. Water Stress,Thailand,2021,23.013935183,%,E,false
Water use,Pressure on water resources,SDG 6.4.2. Water Stress,Thailand,2022,23.013935183,%,E,false
Water use,Pressure on water resources,SDG 6.4.2. Water Stress,Timor-Leste,2016,28.268210323,%,E,false
Water use,Pressure on water resources,SDG 6.4.2. Water Stress,Timor-Leste,2017,28.268210323,%,E,false
Water use,Pressure on water resources,SDG 6.4.2. Water Stress,Timor-Leste,2018,28.268210323,%,E,false
Water use,Pressure on water resources,SDG 6.4.2. Water Stress,Timor-Leste,2019,28.268210323,%,E,false
Water use,Pressure on water resources,SDG 6.4.2. Water Stress,Timor-Leste,2020,28.268210323,%,E,false
Water use,Pressure on water resources,SDG 6.4.2. Water Stress,Timor-Leste,2021,28.268210323,%,E,false
Water use,Pressure on water resources,SDG 6.4.2. Water Stress,Timor-Leste,2022,28.268210323,%,E,false
Water use,Pressure on water resources,SDG 6.4.2. Water Stress,Togo,2016,3.391634981,%,E,false
Water use,Pressure on water resources,SDG 6.4.2. Water Stress,Togo,2017,3.391634981,%,E,false
Water use,Pressure on water resources,SDG 6.4.2. Water Stress,Togo,2018,3.391634981,%,E,false
Water use,Pressure on water resources,SDG 6.4.2. Water Stress,Togo,2019,3.391634981,%,E,false
Water use,Pressure on water resources,SDG 6.4.2. Water Stress,Togo,2020,3.391634981,%,E,false
Water use,Pressure on water resources,SDG 6.4.2. Water Stress,Togo,2021,3.391634981,%,E,false
Water use,Pressure on water resources,SDG 6.4.2. Water Stress,Togo,2022,3.391634981,%,E,false
Water use,Pressure on water resources,SDG 6.4.2. Water Stress,Trinidad and Tobago,2016,20.326481258,%,E,false
Water use,Pressure on water resources,SDG 6.4.2. Water Stress,Trinidad and Tobago,2017,20.326481258,%,E,false
Water use,Pressure on water resources,SDG 6.4.2. Water Stress,Trinidad and Tobago,2018,20.326481258,%,E,false
Water use,Pressure on water resources,SDG 6.4.2. Water Stress,Trinidad and Tobago,2019,20.326481258,%,E,false
Water use,Pressure on water resources,SDG 6.4.2. Water Stress,Trinidad and Tobago,2020,20.326481258,%,E,false
Water use,Pressure on water resources,SDG 6.4.2. Water Stress,Trinidad and Tobago,2021,20.326481258,%,E,false
Water use,Pressure on water resources,SDG 6.4.2. Water Stress,Trinidad and Tobago,2022,20.326481258,%,E,false
Water use,Pressure on water resources,SDG 6.4.2. Water Stress,Tunisia,2016,94.609349212,%,E,false
Water use,Pressure on water resources,SDG 6.4.2. Water Stress,Tunisia,2017,89.531015921,%,E,false
Water use,Pressure on water resources,SDG 6.4.2. Water Stress,Tunisia,2018,95.9987812,%,E,false
Water use,Pressure on water resources,SDG 6.4.2. Water Stress,Tunisia,2019,96.310590864,%,E,false
Water use,Pressure on water resources,SDG 6.4.2. Water Stress,Tunisia,2020,98.113399182,%,E,false
Water use,Pressure on water resources,SDG 6.4.2. Water Stress,Tunisia,2021,98.113399182,%,E,false
Water use,Pressure on water resources,SDG 6.4.2. Water Stress,Tunisia,2022,98.113399182,%,E,false
Water use,Pressure on water resources,SDG 6.4.2. Water Stress,Turkmenistan,2016,144.861926842,%,E,false
Water use,Pressure on water resources,SDG 6.4.2. Water Stress,Turkmenistan,2017,148.666666667,%,E,false
Water use,Pressure on water resources,SDG 6.4.2. Water Stress,Turkmenistan,2018,138.485316847,%,E,false
Water use,Pressure on water resources,SDG 6.4.2. Water Stress,Turkmenistan,2019,142.751674395,%,E,false
Water use,Pressure on water resources,SDG 6.4.2. Water Stress,Turkmenistan,2020,135.213807316,%,E,false
Water use,Pressure on water resources,SDG 6.4.2. Water Stress,Turkmenistan,2021,135.213807316,%,E,false
Water use,Pressure on water resources,SDG 6.4.2. Water Stress,Turkmenistan,2022,135.213807316,%,E,false
Water use,Pressure on water resources,SDG 6.4.2. Water Stress,Türkiye,2016,44.276907079,%,E,false
Water use,Pressure on water resources,SDG 6.4.2. Water Stress,Türkiye,2017,43.667076432,%,E,false
Water use,Pressure on water resources,SDG 6.4.2. Water Stress,Türkiye,2018,45.378875436,%,E,false
Water use,Pressure on water resources,SDG 6.4.2. Water Stress,Türkiye,2019,46.301582114,%,E,false
Water use,Pressure on water resources,SDG 6.4.2. Water Stress,Türkiye,2020,46.128099235,%,E,false
Water use,Pressure on water resources,SDG 6.4.2. Water Stress,Türkiye,2021,43.378147515,%,E,false
Water use,Pressure on water resources,SDG 6.4.2. Water Stress,Türkiye,2022,47.886533462,%,E,false
Water use,Pressure on water resources,SDG 6.4.2. Water Stress,Uganda,2016,5.82799634,%,E,false
Water use,Pressure on water resources,SDG 6.4.2. Water Stress,Uganda,2017,5.82799634,%,E,false
Water use,Pressure on water resources,SDG 6.4.2. Water Stress,Uganda,2018,5.82799634,%,E,false
Water use,Pressure on water resources,SDG 6.4.2. Water Stress,Uganda,2019,5.82799634,%,E,false
Water use,Pressure on water resources,SDG 6.4.2. Water Stress,Uganda,2020,5.82799634,%,E,false
Water use,Pressure on water resources,SDG 6.4.2. Water Stress,Uganda,2021,5.82799634,%,E,false
Water use,Pressure on water resources,SDG 6.4.2. Water Stress,Uganda,2022,5.82799634,%,E,false
Water use,Pressure on water resources,SDG 6.4.2. Water Stress,Ukraine,2016,12.082145634,%,E,false
Water use,Pressure on water resources,SDG 6.4.2. Water Stress,Ukraine,2017,13.87017362,%,E,false
Water use,Pressure on water resources,SDG 6.4.2. Water Stress,Ukraine,2018,13.87017362,%,E,false
Water use,Pressure on water resources,SDG 6.4.2. Water Stress,Ukraine,2019,13.728945323,%,E,false
Water use,Pressure on water resources,SDG 6.4.2. Water Stress,Ukraine,2020,12.255765742,%,E,false
Water use,Pressure on water resources,SDG 6.4.2. Water Stress,Ukraine,2021,10.84102099,%,E,false
Water use,Pressure on water resources,SDG 6.4.2. Water Stress,Ukraine,2022,6.298134232,%,E,false
Water use,Pressure on water resources,SDG 6.4.2. Water Stress,United Arab Emirates,2016,1679.333333333,%,E,false
Water use,Pressure on water resources,SDG 6.4.2. Water Stress,United Arab Emirates,2017,1630,%,E,false
Water use,Pressure on water resources,SDG 6.4.2. Water Stress,United Arab Emirates,2018,1667.333333333,%,E,false
Water use,Pressure on water resources,SDG 6.4.2. Water Stress,United Arab Emirates,2019,1628.666666667,%,E,false
Water use,Pressure on water resources,SDG 6.4.2. Water Stress,United Arab Emirates,2020,1587.333333333,%,E,false
Water use,Pressure on water resources,SDG 6.4.2. Water Stress,United Arab Emirates,2021,1533.333333333,%,E,false
Water use,Pressure on water resources,SDG 6.4.2. Water Stress,United Arab Emirates,2022,1509.933333333,%,E,false
Water use,Pressure on water resources,SDG 6.4.2. Water Stress,United Kingdom of Great Britain and Northern Ireland,2016,14.354646206,%,E,false
Water use,Pressure on water resources,SDG 6.4.2. Water Stress,United Kingdom of Great Britain and Northern Ireland,2017,14.354646206,%,E,false
Water use,Pressure on water resources,SDG 6.4.2. Water Stress,United Kingdom of Great Britain and Northern Ireland,2018,14.354646206,%,E,false
Water use,Pressure on water resources,SDG 6.4.2. Water Stress,United Kingdom of Great Britain and Northern Ireland,2019,14.354646206,%,E,false
Water use,Pressure on water resources,SDG 6.4.2. Water Stress,United Kingdom of Great Britain and Northern Ireland,2020,14.354646206,%,E,false
Water use,Pressure on water resources,SDG 6.4.2. Water Stress,United Kingdom of Great Britain and Northern Ireland,2021,14.354646206,%,E,false
Water use,Pressure on water resources,SDG 6.4.2. Water Stress,United Kingdom of Great Britain and Northern Ireland,2022,14.354646206,%,E,false
Water use,Pressure on water resources,SDG 6.4.2. Water Stress,United Republic of Tanzania,2016,12.96324081,%,E,false
Water use,Pressure on water resources,SDG 6.4.2. Water Stress,United Republic of Tanzania,2017,12.96324081,%,E,false
Water use,Pressure on water resources,SDG 6.4.2. Water Stress,United Republic of Tanzania,2018,12.96324081,%,E,false
Water use,Pressure on water resources,SDG 6.4.2. Water Stress,United Republic of Tanzania,2019,12.96324081,%,E,false
Water use,Pressure on water resources,SDG 6.4.2. Water Stress,United Republic of Tanzania,2020,12.96324081,%,E,false
Water use,Pressure on water resources,SDG 6.4.2. Water Stress,United Republic of Tanzania,2021,12.96324081,%,E,false
Water use,Pressure on water resources,SDG 6.4.2. Water Stress,United Republic of Tanzania,2022,12.96324081,%,E,false
Water use,Pressure on water resources,SDG 6.4.2. Water Stress,United States of America,2016,28.155259823,%,E,false
Water use,Pressure on water resources,SDG 6.4.2. Water Stress,United States of America,2017,28.155259823,%,E,false
Water use,Pressure on water resources,SDG 6.4.2. Water Stress,United States of America,2018,28.155259823,%,E,false
Water use,Pressure on water resources,SDG 6.4.2. Water Stress,United States of America,2019,28.155259823,%,E,false
Water use,Pressure on water resources,SDG 6.4.2. Water Stress,United States of America,2020,28.155259823,%,E,false
Water use,Pressure on water resources,SDG 6.4.2. Water Stress,United States of America,2021,28.155259823,%,E,false
Water use,Pressure on water resources,SDG 6.4.2. Water Stress,United States of America,2022,28.155259823,%,E,false
Water use,Pressure on water resources,SDG 6.4.2. Water Stress,Uruguay,2016,11.262795196,%,E,false
Water use,Pressure on water resources,SDG 6.4.2. Water Stress,Uruguay,2017,11.355088879,%,E,false
Water use,Pressure on water resources,SDG 6.4.2. Water Stress,Uruguay,2018,11.447382563,%,E,false
Water use,Pressure on water resources,SDG 6.4.2. Water Stress,Uruguay,2019,11.539676247,%,E,false
Water use,Pressure on water resources,SDG 6.4.2. Water Stress,Uruguay,2020,11.631969931,%,E,false
Water use,Pressure on water resources,SDG 6.4.2. Water Stress,Uruguay,2021,11.815761495,%,E,false
Water use,Pressure on water resources,SDG 6.4.2. Water Stress,Uruguay,2022,12.052014372,%,E,false
Water use,Pressure on water resources,SDG 6.4.2. Water Stress,Uzbekistan,2016,156.446802409,%,E,false
Water use,Pressure on water resources,SDG 6.4.2. Water Stress,Uzbekistan,2017,168.924577,%,E,false
Water use,Pressure on water resources,SDG 6.4.2. Water Stress,Uzbekistan,2018,160.384284485,%,E,false
Water use,Pressure on water resources,SDG 6.4.2. Water Stress,Uzbekistan,2019,151.84399197,%,E,false
Water use,Pressure on water resources,SDG 6.4.2. Water Stress,Uzbekistan,2020,143.389733295,%,E,false
Water use,Pressure on water resources,SDG 6.4.2. Water Stress,Uzbekistan,2021,121.881273301,%,E,false
Water use,Pressure on water resources,SDG 6.4.2. Water Stress,Uzbekistan,2022,123.028391167,%,E,false
Water use,Pressure on water resources,SDG 6.4.2. Water Stress,Venezuela (Bolivarian Republic of),2016,7.540366667,%,E,false
Water use,Pressure on water resources,SDG 6.4.2. Water Stress,Venezuela (Bolivarian Republic of),2017,7.540366667,%,E,false
Water use,Pressure on water resources,SDG 6.4.2. Water Stress,Venezuela (Bolivarian Republic of),2018,7.540366667,%,E,false
Water use,Pressure on water resources,SDG 6.4.2. Water Stress,Venezuela (Bolivarian Republic of),2019,7.540366667,%,E,false
Water use,Pressure on water resources,SDG 6.4.2. Water Stress,Venezuela (Bolivarian Republic of),2020,7.540366667,%,E,false
Water use,Pressure on water resources,SDG 6.4.2. Water Stress,Venezuela (Bolivarian Republic of),2021,7.540366667,%,E,false
Water use,Pressure on water resources,SDG 6.4.2. Water Stress,Venezuela (Bolivarian Republic of),2022,7.540366667,%,E,false
Water use,Pressure on water resources,SDG 6.4.2. Water Stress,Viet Nam,2016,18.130315379,%,E,false
Water use,Pressure on water resources,SDG 6.4.2. Water Stress,Viet Nam,2017,18.130315379,%,E,false
Water use,Pressure on water resources,SDG 6.4.2. Water Stress,Viet Nam,2018,18.130315379,%,E,false
Water use,Pressure on water resources,SDG 6.4.2. Water Stress,Viet Nam,2019,18.130315379,%,E,false
Water use,Pressure on water resources,SDG 6.4.2. Water Stress,Viet Nam,2020,18.130315379,%,E,false
Water use,Pressure on water resources,SDG 6.4.2. Water Stress,Viet Nam,2021,18.130315379,%,E,false
Water use,Pressure on water resources,SDG 6.4.2. Water Stress,Viet Nam,2022,18.130315379,%,E,false
Water use,Pressure on water resources,SDG 6.4.2. Water Stress,Western Asia,2016,61.090463827,%,E,true
Water use,Pressure on water resources,SDG 6.4.2. Water Stress,Western Asia,2017,62.605091794,%,E,true
Water use,Pressure on water resources,SDG 6.4.2. Water Stress,Western Asia,2018,60.015613099,%,E,true
Water use,Pressure on water resources,SDG 6.4.2. Water Stress,Western Asia,2019,69.381816195,%,E,true
Water use,Pressure on water resources,SDG 6.4.2. Water Stress,Western Asia,2020,64.906973134,%,E,true
Water use,Pressure on water resources,SDG 6.4.2. Water Stress,Western Asia,2021,62.923586948,%,E,true
Water use,Pressure on water resources,SDG 6.4.2. Water Stress,Western Asia,2022,65.106578974,%,E,true
Water use,Pressure on water resources,SDG 6.4.2. Water Stress,World,2016,18.197539114,%,E,true
Water use,Pressure on water resources,SDG 6.4.2. Water Stress,World,2017,18.347950356,%,E,true
Water use,Pressure on water resources,SDG 6.4.2. Water Stress,World,2018,18.266476572,%,E,true
Water use,Pressure on water resources,SDG 6.4.2. Water Stress,World,2019,18.26692169,%,E,true
Water use,Pressure on water resources,SDG 6.4.2. Water Stress,World,2020,18.142429344,%,E,true
Water use,Pressure on water resources,SDG 6.4.2. Water Stress,World,2021,18.019962185,%,E,true
Water use,Pressure on water resources,SDG 6.4.2. Water Stress,World,2022,18.044992067,%,E,true
Water use,Pressure on water resources,SDG 6.4.2. Water Stress,Yemen,2016,169.761904762,%,I,false
Water use,Pressure on water resources,SDG 6.4.2. Water Stress,Yemen,2017,169.761904762,%,I,false
Water use,Pressure on water resources,SDG 6.4.2. Water Stress,Yemen,2018,169.761904762,%,I,false
Water use,Pressure on water resources,SDG 6.4.2. Water Stress,Yemen,2019,169.761904762,%,I,false
Water use,Pressure on water resources,SDG 6.4.2. Water Stress,Yemen,2020,169.761904762,%,I,false
Water use,Pressure on water resources,SDG 6.4.2. Water Stress,Yemen,2021,169.761904762,%,I,false
Water use,Pressure on water resources,SDG 6.4.2. Water Stress,Yemen,2022,169.761904762,%,I,false
Water use,Pressure on water resources,SDG 6.4.2. Water Stress,Zambia,2016,2.835497836,%,E,false
Water use,Pressure on water resources,SDG 6.4.2. Water Stress,Zambia,2017,2.835497836,%,E,false
Water use,Pressure on water resources,SDG 6.4.2. Water Stress,Zambia,2018,2.835497836,%,E,false
Water use,Pressure on water resources,SDG 6.4.2. Water Stress,Zambia,2019,2.835497836,%,E,false
Water use,Pressure on water resources,SDG 6.4.2. Water Stress,Zambia,2020,2.835497836,%,E,false
Water use,Pressure on water resources,SDG 6.4.2. Water Stress,Zambia,2021,2.835497836,%,E,false
Water use,Pressure on water resources,SDG 6.4.2. Water Stress,Zambia,2022,2.835497836,%,E,false
Water use,Pressure on water resources,SDG 6.4.2. Water Stress,Zimbabwe,2016,31.937664288,%,E,false
Water use,Pressure on water resources,SDG 6.4.2. Water Stress,Zimbabwe,2017,31.346226061,%,E,false
Water use,Pressure on water resources,SDG 6.4.2. Water Stress,Zimbabwe,2018,35.405385383,%,E,false
Water use,Pressure on water resources,SDG 6.4.2. Water Stress,Zimbabwe,2019,39.769661782,%,E,false
Water use,Pressure on water resources,SDG 6.4.2. Water Stress,Zimbabwe,2020,46.091620306,%,E,false
Water use,Pressure on water resources,SDG 6.4.2. Water Stress,Zimbabwe,2021,46.091620306,%,E,false
Water use,Pressure on water resources,SDG 6.4.2. Water Stress,Zimbabwe,2022,46.091620306,%,E,false
