Country,observedPropertyDeterminandLabel,phenomenonTimeReferenceYear,resultMeanValue
Finland,Nitrite,2009,0.0016
Bulgaria,Dissolved oxygen,2002,6.91
Finland,Nitrite,2010,0.0016
Bulgaria,Nitrite,2001,0.072
Finland,Dissolved oxygen,2004,8.93
Finland,Dissolved oxygen,2007,9.1
Finland,Dissolved oxygen,2003,8.5
Finland,Dissolved oxygen,2009,9.0
Finland,Dissolved oxygen,2011,9.3
Bulgaria,Nitrite,2002,0.002
Bulgaria,Nitrite,2004,0.003
Bulgaria,Nitrite,2001,0.01
Bulgaria,Nitrite,2000,0.026
Bulgaria,Nitrite,2000,0.002
Finland,Dissolved oxygen,2006,9.0
Bulgaria,Nitrite,2001,0.005
Bulgaria,Ammonium,2003,0.026
Bulgaria,Ammonium,2005,0.02
Bulgaria,Ammonium,2000,0.18
Bulgaria,Ammonium,2002,0.061
Bulgaria,Ammonium,2002,0.015
Bulgaria,Ammonium,2004,0.01
Bulgaria,Ammonium,2001,0.028
Bulgaria,Ammonium,2003,0.045
Bulgaria,Ammonium,2000,0.145
Bulgaria,Nitrate,2004,12.262
Bulgaria,Nitrate,2005,13.839
Finland,Nitrate,2007,0.02
Finland,Nitrate,2009,0.01
Finland,Ammonium,2008,0.0032
Finland,Ammonium,2010,0.0039
Bulgaria,Ammonium,2004,0.054
Finland,Nitrate,2008,0.01
Finland,Nitrate,2010,0.01
Bulgaria,Dissolved oxygen,2003,7.63
Bulgaria,Dissolved oxygen,2005,7.135
Finland,Ammonium,2003,0.0032
Bulgaria,Ammonium,2001,0.067
Finland,Ammonium,2007,0.0023
Finland,Nitrate,2004,0.04
Bulgaria,Nitrate,2001,61.124
Finland,Ammonium,2006,0.0045
Finland,Ammonium,2004,0.0013
Finland,Ammonium,2007,0.0013
Finland,Nitrate,2006,0.03
Bulgaria,Nitrate,2002,67.326
Belgium,Nitrate,2003,13.3501
Bulgaria,Nitrate,2005,16.201
Bulgaria,Nitrate,2002,10.335
Bulgaria,Nitrate,2003,12.853
Finland,Nitrate,2007,0.08
Finland,Nitrate,2001,6.109
Finland,Nitrate,2003,5.42
Bulgaria,Dissolved oxygen,2004,6.86
Finland,Nitrate,2003,0.43
Bulgaria,Nitrate,2002,62.733
Finland,Nitrate,2011,3.7
Finland,Nitrate,2006,6.31
Finland,Nitrate,2008,9.74
Finland,Dissolved oxygen,2010,9.1
Bulgaria,Nitrite,2000,0.093
Finland,Nitrate,2002,6.198
Finland,Nitrate,2004,6.09
Finland,Nitrate,2009,8.85
Belgium,Nitrate,2008,48.65
Belgium,Nitrate,2004,20.3861
Finland,Ammonium,2008,0.0013
Belgium,Ammonium,2008,0.125
Belgium,Ammonium,2004,0.0482
Belgium,Ammonium,2011,0.33
Bulgaria,Nitrite,2004,0.017
Bulgaria,Nitrite,2003,0.002
Belgium,Dissolved oxygen,2006,3.79
Bulgaria,Nitrate,2005,73.784
Bulgaria,Dissolved oxygen,2004,6.623
Bulgaria,Nitrite,2003,0.01
Bulgaria,Nitrite,2005,0.011
Belgium,Dissolved oxygen,2005,3.74
Belgium,Dissolved oxygen,2007,2.54
Finland,Ammonium,2011,0.003
Finland,Ammonium,2012,0.0026
Finland,Dissolved oxygen,2012,9.3
Bulgaria,Dissolved oxygen,2005,2.615
Bulgaria,Dissolved oxygen,2005,6.148
Bulgaria,Dissolved oxygen,2002,6.17
Finland,Ammonium,2009,0.0013
Bulgaria,Ammonium,2005,0.017
Finland,Ammonium,2011,0.002
Belgium,Ammonium,2012,0.21
Bulgaria,Ammonium,2001,0.155
Finland,Ammonium,2010,0.0013
Finland,Dissolved oxygen,2008,4.9
Finland,Dissolved oxygen,2010,7.68
Finland,Dissolved oxygen,2012,6.03
Belgium,Dissolved oxygen,2003,2.94
Belgium,Dissolved oxygen,2005,6.44
Finland,Dissolved oxygen,2007,5.07
Bulgaria,Dissolved oxygen,2003,7.625
Bulgaria,Dissolved oxygen,2004,7.663
Finland,Dissolved oxygen,2009,9.27
Finland,Dissolved oxygen,2011,9.58
Finland,Dissolved oxygen,2011,4.6
Belgium,Dissolved oxygen,2010,5.778
Belgium,Ammonium,2011,0.21
Belgium,Ammonium,2007,0.082
Belgium,Ammonium,2009,0.51
Bulgaria,Ammonium,2004,0.211
Finland,Ammonium,2006,0.0013
Belgium,Nitrate,2007,42.64
Belgium,Nitrate,2009,49.47
Belgium,Nitrate,2005,30.0
Bulgaria,Nitrate,2004,5.422
Bulgaria,Nitrate,2004,23.855
Belgium,Nitrite,2006,0.052
Bulgaria,Dissolved oxygen,2005,7.505
Finland,Dissolved oxygen,2010,5.12
Finland,Dissolved oxygen,2011,9.22
Finland,Dissolved oxygen,2010,5.9
Belgium,Dissolved oxygen,2007,5.17
Belgium,Dissolved oxygen,2009,4.76
Bulgaria,Nitrate,2001,6.777
Belgium,Ammonium,2010,0.2458
Belgium,Ammonium,2012,0.19
Belgium,Ammonium,2008,0.065
Belgium,Ammonium,2010,0.2952
Bulgaria,Ammonium,2005,0.248
Finland,Dissolved oxygen,2012,6.32
Bulgaria,Nitrite,2003,0.102
Bulgaria,Nitrite,2004,0.104
Bulgaria,Nitrite,2002,0.062
Finland,Dissolved oxygen,2008,9.32
Finland,Dissolved oxygen,2009,8.0
Belgium,Dissolved oxygen,2004,6.7509
Belgium,Dissolved oxygen,2006,6.18
Belgium,Nitrite,2005,0.055
Finland,Dissolved oxygen,2004,5.63
Finland,Dissolved oxygen,2010,9.4
Finland,Dissolved oxygen,2011,0.5
Belgium,Dissolved oxygen,2011,4.76
Belgium,Dissolved oxygen,2005,3.4
Belgium,Ammonium,2004,0.1321
Belgium,Ammonium,2005,0.149
Bulgaria,Dissolved oxygen,2001,5.9
Bulgaria,Dissolved oxygen,2002,3.362
Belgium,Dissolved oxygen,2009,2.94
Belgium,Dissolved oxygen,2010,2.7345
Bulgaria,Ammonium,2002,0.215
Bulgaria,Ammonium,2002,0.13
Finland,Nitrate,2000,1.25
Finland,Nitrate,2012,2.47
Bulgaria,Dissolved oxygen,2002,5.467
Bulgaria,Nitrite,2001,0.012
Belgium,Nitrate,2004,30.962
Belgium,Nitrate,2005,47.56
Bulgaria,Nitrate,2000,10.553
Finland,Dissolved oxygen,2012,9.1
Belgium,Nitrate,2012,43.49
Belgium,Nitrate,2008,31.78
Bulgaria,Ammonium,2001,0.149
Bulgaria,Ammonium,2003,0.105
Bulgaria,Nitrate,2000,66.416
Finland,Nitrate,2006,0.09
Bulgaria,Nitrate,2003,10.606
Finland,Nitrate,2010,2.95
Finland,Nitrate,2007,9.41
Belgium,Nitrate,2011,42.86
Belgium,Nitrate,2009,34.25
Belgium,Nitrate,2011,33.21
Belgium,Nitrate,2003,102.99
Belgium,Nitrate,2005,72.77
Belgium,Nitrate,2007,30.87
Belgium,Nitrate,2007,68.43
Belgium,Nitrate,2009,69.84
Belgium,Nitrate,2011,71.79
Bulgaria,Nitrite,2005,0.005
Bulgaria,Nitrite,2002,0.01
Bulgaria,Nitrate,2003,61.42
Bulgaria,Nitrate,2004,65.089
Finland,Nitrate,2001,0.0947
Finland,Nitrate,2002,0.1094
Bulgaria,Nitrate,2003,21.79
Belgium,Nitrate,2012,64.62
Belgium,Nitrate,2005,12.01
Bulgaria,Nitrate,2000,14.51
Belgium,Dissolved oxygen,2006,2.94
Belgium,Nitrite,2006,0.053
Belgium,Dissolved oxygen,2004,2.7707
Belgium,Dissolved oxygen,2011,1.17
Bulgaria,Dissolved oxygen,2004,10.2
Belgium,Nitrate,2007,13.66
Belgium,Nitrate,2009,25.83
Bulgaria,Nitrate,2004,18.373
Bulgaria,Nitrate,2000,32.228
Bulgaria,Nitrate,2002,42.644
Belgium,Dissolved oxygen,2007,2.68
Bulgaria,Dissolved oxygen,2003,7.26
Bulgaria,Nitrite,2002,1.122
Belgium,Nitrite,2010,0.031
Belgium,Dissolved oxygen,2004,5.4972
Finland,Nitrate,2003,0.12
Finland,Nitrate,2004,0.11
Belgium,Nitrate,2003,1.8816
Belgium,Dissolved oxygen,2004,3.3764
Bulgaria,Dissolved oxygen,2004,2.4
Belgium,Nitrite,2004,0.0463
Bulgaria,Dissolved oxygen,2005,9.35
Bulgaria,Dissolved oxygen,2001,3.69
Bulgaria,Ammonium,2005,0.087
Belgium,Ammonium,2006,3.356
Belgium,Ammonium,2009,2.681
Belgium,Ammonium,2010,3.1
Bulgaria,Ammonium,2004,0.152
Belgium,Nitrate,2010,41.94
Belgium,Nitrate,2006,32.03
Bulgaria,Nitrate,2005,30.73
Finland,Ammonium,2012,0.0013
Belgium,Ammonium,2011,0.22
Belgium,Ammonium,2006,0.131
Belgium,Ammonium,2006,0.061
Bulgaria,Ammonium,2000,0.358
Belgium,Dissolved oxygen,2008,2.32
Belgium,Dissolved oxygen,2011,2.75
Belgium,Dissolved oxygen,2012,2.62
Bulgaria,Dissolved oxygen,2001,5.18
Bulgaria,Nitrite,2000,0.013
Belgium,Nitrate,2004,5.1743
Belgium,Nitrate,2011,13.96
Belgium,Nitrate,2012,10.41
Bulgaria,Ammonium,2001,0.001
Belgium,Nitrate,2008,70.27
Bulgaria,Nitrate,2000,26.35
Finland,Nitrate,2000,0.0952
Finland,Nitrate,2008,0.08
Belgium,Dissolved oxygen,2009,2.9
Belgium,Dissolved oxygen,2010,4.3633
Belgium,Nitrite,2009,0.173
Belgium,Nitrite,2010,0.114
Belgium,Dissolved oxygen,2007,1.32
Belgium,Dissolved oxygen,2008,0.89
Bulgaria,Nitrite,2004,0.026
Belgium,Nitrite,2006,0.063
Finland,Nitrate,2010,0.09
Finland,Nitrate,2012,0.06
Belgium,Nitrate,2003,5.2233
Bulgaria,Nitrite,2001,0.009
Bulgaria,Dissolved oxygen,2003,4.39
Finland,Nitrite,2012,0.0033
Belgium,Nitrite,2008,0.056
Belgium,Nitrite,2010,0.033
Bulgaria,Dissolved oxygen,2001,4.733
Bulgaria,Dissolved oxygen,2003,3.45
Bulgaria,Nitrite,2005,0.095
Belgium,Nitrate,2006,45.19
Belgium,Dissolved oxygen,2009,0.61
Belgium,Dissolved oxygen,2011,1.29
Bulgaria,Nitrite,2004,0.016
Belgium,Nitrite,2004,0.2692
Bulgaria,Dissolved oxygen,2005,6.862
Finland,Ammonium,2009,0.0013
Finland,Ammonium,2010,0.0013
Bulgaria,Nitrite,2004,0.112
Bulgaria,Nitrite,2005,0.016
Finland,Nitrite,2011,0.002
Finland,Nitrite,2012,0.0016
Bulgaria,Nitrate,2000,8.229
Finland,Nitrite,2010,0.0033
Belgium,Nitrite,2009,0.043
Belgium,Nitrite,2011,0.031
Belgium,Dissolved oxygen,2006,2.28
Belgium,Dissolved oxygen,2008,0.84
Bulgaria,Ammonium,2003,0.101
Bulgaria,Ammonium,2004,0.327
Bulgaria,Nitrite,2005,0.012
Bulgaria,Nitrite,2000,0.009
Bulgaria,Dissolved oxygen,2003,5.4
Belgium,Dissolved oxygen,2011,0.23
Belgium,Dissolved oxygen,2008,6.44
Belgium,Nitrite,2008,0.033
Belgium,Dissolved oxygen,2008,3.74
Bulgaria,Dissolved oxygen,2002,8.938
Belgium,Nitrite,2004,0.0225
Belgium,Dissolved oxygen,2009,1.1
Bulgaria,Nitrite,2003,0.019
Bulgaria,Ammonium,2004,0.076
Bulgaria,Ammonium,2005,0.024
Bulgaria,Ammonium,2004,0.471
Bulgaria,Ammonium,2005,0.452
Belgium,Ammonium,2007,3.182
Belgium,Ammonium,2008,3.104
Bulgaria,Ammonium,2003,0.432
Bulgaria,Dissolved oxygen,2004,5.525
Bulgaria,Dissolved oxygen,2001,4.667
Belgium,Nitrate,2005,6.58
Finland,Nitrate,2008,0.82
Finland,Nitrate,2010,0.74
Bulgaria,Nitrate,2001,57.438
Bulgaria,Nitrate,2005,8.208
Belgium,Nitrate,2008,12.41
Belgium,Nitrate,2007,5.3
Hungary,Ammonium,2004,1.0628
Bulgaria,Ammonium,2005,0.344
Finland,Ammonium,2011,0.001
Bulgaria,Nitrate,2002,15.45
Belgium,Nitrate,2006,4.27
Belgium,Nitrate,2010,10.26
Bulgaria,Nitrate,2004,36.908
Belgium,Nitrate,2010,31.43
Belgium,Nitrate,2012,34.04
Belgium,Nitrate,2004,53.1516
Belgium,Nitrate,2006,70.97
Finland,Nitrate,2011,0.08
Belgium,Nitrite,2005,0.044
Belgium,Nitrite,2012,0.086
Belgium,Dissolved oxygen,2003,2.13
Belgium,Dissolved oxygen,2012,4.98
Belgium,Nitrite,2011,0.038
Belgium,Nitrite,2012,0.07
Belgium,Dissolved oxygen,2011,3.13
Belgium,Dissolved oxygen,2012,2.8
Belgium,Nitrite,2008,0.026
Belgium,Nitrite,2011,0.098
Belgium,Dissolved oxygen,2005,1.61
Bulgaria,Nitrite,2003,0.003
Belgium,Nitrate,2004,14.77
Finland,Nitrate,2007,0.53
Belgium,Dissolved oxygen,2006,0.7
Bulgaria,Nitrite,2002,0.033
Belgium,Nitrite,2007,0.035
Bulgaria,Dissolved oxygen,2005,2.975
Bulgaria,Nitrite,2005,0.054
Belgium,Dissolved oxygen,2007,0.94
Bulgaria,Dissolved oxygen,2002,3.5
Bulgaria,Dissolved oxygen,2004,1.45
Belgium,Dissolved oxygen,2006,2.27
Belgium,Nitrite,2003,0.1294
Belgium,Dissolved oxygen,2010,0.9014
Bulgaria,Dissolved oxygen,2001,7.785
Bulgaria,Dissolved oxygen,2002,5.525
Bulgaria,Dissolved oxygen,2005,5.925
Belgium,Dissolved oxygen,2005,0.93
Belgium,Dissolved oxygen,2006,0.97
Belgium,Nitrite,2003,0.11
Belgium,Nitrite,2005,0.172
Finland,Nitrate,2009,1.02
Belgium,Nitrate,2010,74.35
Bulgaria,Nitrate,2005,0.081
Bulgaria,Nitrate,2005,20.38
Belgium,Nitrate,2009,5.15
Finland,Nitrate,2000,6.817
Bulgaria,Nitrate,2003,37.996
Bulgaria,Nitrate,2000,5.622
Bulgaria,Nitrate,2005,9.513
Bulgaria,Nitrate,2005,36.888
Bulgaria,Nitrate,2001,14.316
Bulgaria,Nitrate,2004,11.9
Belgium,Nitrate,2012,3.2
Bulgaria,Nitrate,2001,25.35
Bulgaria,Nitrate,2000,102.488
Belgium,Dissolved oxygen,2012,1.49
Belgium,Dissolved oxygen,2010,2.5
Belgium,Dissolved oxygen,2012,0.75
Belgium,Dissolved oxygen,2005,3.23
Bulgaria,Nitrate,2002,11.6
Belgium,Nitrate,2006,15.09
Bulgaria,Nitrate,2001,28.669
Bulgaria,Nitrate,2002,37.074
Belgium,Nitrate,2007,35.48
Bulgaria,Nitrate,2001,13.35
Finland,Nitrate,2009,0.06
Bulgaria,Nitrate,2001,49.308
Bulgaria,Nitrate,2003,35.25
Finland,Nitrate,2011,0.87
Belgium,Dissolved oxygen,2007,2.32
Bulgaria,Nitrite,2001,0.024
Bulgaria,Nitrite,2003,0.024
Bulgaria,Nitrite,2005,0.003
Belgium,Nitrate,2008,28.41
Belgium,Nitrate,2010,37.76
Belgium,Nitrate,2006,49.98
Bulgaria,Dissolved oxygen,2003,4.833
Hungary,Ammonium,2001,1.0576
Bulgaria,Ammonium,2000,0.097
Belgium,Ammonium,2004,1.8558
Belgium,Ammonium,2011,2.92
Bulgaria,Ammonium,2003,0.007
Finland,Nitrate,2010,13.16
Bulgaria,Ammonium,2000,0.06
Hungary,Ammonium,2003,1.0063
Hungary,Ammonium,2005,1.0942
Belgium,Ammonium,2008,0.3
Belgium,Ammonium,2012,0.16
Belgium,Ammonium,2007,0.14
Belgium,Ammonium,2009,0.167
Belgium,Ammonium,2005,0.077
Belgium,Ammonium,2012,0.29
Bulgaria,Ammonium,2000,0.027
Hungary,Ammonium,2002,1.1377
Bulgaria,Ammonium,2000,0.172
Bulgaria,Ammonium,2000,0.017
Bulgaria,Ammonium,2001,0.056
Bulgaria,Ammonium,2003,0.18
Belgium,Ammonium,2009,0.262
Belgium,Ammonium,2011,0.11
Bulgaria,Ammonium,2005,0.08
Belgium,Nitrate,2008,37.23
Belgium,Nitrate,2004,41.7037
Belgium,Nitrate,2005,53.9
Belgium,Nitrate,2006,26.57
Belgium,Nitrite,2007,0.028
Belgium,Nitrite,2009,0.079
Belgium,Nitrite,2005,0.037
Belgium,Dissolved oxygen,2012,1.91
Bulgaria,Dissolved oxygen,2005,3.458
Bulgaria,Nitrite,2001,0.01
Belgium,Dissolved oxygen,2009,0.47
Belgium,Nitrate,2008,4.04
Belgium,Nitrate,2010,3.0
Belgium,Nitrate,2006,33.63
Belgium,Nitrate,2004,39.9873
Belgium,Dissolved oxygen,2008,0.8
Bulgaria,Dissolved oxygen,2005,3.582
Belgium,Nitrite,2007,0.022
Belgium,Ammonium,2007,7.281
Belgium,Nitrite,2012,0.157
Bulgaria,Nitrite,2000,0.007
Bulgaria,Nitrite,2002,0.039
Belgium,Dissolved oxygen,2010,1.0669
Belgium,Dissolved oxygen,2004,2.7
Finland,Dissolved oxygen,2007,8.48
Belgium,Dissolved oxygen,2012,2.66
Bulgaria,Dissolved oxygen,2002,4.863
Bulgaria,Dissolved oxygen,2004,3.76
Belgium,Dissolved oxygen,2004,1.5483
Finland,Dissolved oxygen,2008,8.55
Finland,Dissolved oxygen,2010,4.9
Belgium,Nitrite,2009,0.202
Belgium,Nitrite,2010,0.055
Belgium,Dissolved oxygen,2008,4.94
Belgium,Dissolved oxygen,2011,5.2
Belgium,Nitrite,2005,0.146
Hungary,Ammonium,2000,1.0403
Bulgaria,Nitrate,2000,12.95
Bulgaria,Nitrite,2004,0.001
Bulgaria,Nitrite,2000,0.001
Bulgaria,Nitrite,2001,0.002
Bulgaria,Nitrite,2001,0.026
Belgium,Ammonium,2009,0.455
Bulgaria,Ammonium,2001,0.014
Bulgaria,Ammonium,2002,0.241
Bulgaria,Ammonium,2004,0.221
Belgium,Ammonium,2008,5.296
Belgium,Ammonium,2010,0.1393
Belgium,Ammonium,2004,0.293
Belgium,Ammonium,2003,0.1247
Belgium,Ammonium,2006,0.445
Bulgaria,Ammonium,2002,0.005
Bulgaria,Ammonium,2004,0.04
Bulgaria,Nitrite,2005,0.047
Belgium,Dissolved oxygen,2012,5.8
Belgium,Dissolved oxygen,2005,5.25
Bulgaria,Nitrite,2004,0.038
Belgium,Dissolved oxygen,2005,0.05
Bulgaria,Nitrite,2000,0.004
Bulgaria,Dissolved oxygen,2001,4.89
Belgium,Dissolved oxygen,2008,6.39
Belgium,Dissolved oxygen,2011,5.5
Belgium,Nitrite,2005,0.076
Bulgaria,Nitrite,2001,0.001
Belgium,Nitrite,2003,0.0541
Bulgaria,Nitrite,2000,0.035
Belgium,Dissolved oxygen,2007,4.64
Belgium,Dissolved oxygen,2012,5.2
Belgium,Nitrite,2003,0.0463
Belgium,Nitrite,2010,0.057
Belgium,Nitrite,2003,0.005
Belgium,Nitrite,2011,0.048
Belgium,Dissolved oxygen,2006,4.84
Bulgaria,Nitrite,2003,0.013
Bulgaria,Dissolved oxygen,2004,6.567
Belgium,Dissolved oxygen,2007,0.55
Belgium,Nitrate,2011,3.12
Belgium,Ammonium,2003,2.4833
Belgium,Ammonium,2005,3.638
Belgium,Ammonium,2012,2.42
Bulgaria,Ammonium,2003,0.331
Belgium,Ammonium,2005,1.042
Belgium,Ammonium,2006,0.941
Bulgaria,Nitrite,2002,0.085
Belgium,Dissolved oxygen,2009,1.9
Belgium,Dissolved oxygen,2011,3.08
Belgium,Nitrite,2006,0.073
Bulgaria,Ammonium,2002,0.924
Bulgaria,Ammonium,2003,0.576
Belgium,Nitrite,2007,0.029
Belgium,Nitrite,2008,0.052
Belgium,Dissolved oxygen,2009,3.6
Belgium,Dissolved oxygen,2010,5.3418
Belgium,Nitrite,2007,0.108
Belgium,Nitrite,2008,0.108
Estonia,Dissolved oxygen,2010,16.1
Belgium,Ammonium,2007,0.443
Belgium,Ammonium,2009,0.533
Bulgaria,Ammonium,2001,0.082
Finland,Ammonium,2011,0.014
Bulgaria,Nitrite,2001,0.013
Bulgaria,Nitrite,2004,0.001
Belgium,Dissolved oxygen,2008,0.57
Belgium,Nitrate,2009,37.31
Belgium,Nitrate,2010,33.32
Finland,Nitrate,2010,15.76
Belgium,Ammonium,2010,0.286
Belgium,Ammonium,2011,0.29
Belgium,Ammonium,2004,1.4781
Belgium,Ammonium,2007,0.781
Bulgaria,Ammonium,2000,0.055
Bulgaria,Ammonium,2004,0.011
Bulgaria,Ammonium,2004,0.634
Finland,Ammonium,2010,0.0099
Finland,Nitrate,2012,11.38
Belgium,Ammonium,2003,0.4828
Belgium,Ammonium,2005,0.573
Bulgaria,Ammonium,2003,0.01
Bulgaria,Ammonium,2005,0.03
Belgium,Nitrate,2007,31.61
Belgium,Nitrate,2009,30.42
Belgium,Nitrate,2007,50.57
Belgium,Nitrate,2009,46.14
Finland,Nitrite,2011,0.002
Bulgaria,Dissolved oxygen,2003,5.303
Bulgaria,Nitrate,2004,0.142
Bulgaria,Nitrate,2004,14.1
Bulgaria,Nitrate,2001,11.075
Bulgaria,Nitrate,2003,10.7
Belgium,Dissolved oxygen,2010,0.4005
Bulgaria,Dissolved oxygen,2001,6.967
Finland,Nitrate,2011,31.87
Finland,Nitrate,2000,0.286
Finland,Nitrate,2010,7.65
Belgium,Nitrite,2006,0.181
Belgium,Dissolved oxygen,2009,5.06
Belgium,Dissolved oxygen,2010,3.6405
Belgium,Nitrite,2007,0.04
Finland,Nitrite,2010,0.0089
Bulgaria,Dissolved oxygen,2001,8.19
Finland,Nitrite,2009,0.0016
Belgium,Nitrate,2005,29.58
Belgium,Nitrate,2012,30.6
Belgium,Nitrate,2005,58.52
Bulgaria,Nitrite,2003,0.07
Belgium,Dissolved oxygen,2003,2.2672
Finland,Nitrite,2000,0.003
Belgium,Nitrate,2012,50.01
Finland,Nitrate,2011,10.51
Bulgaria,Ammonium,2001,0.725
Belgium,Ammonium,2011,0.63
Belgium,Ammonium,2012,0.6
Belgium,Ammonium,2005,0.549
Belgium,Ammonium,2012,0.07
Belgium,Ammonium,2009,0.985
Belgium,Ammonium,2008,0.11
Belgium,Ammonium,2010,0.3726
Bulgaria,Nitrite,2005,0.014
Finland,Dissolved oxygen,2003,10.4
Finland,Dissolved oxygen,2010,0.9
Belgium,Nitrate,2011,52.97
Finland,Nitrite,2011,0.002
Bulgaria,Nitrate,2000,22.2
Belgium,Dissolved oxygen,2004,5.525
Belgium,Nitrite,2009,0.623
Belgium,Nitrite,2004,0.131
Belgium,Nitrate,2006,56.3
Belgium,Nitrate,2008,59.08
Belgium,Nitrate,2010,53.55
Bulgaria,Nitrate,2005,11.021
Bulgaria,Ammonium,2000,0.07
Bulgaria,Ammonium,2005,0.531
Belgium,Ammonium,2003,0.025
Belgium,Nitrate,2005,52.98
Belgium,Nitrate,2012,40.95
Belgium,Nitrate,2004,12.871
Bulgaria,Nitrate,2002,38.1
Bulgaria,Nitrate,2004,34.7
Belgium,Ammonium,2008,1.041
Belgium,Ammonium,2010,0.8161
Belgium,Ammonium,2007,14.461
Belgium,Nitrite,2011,0.071
Bulgaria,Dissolved oxygen,2005,8.5
Bulgaria,Nitrite,2002,0.02
Finland,Nitrite,2010,0.0043
Finland,Dissolved oxygen,2011,3.9
Bulgaria,Dissolved oxygen,2002,6.283
Bulgaria,Dissolved oxygen,2004,6.117
Belgium,Nitrite,2007,0.059
Belgium,Nitrate,2008,47.21
Finland,Nitrate,2011,8.63
Belgium,Nitrite,2009,0.102
Belgium,Dissolved oxygen,2004,1.56
Belgium,Dissolved oxygen,2006,1.58
Finland,Nitrite,2011,0.003
Belgium,Nitrate,2003,41.0301
Belgium,Nitrate,2010,45.1
Finland,Nitrate,2001,0.276
Bulgaria,Nitrate,2003,1.368
Bulgaria,Nitrate,2004,1.996
Bulgaria,Nitrate,2001,39.8
Bulgaria,Nitrate,2002,39.2
Bulgaria,Nitrite,2005,0.034
Bulgaria,Nitrite,2004,2.679
Belgium,Nitrite,2006,0.165
Belgium,Ammonium,2009,16.461
Belgium,Ammonium,2004,0.309
Belgium,Ammonium,2011,0.34
Belgium,Ammonium,2008,0.366
Belgium,Ammonium,2008,12.182
Belgium,Ammonium,2010,10.9486
Belgium,Ammonium,2004,0.7429
Belgium,Ammonium,2006,13.502
Belgium,Dissolved oxygen,2003,1.664
Belgium,Dissolved oxygen,2004,2.0
Bulgaria,Nitrite,2002,0.052
Bulgaria,Nitrite,2004,0.042
Belgium,Nitrate,2009,78.0
Belgium,Nitrate,2012,73.23
Bulgaria,Nitrate,2002,14.76
Bulgaria,Nitrate,2003,11.399
Bulgaria,Dissolved oxygen,2004,3.3
Finland,Nitrite,2012,0.0016
Belgium,Nitrite,2006,0.046
Belgium,Nitrate,2011,30.95
Belgium,Nitrate,2003,101.7687
Bulgaria,Nitrate,2002,20.788
Belgium,Ammonium,2012,0.83
Belgium,Ammonium,2003,8.73
Belgium,Ammonium,2005,12.955
Bulgaria,Ammonium,2001,0.175
Bulgaria,Ammonium,2003,0.013
Finland,Nitrate,2012,6.81
Bulgaria,Nitrate,2001,2.517
Belgium,Nitrite,2005,0.091
Belgium,Nitrite,2012,0.082
Belgium,Dissolved oxygen,2010,2.863
Belgium,Dissolved oxygen,2006,5.7
Belgium,Nitrate,2003,99.82
Bulgaria,Nitrate,2003,47.735
Belgium,Dissolved oxygen,2007,5.4
Belgium,Dissolved oxygen,2008,5.78
Finland,Dissolved oxygen,2006,9.45
Belgium,Nitrate,2010,58.3
Finland,Nitrate,2001,0.0221
Bulgaria,Nitrate,2004,7.278
Finland,Dissolved oxygen,2009,11.4
Finland,Dissolved oxygen,2012,4.9
Bulgaria,Nitrite,2001,2.893
Belgium,Nitrite,2004,0.0738
Belgium,Nitrite,2011,0.059
Bulgaria,Dissolved oxygen,2001,6.35
Finland,Nitrite,2012,0.0016
Belgium,Nitrite,2009,0.104
Belgium,Dissolved oxygen,2011,3.12
Belgium,Dissolved oxygen,2012,1.41
Belgium,Nitrite,2011,0.052
Belgium,Nitrite,2012,0.064
Belgium,Dissolved oxygen,2006,1.11
Bulgaria,Nitrate,2000,26.025
Bulgaria,Nitrate,2002,28.336
Bulgaria,Nitrate,2005,2.269
Belgium,Ammonium,2011,15.53
Belgium,Ammonium,2012,12.31
Bulgaria,Ammonium,2004,0.462
Bulgaria,Nitrate,2000,40.885
Bulgaria,Nitrate,2002,2.575
Bulgaria,Nitrate,2000,55.575
Bulgaria,Nitrate,2003,45.925
Belgium,Nitrate,2010,72.13
Belgium,Nitrate,2011,73.48
Belgium,Nitrite,2011,0.066
Belgium,Dissolved oxygen,2003,1.7216
Bulgaria,Nitrite,2001,0.008
Bulgaria,Nitrate,2000,16.411
Bulgaria,Nitrate,2001,13.523
Bulgaria,Nitrate,2004,44.249
Bulgaria,Nitrate,2005,59.827
Bulgaria,Nitrate,2000,66.368
Belgium,Nitrate,2011,29.01
Bulgaria,Nitrite,2003,0.031
Belgium,Dissolved oxygen,2009,0.53
Belgium,Dissolved oxygen,2010,0.2902
Bulgaria,Nitrite,2002,0.009
Bulgaria,Nitrite,2005,0.034
Bulgaria,Nitrate,2001,5.951
Belgium,Nitrate,2006,0.82
Belgium,Nitrite,2007,0.144
Belgium,Dissolved oxygen,2005,5.52
Bulgaria,Dissolved oxygen,2002,4.35
Bulgaria,Nitrite,2003,0.004
Bulgaria,Nitrite,2005,0.007
Belgium,Nitrate,2004,53.3844
Finland,Nitrate,2000,0.0257
Finland,Nitrate,2002,0.0531
Finland,Nitrate,2004,0.07
Bulgaria,Nitrate,2000,11.932
Bulgaria,Nitrate,2002,7.974
Belgium,Nitrate,2007,0.79
Belgium,Dissolved oxygen,2005,5.52
Finland,Nitrite,2010,0.0016
Bulgaria,Nitrite,2005,0.034
Finland,Nitrate,2003,0.25
Bulgaria,Nitrate,2005,37.7
Bulgaria,Ammonium,2000,0.165
Bulgaria,Ammonium,2002,0.01
Bulgaria,Ammonium,2004,0.036
Bulgaria,Dissolved oxygen,2003,5.25
Bulgaria,Nitrite,2001,0.59
Belgium,Dissolved oxygen,2006,1.93
Belgium,Dissolved oxygen,2008,1.26
Belgium,Nitrite,2012,0.07
Finland,Ammonium,2002,0.0118
Belgium,Ammonium,2009,10.876
Belgium,Ammonium,2011,11.22
Bulgaria,Nitrite,2003,0.029
Bulgaria,Dissolved oxygen,2005,3.5
Belgium,Nitrite,2008,0.053
Belgium,Ammonium,2010,15.0031
Belgium,Dissolved oxygen,2003,3.43
Belgium,Dissolved oxygen,2005,1.43
Belgium,Nitrite,2005,0.068
Finland,Ammonium,2007,0.0367
Belgium,Nitrate,2005,80.01
Finland,Nitrate,2008,0.03
Belgium,Nitrate,2008,64.15
Bulgaria,Nitrate,2000,6.375
Bulgaria,Nitrite,2000,0.015
Bulgaria,Nitrite,2001,0.005
Bulgaria,Nitrite,2001,0.008
Bulgaria,Dissolved oxygen,2003,7.815
Bulgaria,Nitrite,2000,0.004
Bulgaria,Nitrite,2000,0.023
Bulgaria,Nitrite,2000,0.045
Bulgaria,Nitrite,2002,0.006
Belgium,Dissolved oxygen,2011,2.65
Belgium,Nitrite,2007,0.028
Belgium,Nitrite,2008,0.124
Belgium,Dissolved oxygen,2005,1.34
Belgium,Dissolved oxygen,2009,5.97
Belgium,Dissolved oxygen,2010,6.2385
Bulgaria,Dissolved oxygen,2004,2.675
Belgium,Dissolved oxygen,2007,6.02
Belgium,Dissolved oxygen,2012,6.15
Bulgaria,Nitrite,2000,0.026
Belgium,Nitrite,2005,0.024
Belgium,Nitrite,2012,0.261
Belgium,Ammonium,2011,0.94
Belgium,Ammonium,2005,10.61
Belgium,Ammonium,2008,15.054
Finland,Nitrate,2003,0.026
Belgium,Nitrate,2008,1.84
Belgium,Nitrate,2010,4.1
Finland,Nitrate,2010,0.02
Belgium,Nitrate,2006,49.44
Belgium,Nitrate,2007,83.01
Bulgaria,Nitrate,2004,13.825
Bulgaria,Nitrate,2001,41.172
Belgium,Nitrate,2005,2.49
Belgium,Nitrate,2012,3.02
Belgium,Nitrate,2005,27.48
Belgium,Nitrate,2012,31.12
Belgium,Nitrate,2007,51.73
Belgium,Ammonium,2006,1.336
Bulgaria,Ammonium,2000,0.1
Bulgaria,Ammonium,2001,0.024
Belgium,Ammonium,2012,10.63
Belgium,Nitrate,2007,56.13
Belgium,Ammonium,2005,0.349
Belgium,Ammonium,2012,0.28
Finland,Nitrate,2006,0.04
Bulgaria,Nitrate,2005,35.75
Finland,Nitrate,2006,0.42
Belgium,Dissolved oxygen,2003,1.3675
Belgium,Dissolved oxygen,2005,1.39
Finland,Ammonium,2009,0.0251
Bulgaria,Ammonium,2001,0.009
Finland,Ammonium,2004,0.0522
Bulgaria,Dissolved oxygen,2004,7.29
Bulgaria,Nitrite,2003,0.007
Belgium,Nitrite,2010,0.051
Belgium,Dissolved oxygen,2007,1.15
Belgium,Nitrite,2009,0.143
Belgium,Nitrate,2009,3.4
Belgium,Nitrite,2011,0.069
Belgium,Dissolved oxygen,2004,1.8169
Bulgaria,Dissolved oxygen,2002,6.68
Finland,Ammonium,2001,0.0167
Finland,Ammonium,2003,0.0073
Bulgaria,Dissolved oxygen,2001,2.3
Belgium,Nitrite,2009,0.051
Belgium,Dissolved oxygen,2007,1.32
Belgium,Nitrite,2006,0.051
Bulgaria,Ammonium,2005,0.036
Belgium,Ammonium,2007,11.968
Belgium,Ammonium,2003,1.2835
Belgium,Ammonium,2010,0.3272
Finland,Ammonium,2000,0.0178
Bulgaria,Ammonium,2000,0.219
Bulgaria,Ammonium,2002,0.104
Belgium,Ammonium,2003,5.2981
Belgium,Ammonium,2012,0.3
Belgium,Nitrite,2004,0.0619
Belgium,Dissolved oxygen,2010,1.1025
Belgium,Dissolved oxygen,2012,1.2
Belgium,Nitrite,2008,0.031
Belgium,Nitrite,2010,0.037
Belgium,Dissolved oxygen,2005,3.01
Bulgaria,Nitrite,2004,0.004
Belgium,Dissolved oxygen,2004,6.0408
Belgium,Dissolved oxygen,2011,5.88
Finland,Nitrite,2009,0.0016
Bulgaria,Nitrite,2004,0.015
Belgium,Nitrite,2006,0.094
Belgium,Dissolved oxygen,2004,1.2
Belgium,Dissolved oxygen,2011,0.24
Belgium,Nitrite,2006,0.035
Belgium,Dissolved oxygen,2011,3.7
Finland,Nitrate,2010,10.18
Bulgaria,Nitrite,2004,0.012
Belgium,Nitrite,2010,0.037
Belgium,Dissolved oxygen,2008,2.44
Belgium,Nitrite,2008,0.051
Belgium,Nitrite,2011,0.212
Belgium,Dissolved oxygen,2009,1.76
Belgium,Ammonium,2010,0.1767
Finland,Ammonium,2012,0.0026
Bulgaria,Ammonium,2002,0.094
Belgium,Nitrite,2004,0.0486
Belgium,Dissolved oxygen,2006,5.6
Bulgaria,Dissolved oxygen,2005,6.585
Bulgaria,Nitrite,2002,0.01
Bulgaria,Dissolved oxygen,2004,7.558
Bulgaria,Nitrite,2002,0.001
Bulgaria,Nitrite,2004,0.027
Belgium,Nitrite,2004,0.05
Belgium,Dissolved oxygen,2007,1.72
Belgium,Dissolved oxygen,2009,2.31
Finland,Dissolved oxygen,2010,7.53
Belgium,Dissolved oxygen,2008,0.84
Finland,Nitrate,2012,0.68
Belgium,Nitrate,2009,56.85
Belgium,Nitrite,2008,0.063
Belgium,Dissolved oxygen,2005,4.3
Bulgaria,Dissolved oxygen,2002,7.695
Finland,Ammonium,2011,0.001
Belgium,Dissolved oxygen,2009,2.93
Finland,Nitrite,2011,0.002
Bulgaria,Dissolved oxygen,2001,3.227
Bulgaria,Nitrite,2001,0.005
Finland,Nitrite,2012,0.0016
Bulgaria,Dissolved oxygen,2001,5.155
Bulgaria,Nitrite,2005,0.026
Belgium,Dissolved oxygen,2009,3.03
Bulgaria,Dissolved oxygen,2001,7.19
Belgium,Dissolved oxygen,2007,3.09
Belgium,Dissolved oxygen,2011,4.18
Bulgaria,Dissolved oxygen,2005,7.453
Belgium,Dissolved oxygen,2012,1.67
Bulgaria,Ammonium,2001,0.12
Finland,Ammonium,2010,0.0013
Bulgaria,Ammonium,2004,0.163
Belgium,Ammonium,2004,0.0789
Belgium,Ammonium,2006,0.105
Bulgaria,Ammonium,2005,0.106
Bulgaria,Ammonium,2002,0.047
Belgium,Nitrate,2011,42.62
Belgium,Nitrate,2004,35.728
Bulgaria,Nitrate,2001,19.452
Bulgaria,Nitrate,2003,21.816
Finland,Nitrate,2002,0.272
Finland,Nitrate,2004,0.23
Finland,Nitrate,2010,1.86
Finland,Nitrate,2011,2.61
Bulgaria,Nitrate,2002,7.865
Bulgaria,Nitrate,2005,5.106
Finland,Nitrite,2000,0.003
Finland,Nitrite,2008,0.0016
Finland,Dissolved oxygen,2009,10.4
Finland,Nitrite,2001,0.003
Finland,Nitrite,2007,0.0016
Belgium,Dissolved oxygen,2010,5.1697
Finland,Dissolved oxygen,2006,10.85
Finland,Dissolved oxygen,2008,10.32
Finland,Nitrite,2009,0.0037
Belgium,Dissolved oxygen,2007,3.89
Finland,Dissolved oxygen,2004,10.2
Finland,Dissolved oxygen,2007,10.28
Bulgaria,Nitrate,2004,21.152
Finland,Nitrate,2012,2.5
Bulgaria,Dissolved oxygen,2003,6.107
Finland,Dissolved oxygen,2002,10.38
Finland,Dissolved oxygen,2010,10.62
Bulgaria,Dissolved oxygen,2003,3.905
Belgium,Nitrite,2006,0.066
Belgium,Dissolved oxygen,2003,44.4373
Belgium,Dissolved oxygen,2004,5.2732
Belgium,Nitrite,2003,0.1865
Belgium,Nitrite,2010,0.064
Belgium,Nitrite,2012,0.142
Finland,Dissolved oxygen,2000,10.37
Finland,Dissolved oxygen,2012,10.12
Bulgaria,Nitrite,2003,0.024
Finland,Nitrate,2003,0.15
Bulgaria,Nitrate,2001,29.236
Finland,Dissolved oxygen,2011,10.8
Bulgaria,Dissolved oxygen,2002,4.33
Finland,Nitrite,2002,0.003
Finland,Nitrite,2006,0.0016
Finland,Ammonium,2012,0.0064
Finland,Ammonium,2010,0.0142
Belgium,Ammonium,2007,0.133
Belgium,Ammonium,2009,0.559
Belgium,Ammonium,2011,0.22
Bulgaria,Ammonium,2000,0.006
Finland,Ammonium,2002,0.0052
Bulgaria,Nitrate,2005,19.533
Finland,Nitrate,2011,9.3
Belgium,Nitrate,2009,56.56
Belgium,Nitrate,2011,3.19
Finland,Ammonium,2012,0.019
Finland,Ammonium,2010,0.0013
Bulgaria,Nitrate,2004,38.275
Finland,Nitrate,2011,0.03
Finland,Nitrate,2012,0.01
Belgium,Dissolved oxygen,2006,3.93
Belgium,Dissolved oxygen,2008,4.86
Belgium,Nitrite,2007,0.065
Bulgaria,Nitrate,2003,5.778
Bulgaria,Nitrate,2004,9.067
Finland,Nitrate,2002,0.11
Finland,Nitrate,2010,0.1
Bulgaria,Nitrate,2003,25.3
Bulgaria,Nitrate,2000,29.95
Finland,Nitrate,2004,0.06
Bulgaria,Nitrate,2000,37.775
Bulgaria,Nitrate,2001,22.19
Bulgaria,Nitrate,2002,16.033
Bulgaria,Nitrate,2004,1.75
Belgium,Ammonium,2008,0.309
Finland,Ammonium,2011,0.001
Bulgaria,Ammonium,2001,0.058
Bulgaria,Ammonium,2003,0.086
Bulgaria,Ammonium,2004,0.101
Finland,Dissolved oxygen,2011,10.5
Belgium,Nitrite,2012,0.116
Finland,Dissolved oxygen,2006,10.8
Finland,Dissolved oxygen,2008,10.77
Bulgaria,Nitrate,2005,8.242
Bulgaria,Ammonium,2005,0.06
Bulgaria,Ammonium,2003,23.976
Finland,Ammonium,2004,0.0048
Finland,Ammonium,2010,0.0077
Finland,Ammonium,2011,0.004
Finland,Nitrate,2006,0.1
Finland,Nitrate,2008,0.1
Bulgaria,Nitrite,2005,0.018
Bulgaria,Nitrite,2004,0.036
Bulgaria,Dissolved oxygen,2004,4.881
Bulgaria,Nitrate,2002,98.1
Finland,Dissolved oxygen,2010,11.3
Finland,Dissolved oxygen,2012,11.25
Bulgaria,Dissolved oxygen,2001,4.679
Bulgaria,Nitrite,2005,0.031
Bulgaria,Nitrate,2001,123.748
Bulgaria,Nitrite,2005,0.008
Bulgaria,Dissolved oxygen,2003,5.53
Finland,Nitrate,2007,0.11
Bulgaria,Nitrite,2003,0.05
Finland,Dissolved oxygen,2009,10.4
Bulgaria,Dissolved oxygen,2004,5.102
Bulgaria,Nitrate,2000,198.058
Bulgaria,Nitrate,2003,29.332
Finland,Ammonium,2010,0.0032
Belgium,Ammonium,2006,0.346
Bulgaria,Dissolved oxygen,2004,6.802
Finland,Dissolved oxygen,2012,8.55
Belgium,Ammonium,2007,0.32
Bulgaria,Dissolved oxygen,2002,4.608
Belgium,Nitrite,2009,0.045
Belgium,Nitrite,2010,0.037
Belgium,Nitrite,2012,0.146
Belgium,Nitrite,2003,0.0998
Bulgaria,Dissolved oxygen,2002,5.23
Finland,Dissolved oxygen,2010,10.75
Finland,Dissolved oxygen,2011,10.6
Belgium,Nitrite,2005,0.046
Bulgaria,Dissolved oxygen,2005,2.275
Bulgaria,Nitrite,2002,0.019
Bulgaria,Nitrite,2003,0.013
Bulgaria,Nitrate,2001,22.33
Bulgaria,Nitrate,2005,1.817
Bulgaria,Nitrate,2000,3.884
Bulgaria,Dissolved oxygen,2002,5.665
Bulgaria,Nitrite,2000,1.662
Bulgaria,Dissolved oxygen,2004,6.228
Finland,Dissolved oxygen,2007,10.88
Belgium,Nitrate,2005,60.4
Belgium,Nitrate,2007,61.36
Belgium,Nitrate,2012,58.12
Bulgaria,Nitrate,2003,9.497
Finland,Nitrate,2009,0.1
Belgium,Nitrate,2009,1.28
Belgium,Nitrate,2007,6.4
Bulgaria,Ammonium,2005,0.452
Belgium,Ammonium,2009,0.505
Finland,Ammonium,2008,0.0023
Finland,Ammonium,2009,0.0026
Bulgaria,Dissolved oxygen,2004,7.72
Bulgaria,Nitrite,2002,0.006
Bulgaria,Dissolved oxygen,2001,5.2
Belgium,Dissolved oxygen,2012,2.97
Finland,Dissolved oxygen,2012,11.2
Bulgaria,Dissolved oxygen,2001,5.202
Bulgaria,Nitrite,2000,0.013
Belgium,Dissolved oxygen,2006,3.09
Bulgaria,Dissolved oxygen,2001,4.933
Bulgaria,Dissolved oxygen,2001,3.895
Bulgaria,Dissolved oxygen,2002,9.927
Bulgaria,Nitrite,2003,0.006
Bulgaria,Nitrate,2003,29.996
Bulgaria,Nitrate,2000,16.108
Belgium,Nitrite,2005,0.099
Belgium,Nitrite,2012,0.071
Finland,Dissolved oxygen,2003,10.5
Bulgaria,Dissolved oxygen,2001,10.725
Belgium,Nitrate,2006,63.19
Bulgaria,Nitrate,2005,15.843
Belgium,Nitrate,2006,80.46
Belgium,Nitrate,2008,82.0
Bulgaria,Nitrate,2005,14.222
Belgium,Nitrate,2008,61.15
Belgium,Nitrate,2011,51.44
Bulgaria,Nitrate,2004,34.363
Belgium,Nitrate,2003,3.4271
Bulgaria,Nitrate,2001,8.992
Bulgaria,Nitrate,2003,6.311
Finland,Nitrate,2007,0.02
Finland,Nitrate,2009,0.07
Bulgaria,Nitrate,2005,12.387
Bulgaria,Nitrate,2004,11.355
Belgium,Ammonium,2004,5.5056
Belgium,Ammonium,2006,12.144
Bulgaria,Ammonium,2000,0.014
Bulgaria,Ammonium,2003,0.035
Belgium,Dissolved oxygen,2003,2.1571
Belgium,Dissolved oxygen,2005,1.63
Bulgaria,Nitrite,2000,0.036
Bulgaria,Dissolved oxygen,2000,6.85
Bulgaria,Ammonium,2005,0.094
Belgium,Ammonium,2005,0.141
Bulgaria,Ammonium,2001,0.019
Finland,Ammonium,2001,0.0034
Bulgaria,Ammonium,2002,0.008
Bulgaria,Ammonium,2004,0.019
Bulgaria,Ammonium,2004,0.09
Bulgaria,Nitrite,2003,0.007
Bulgaria,Nitrite,2001,0.033
Bulgaria,Ammonium,2005,0.111
Bulgaria,Nitrate,2002,1.558
Bulgaria,Nitrate,2003,7.286
Belgium,Nitrate,2004,33.1971
Bulgaria,Nitrate,2004,11.518
Bulgaria,Nitrate,2001,14.625
Bulgaria,Dissolved oxygen,2003,6.679
Bulgaria,Dissolved oxygen,2005,5.828
Bulgaria,Dissolved oxygen,2001,6.048
Bulgaria,Dissolved oxygen,2003,11.265
Bulgaria,Ammonium,2003,0.066
Bulgaria,Ammonium,2000,10.129
Bulgaria,Ammonium,2000,0.005
Bulgaria,Nitrite,2004,0.05
Finland,Nitrite,2000,0.003
Bulgaria,Ammonium,2003,0.049
Bulgaria,Ammonium,2005,0.132
Finland,Ammonium,2007,0.0023
Finland,Nitrite,2010,0.0016
Bulgaria,Dissolved oxygen,2001,7.325
Bulgaria,Nitrite,2005,0.005
Belgium,Nitrite,2008,0.054
Belgium,Nitrite,2010,0.052
Bulgaria,Ammonium,2000,0.234
Bulgaria,Ammonium,2001,5.082
Finland,Nitrate,2001,0.59
Bulgaria,Nitrite,2005,0.001
Bulgaria,Dissolved oxygen,2000,5.158
Bulgaria,Dissolved oxygen,2003,7.658
Belgium,Dissolved oxygen,2008,2.92
Finland,Nitrate,2004,1.78
Belgium,Dissolved oxygen,2010,3.5235
Bulgaria,Dissolved oxygen,2003,4.32
Bulgaria,Dissolved oxygen,2005,4.913
Bulgaria,Nitrite,2001,0.008
Finland,Nitrate,2010,1.33
Finland,Nitrate,2012,2.26
Belgium,Nitrite,2003,0.0429
Bulgaria,Nitrite,2005,0.007
Finland,Nitrite,2012,0.0049
Bulgaria,Nitrate,2001,2.997
Bulgaria,Nitrate,2005,36.997
Finland,Nitrate,2006,2.61
Finland,Nitrate,2008,1.53
Belgium,Ammonium,2005,0.416
Bulgaria,Ammonium,2003,0.006
Bulgaria,Nitrate,2001,5.375
Bulgaria,Nitrate,2003,8.622
Belgium,Nitrate,2012,14.79
Belgium,Nitrate,2005,10.28
Belgium,Nitrate,2007,44.51
Bulgaria,Ammonium,2001,0.028
Finland,Ammonium,2010,0.0132
Finland,Nitrate,2002,0.89
Finland,Nitrate,2003,0.6
Bulgaria,Nitrate,2001,25.721
Finland,Nitrate,2012,0.43
Bulgaria,Dissolved oxygen,2001,7.521
Belgium,Nitrite,2005,0.043
Bulgaria,Nitrate,2000,43.547
Bulgaria,Nitrate,2000,5.375
Finland,Nitrate,2007,2.5
Finland,Nitrate,2009,0.8
Bulgaria,Nitrate,2000,15.5
Finland,Nitrate,2000,0.61
Finland,Ammonium,2012,0.012
Belgium,Ammonium,2010,1.284
Finland,Ammonium,2012,0.0026
Belgium,Nitrite,2004,0.0664
Belgium,Nitrite,2006,0.105
Belgium,Nitrate,2003,29.1467
Belgium,Nitrate,2004,26.9856
Belgium,Nitrate,2010,9.79
Bulgaria,Ammonium,2002,0.022
Belgium,Ammonium,2009,0.319
Bulgaria,Ammonium,2004,0.233
Belgium,Ammonium,2004,0.1253
Bulgaria,Nitrite,2000,0.026
Finland,Dissolved oxygen,2011,2.9
Finland,Nitrite,2010,0.0016
Belgium,Nitrate,2009,39.7
Finland,Nitrate,2011,1.02
Bulgaria,Nitrate,2000,10.535
Finland,Ammonium,2011,0.03
Bulgaria,Ammonium,2002,0.19
Belgium,Ammonium,2009,1.378
Belgium,Ammonium,2007,1.373
Finland,Nitrate,2007,0.47
Finland,Nitrate,2009,0.38
Bulgaria,Nitrite,2004,0.013
Belgium,Dissolved oxygen,2012,3.45
Belgium,Nitrite,2007,0.029
Belgium,Nitrite,2009,0.095
Bulgaria,Nitrite,2004,0.052
Bulgaria,Dissolved oxygen,2002,6.747
Belgium,Ammonium,2008,1.42
Finland,Ammonium,2011,0.001
Finland,Nitrate,2011,8.85
Finland,Nitrate,2010,1.33
Finland,Nitrate,2010,11.95
Belgium,Nitrate,2008,12.74
Bulgaria,Ammonium,2005,0.116
Finland,Ammonium,2011,0.005
Belgium,Ammonium,2012,1.17
Belgium,Ammonium,2004,0.3368
Belgium,Ammonium,2006,0.598
Bulgaria,Ammonium,2001,0.146
Belgium,Nitrate,2006,8.95
Belgium,Nitrate,2011,36.74
Finland,Nitrate,2008,0.66
Finland,Nitrate,2010,0.27
Belgium,Nitrite,2004,0.2064
Belgium,Dissolved oxygen,2008,0.79
Finland,Dissolved oxygen,2010,5.6
Finland,Nitrite,2011,0.005
Bulgaria,Dissolved oxygen,2004,3.547
Belgium,Nitrate,2005,50.05
Bulgaria,Nitrate,2003,10.825
Bulgaria,Nitrate,2001,11.973
Belgium,Dissolved oxygen,2010,1.23
Finland,Nitrite,2011,0.002
Belgium,Nitrite,2004,0.0851
Belgium,Nitrite,2005,0.104
Belgium,Nitrite,2007,0.08
Belgium,Nitrite,2012,0.092
Bulgaria,Dissolved oxygen,2000,7.125
Finland,Dissolved oxygen,2012,6.65
Bulgaria,Nitrite,2000,0.058
Finland,Nitrite,2011,0.005
Bulgaria,Dissolved oxygen,2002,5.599
Belgium,Nitrite,2008,0.076
Belgium,Nitrite,2011,0.069
Bulgaria,Dissolved oxygen,2002,6.575
Bulgaria,Dissolved oxygen,2002,5.935
Finland,Dissolved oxygen,2012,4.32
Finland,Dissolved oxygen,2010,1.68
Belgium,Ammonium,2007,0.54
Belgium,Ammonium,2009,0.524
Bulgaria,Ammonium,2001,0.001
Belgium,Ammonium,2011,1.42
Belgium,Nitrate,2009,55.4
Belgium,Nitrate,2010,52.21
Bulgaria,Nitrate,2002,8.411
Belgium,Nitrate,2010,39.65
Belgium,Nitrate,2012,36.48
Finland,Dissolved oxygen,2011,0.7
Belgium,Dissolved oxygen,2004,3.7076
Belgium,Dissolved oxygen,2006,2.01
Bulgaria,Nitrite,2000,0.006
Finland,Ammonium,2012,0.3863
Belgium,Ammonium,2003,0.3798
Belgium,Ammonium,2006,0.137
Bulgaria,Dissolved oxygen,2002,8.387
Bulgaria,Dissolved oxygen,2004,6.305
Belgium,Ammonium,2006,0.391
Finland,Ammonium,2001,0.018
Finland,Ammonium,2002,0.005
Belgium,Dissolved oxygen,2012,2.14
Belgium,Nitrite,2009,0.119
Belgium,Nitrite,2010,0.037
Bulgaria,Dissolved oxygen,2001,7.725
Bulgaria,Dissolved oxygen,2004,6.392
Bulgaria,Dissolved oxygen,2005,5.123
Bulgaria,Nitrite,2001,0.014
Belgium,Nitrite,2007,0.056
Belgium,Nitrite,2009,0.027
Belgium,Nitrite,2003,0.5093
Finland,Dissolved oxygen,2001,10.1
Finland,Dissolved oxygen,2003,10.6
Belgium,Ammonium,2008,0.547
Belgium,Ammonium,2010,0.4405
Belgium,Ammonium,2011,0.16
Bulgaria,Dissolved oxygen,2002,6.23
Belgium,Nitrite,2004,0.0799
Bulgaria,Nitrite,2000,0.001
Finland,Dissolved oxygen,2010,4.47
Finland,Dissolved oxygen,2012,3.6
Belgium,Nitrite,2003,0.0656
Finland,Ammonium,2006,0.0042
Finland,Ammonium,2008,0.0135
Finland,Ammonium,2010,0.0013
Belgium,Ammonium,2004,0.1388
Belgium,Ammonium,2005,0.151
Belgium,Ammonium,2007,0.225
Belgium,Ammonium,2008,0.159
Bulgaria,Nitrite,2002,0.017
Bulgaria,Nitrite,2004,0.014
Finland,Nitrite,2012,0.0016
Finland,Nitrite,2011,0.005
Bulgaria,Nitrite,2004,0.001
Bulgaria,Dissolved oxygen,2003,6.194
Bulgaria,Dissolved oxygen,2005,4.667
Finland,Dissolved oxygen,2011,11.1
Belgium,Nitrite,2005,0.064
Belgium,Dissolved oxygen,2004,4.1368
Bulgaria,Nitrite,2005,0.009
Bulgaria,Dissolved oxygen,2003,6.675
Finland,Dissolved oxygen,2010,5.5
Finland,Dissolved oxygen,2011,4.4
Finland,Nitrite,2010,0.0049
Belgium,Nitrite,2010,0.061
Bulgaria,Nitrite,2004,0.002
Finland,Dissolved oxygen,2012,8.07
Finland,Dissolved oxygen,2011,4.3
Finland,Dissolved oxygen,2004,5.95
Bulgaria,Nitrite,2002,0.007
Bulgaria,Dissolved oxygen,2005,9.28
Bulgaria,Dissolved oxygen,2003,7.491
Belgium,Nitrite,2003,0.209
Belgium,Nitrate,2011,67.09
Belgium,Nitrate,2008,20.17
Bulgaria,Nitrite,2000,0.006
Bulgaria,Nitrite,2002,0.02
Finland,Ammonium,2003,0.0068
Finland,Ammonium,2006,0.0042
Bulgaria,Ammonium,2002,0.748
Bulgaria,Nitrate,2002,18.8
Bulgaria,Nitrate,2004,25.925
Bulgaria,Nitrite,2001,0.002
Belgium,Nitrite,2011,0.077
Bulgaria,Dissolved oxygen,2003,3.356
Bulgaria,Dissolved oxygen,2005,4.487
Finland,Nitrite,2010,0.0049
Belgium,Ammonium,2005,0.541
Belgium,Ammonium,2012,0.41
Bulgaria,Ammonium,2005,0.001
Finland,Ammonium,2012,0.0013
Finland,Ammonium,2010,0.0129
Finland,Nitrite,2012,0.0049
Finland,Dissolved oxygen,2008,11.75
Belgium,Dissolved oxygen,2009,2.24
Belgium,Dissolved oxygen,2010,4.7332
Belgium,Nitrite,2007,0.093
Belgium,Nitrite,2008,0.122
Belgium,Nitrate,2011,14.83
Bulgaria,Nitrate,2002,21.66
Belgium,Dissolved oxygen,2007,1.52
Belgium,Dissolved oxygen,2009,1.0
Belgium,Dissolved oxygen,2011,1.51
Belgium,Dissolved oxygen,2003,2.0653
Finland,Ammonium,2000,0.0032
Finland,Ammonium,2010,0.3992
Belgium,Nitrate,2012,67.51
Belgium,Nitrate,2009,12.85
Belgium,Nitrate,2011,8.69
Bulgaria,Nitrate,2002,10.747
Finland,Nitrate,2012,13.94
Bulgaria,Nitrate,2004,30.825
Bulgaria,Ammonium,2004,5.601
Bulgaria,Ammonium,2001,0.097
Bulgaria,Ammonium,2003,0.546
Belgium,Ammonium,2003,0.0664
Bulgaria,Ammonium,2000,0.019
Bulgaria,Ammonium,2003,0.072
Bulgaria,Ammonium,2002,0.162
Bulgaria,Ammonium,2003,0.262
Finland,Ammonium,2006,0.0041
Bulgaria,Ammonium,2005,0.237
Bulgaria,Ammonium,2002,0.006
Bulgaria,Ammonium,2004,0.178
Bulgaria,Dissolved oxygen,2000,5.368
Bulgaria,Dissolved oxygen,2001,5.259
Bulgaria,Dissolved oxygen,2004,4.563
Bulgaria,Nitrite,2002,0.007
Belgium,Ammonium,2010,0.201
Bulgaria,Ammonium,2004,0.015
Belgium,Ammonium,2011,0.71
Belgium,Ammonium,2009,3.315
Bulgaria,Ammonium,2004,0.108
Finland,Ammonium,2010,0.0019
Finland,Ammonium,2012,0.0019
Bulgaria,Ammonium,2000,0.011
Bulgaria,Nitrite,2005,0.001
Bulgaria,Dissolved oxygen,2003,3.275
Finland,Dissolved oxygen,2009,11.85
Belgium,Ammonium,2003,0.851
Belgium,Ammonium,2010,3.4198
Bulgaria,Ammonium,2001,0.025
Belgium,Ammonium,2004,0.4295
Belgium,Nitrite,2006,0.101
Belgium,Nitrite,2008,0.039
Finland,Nitrite,2009,0.0016
Bulgaria,Nitrite,2000,0.017
Bulgaria,Dissolved oxygen,2001,7.19
Bulgaria,Dissolved oxygen,2001,7.281
Belgium,Ammonium,2005,1.404
Belgium,Ammonium,2006,1.356
Bulgaria,Ammonium,2002,0.175
Belgium,Ammonium,2007,0.137
Belgium,Ammonium,2009,0.145
Belgium,Ammonium,2004,0.9159
Albania,Nitrite,2004,0.025
Finland,Nitrate,2003,1.24
Finland,Nitrate,2010,0.58
Finland,Nitrate,2012,1.06
Finland,Nitrate,2001,0.98
Finland,Nitrate,2002,0.6
Finland,Nitrate,2004,0.55
Belgium,Nitrate,2006,45.91
Belgium,Nitrate,2008,42.47
Bulgaria,Nitrate,2001,13.748
Bulgaria,Dissolved oxygen,2004,3.688
Belgium,Nitrite,2005,0.092
Belgium,Nitrite,2010,0.071
Belgium,Nitrite,2012,0.109
Bulgaria,Nitrite,2001,0.019
Finland,Dissolved oxygen,2011,2.9
Bulgaria,Nitrite,2004,0.022
Belgium,Dissolved oxygen,2008,5.17
Belgium,Dissolved oxygen,2005,4.88
Belgium,Dissolved oxygen,2007,5.63
Finland,Dissolved oxygen,2003,7.0
Finland,Dissolved oxygen,2006,11.55
Finland,Dissolved oxygen,2011,11.8
Finland,Nitrite,2012,0.0164
Finland,Dissolved oxygen,2007,11.42
Belgium,Nitrite,2011,0.08
Belgium,Nitrite,2012,0.055
Belgium,Dissolved oxygen,2011,3.91
Belgium,Dissolved oxygen,2012,3.22
Belgium,Nitrite,2006,0.102
Belgium,Nitrite,2006,0.059
Bulgaria,Nitrite,2005,0.003
Bulgaria,Ammonium,2000,1.123
Belgium,Nitrate,2003,12.3223
Bulgaria,Nitrate,2005,4.862
Belgium,Nitrite,2009,0.167
Belgium,Nitrite,2010,0.046
Finland,Dissolved oxygen,2012,2.7
Finland,Dissolved oxygen,2010,5.4
Finland,Nitrite,2012,0.0016
Belgium,Ammonium,2008,0.13
Belgium,Ammonium,2012,1.83
Bulgaria,Ammonium,2005,0.01
Bulgaria,Nitrate,2005,27.847
Bulgaria,Dissolved oxygen,2002,8.2
Bulgaria,Dissolved oxygen,2002,1.95
Bulgaria,Ammonium,2005,0.138
Finland,Ammonium,2011,0.444
Bulgaria,Ammonium,2002,0.13
Bulgaria,Nitrite,2004,0.013
Belgium,Ammonium,2003,0.9269
Bulgaria,Ammonium,2004,0.016
Bulgaria,Ammonium,2003,0.006
Belgium,Ammonium,2006,0.05
Belgium,Ammonium,2006,3.647
Belgium,Ammonium,2008,3.357
Bulgaria,Ammonium,2002,0.013
Finland,Nitrate,2006,0.61
Bulgaria,Nitrate,2005,6.218
Belgium,Nitrate,2005,11.25
Bulgaria,Nitrite,2005,0.026
Bulgaria,Nitrite,2003,0.013
Finland,Dissolved oxygen,2010,2.1
Belgium,Nitrate,2012,12.95
Bulgaria,Nitrate,2000,15.175
Bulgaria,Ammonium,2005,0.034
Bulgaria,Ammonium,2001,0.13
Bulgaria,Ammonium,2002,0.05
Finland,Ammonium,2011,0.021
Bulgaria,Nitrate,2003,30.177
Finland,Ammonium,2012,0.0238
Bulgaria,Ammonium,2000,0.117
Bulgaria,Ammonium,2001,0.134
Finland,Dissolved oxygen,2012,4.6
Bulgaria,Nitrate,2003,10.42
Finland,Nitrate,2011,0.29
Finland,Nitrate,2011,0.81
Bulgaria,Nitrate,2001,49.997
Albania,Nitrate,2005,1.3
Albania,Nitrate,2004,6.6
Belgium,Nitrate,2007,1.5
Belgium,Dissolved oxygen,2006,5.77
Belgium,Nitrite,2004,0.0958
Belgium,Nitrite,2011,0.07
Belgium,Nitrite,2009,0.057
Belgium,Nitrate,2007,14.86
Belgium,Dissolved oxygen,2003,1.3054
Bulgaria,Dissolved oxygen,2005,3.29
Bulgaria,Nitrate,2002,9.495
Bulgaria,Nitrate,2004,11.174
Bulgaria,Dissolved oxygen,2004,6.288
Albania,Nitrite,2005,0.15
Bulgaria,Nitrate,2001,147.467
Albania,Nitrite,2005,0.025
Bulgaria,Nitrate,2002,3.64
Bulgaria,Nitrate,2004,9.045
Albania,Nitrate,2005,12.0
Belgium,Ammonium,2010,0.1516
Belgium,Ammonium,2012,0.14
Bulgaria,Dissolved oxygen,2001,5.263
Bulgaria,Dissolved oxygen,2004,8.1
Finland,Dissolved oxygen,2012,11.85
Bulgaria,Nitrate,2001,47.497
Finland,Nitrate,2010,2.99
Albania,Nitrate,2004,3.2
Bulgaria,Nitrate,2002,11.57
Bulgaria,Nitrate,2004,18.635
Bulgaria,Nitrate,2000,27.312
Bulgaria,Nitrate,2004,13.266
Bulgaria,Dissolved oxygen,2001,4.81
Bulgaria,Nitrate,2005,4.546
Belgium,Ammonium,2005,3.606
Belgium,Ammonium,2007,3.336
Bulgaria,Ammonium,2002,0.003
Bulgaria,Nitrate,2000,6.06
Albania,Nitrate,2004,0.8
Belgium,Nitrate,2005,2.25
Bulgaria,Nitrate,2002,8.621
Bulgaria,Nitrate,2004,17.582
Bulgaria,Nitrate,2004,48.632
Bulgaria,Nitrate,2005,30.163
Bulgaria,Nitrite,2001,0.039
Belgium,Nitrite,2008,0.016
Belgium,Nitrate,2012,60.19
Bulgaria,Nitrate,2000,3.566
Bulgaria,Dissolved oxygen,2000,8.9
Bulgaria,Ammonium,2004,0.007
Belgium,Ammonium,2009,0.619
Belgium,Ammonium,2011,0.64
Bulgaria,Ammonium,2000,0.03
Bulgaria,Ammonium,2004,0.23
Bulgaria,Dissolved oxygen,2002,3.08
Bulgaria,Dissolved oxygen,2000,5.85
Bulgaria,Dissolved oxygen,2001,7.71
Finland,Dissolved oxygen,2010,13.1
Belgium,Ammonium,2009,0.323
Bulgaria,Nitrite,2001,0.002
Bulgaria,Nitrate,2002,7.596
Bulgaria,Nitrate,2004,13.865
Belgium,Nitrite,2011,0.126
Albania,Dissolved oxygen,2005,3.385
Belgium,Dissolved oxygen,2004,1.1788
Bulgaria,Nitrite,2003,0.001
Bulgaria,Dissolved oxygen,2002,4.738
Bulgaria,Nitrate,2000,22.485
Belgium,Nitrate,2010,15.05
Bulgaria,Nitrate,2001,5.902
Bulgaria,Nitrate,2003,5.659
Bulgaria,Nitrate,2001,4.14
Bulgaria,Nitrate,2001,10.166
Bulgaria,Dissolved oxygen,2003,3.85
Bulgaria,Dissolved oxygen,2005,3.23
Belgium,Nitrite,2009,0.187
Bulgaria,Nitrite,2004,0.008
Bulgaria,Ammonium,2004,0.043
Bulgaria,Nitrate,2001,13.765
Bulgaria,Nitrate,2001,3.125
Albania,Dissolved oxygen,2005,3.32
Albania,Dissolved oxygen,2005,3.235
Bulgaria,Ammonium,2001,0.051
Bulgaria,Nitrite,2002,0.045
Finland,Dissolved oxygen,2010,11.82
Hungary,Nitrate,2000,0.1309
Belgium,Nitrate,2010,38.75
Albania,Dissolved oxygen,2005,3.265
Bulgaria,Nitrite,2003,0.013
Finland,Ammonium,2010,0.009
Finland,Ammonium,2012,0.0082
Belgium,Ammonium,2005,0.63
Belgium,Nitrite,2004,0.0757
Bulgaria,Ammonium,2000,0.019
Bulgaria,Ammonium,2003,0.07
Belgium,Ammonium,2007,0.755
Belgium,Ammonium,2011,0.21
Bulgaria,Ammonium,2002,0.037
Belgium,Nitrite,2012,0.171
Albania,Dissolved oxygen,2005,2.875
Albania,Dissolved oxygen,2005,3.345
Bulgaria,Dissolved oxygen,2004,4.982
Bulgaria,Dissolved oxygen,2001,9.6
Bulgaria,Dissolved oxygen,2001,4.32
Albania,Nitrate,2004,24.0
Belgium,Nitrate,2004,10.1364
Belgium,Nitrate,2006,0.5
Bulgaria,Dissolved oxygen,2004,4.835
Bulgaria,Nitrite,2001,0.002
Albania,Nitrate,2004,9.3
Albania,Nitrate,2005,7.05
Bulgaria,Nitrite,2001,0.007
Bulgaria,Nitrite,2004,0.021
Bulgaria,Dissolved oxygen,2005,3.0
Albania,Nitrite,2004,0.017
Albania,Dissolved oxygen,2005,3.375
Belgium,Nitrite,2005,0.103
Belgium,Nitrite,2006,0.112
Belgium,Dissolved oxygen,2003,2.1652
Belgium,Dissolved oxygen,2004,2.2986
Bulgaria,Nitrite,2000,0.035
Bulgaria,Dissolved oxygen,2002,7.85
Finland,Dissolved oxygen,2011,6.8
Belgium,Dissolved oxygen,2006,2.31
Belgium,Nitrite,2005,0.212
Belgium,Nitrite,2007,0.039
Bulgaria,Dissolved oxygen,2002,4.081
Belgium,Nitrate,2011,0.39
Bulgaria,Nitrate,2000,15.761
Bulgaria,Nitrate,2003,58.821
Belgium,Nitrite,2011,0.063
Belgium,Dissolved oxygen,2009,1.32
Bulgaria,Dissolved oxygen,2005,5.467
Bulgaria,Dissolved oxygen,2002,8.0
Bulgaria,Nitrite,2001,0.004
Bulgaria,Nitrite,2002,0.003
Bulgaria,Dissolved oxygen,2000,7.85
Bulgaria,Nitrate,2004,38.725
Belgium,Nitrate,2004,6.3331
Belgium,Nitrate,2006,15.73
Finland,Nitrate,2012,1.22
Bulgaria,Nitrite,2001,0.017
Bulgaria,Dissolved oxygen,2003,8.15
Bulgaria,Dissolved oxygen,2005,6.515
Bulgaria,Nitrate,2000,19.443
Bulgaria,Dissolved oxygen,2005,3.825
Belgium,Nitrite,2008,0.176
Belgium,Nitrite,2010,0.142
Albania,Nitrite,2004,0.5
Albania,Dissolved oxygen,2005,3.235
Albania,Nitrite,2005,0.025
Bulgaria,Dissolved oxygen,2002,7.825
Bulgaria,Dissolved oxygen,2004,5.398
Bulgaria,Nitrite,2005,0.005
Finland,Ammonium,2009,0.0064
Bulgaria,Dissolved oxygen,2004,5.306
Bulgaria,Dissolved oxygen,2001,8.375
Bulgaria,Dissolved oxygen,2001,8.275
Belgium,Nitrite,2007,0.087
Finland,Ammonium,2011,0.004
Belgium,Ammonium,2010,0.1467
Belgium,Ammonium,2012,0.09
Bulgaria,Ammonium,2003,0.01
Bulgaria,Ammonium,2004,0.129
Bulgaria,Dissolved oxygen,2002,3.317
Bulgaria,Nitrite,2000,0.022
Belgium,Nitrite,2011,0.111
Belgium,Nitrite,2012,0.074
Finland,Ammonium,2012,0.0071
Bulgaria,Ammonium,2001,0.086
Belgium,Ammonium,2011,3.09
Bulgaria,Ammonium,2005,0.057
Bulgaria,Ammonium,2002,0.05
Bulgaria,Ammonium,2004,0.062
Bulgaria,Ammonium,2001,0.128
Bulgaria,Ammonium,2005,0.158
Bulgaria,Dissolved oxygen,2001,8.05
Bulgaria,Dissolved oxygen,2003,6.95
Belgium,Nitrate,2011,68.54
Belgium,Nitrite,2004,0.136
Bulgaria,Nitrite,2001,0.001
Bulgaria,Nitrite,2003,0.003
Bulgaria,Nitrite,2005,0.007
Belgium,Ammonium,2005,0.046
Belgium,Ammonium,2007,0.043
Bulgaria,Ammonium,2005,0.014
Belgium,Ammonium,2010,0.5567
Belgium,Ammonium,2012,0.55
Bulgaria,Nitrate,2001,12.558
Belgium,Nitrate,2012,36.33
Albania,Nitrate,2005,0.5
Belgium,Nitrate,2009,0.9
Bulgaria,Ammonium,2004,0.128
Bulgaria,Ammonium,2001,0.043
Bulgaria,Ammonium,2003,0.062
Bulgaria,Nitrate,2002,39.928
Albania,Nitrate,2005,7.5
Bulgaria,Ammonium,2004,0.343
Bulgaria,Ammonium,2002,0.07
Bulgaria,Ammonium,2004,0.111
Bulgaria,Ammonium,2002,0.003
Bulgaria,Ammonium,2000,0.118
Belgium,Ammonium,2004,0.1326
Bulgaria,Ammonium,2005,0.087
Belgium,Ammonium,2003,0.8712
Belgium,Ammonium,2008,0.03
Bulgaria,Ammonium,2000,0.011
Finland,Ammonium,2003,0.0032
Belgium,Ammonium,2008,0.539
Bulgaria,Nitrite,2000,0.005
Bulgaria,Nitrate,2004,2.906
Bulgaria,Nitrate,2005,3.166
Bulgaria,Nitrate,2001,12.986
Bulgaria,Nitrate,2005,21.094
Bulgaria,Nitrite,2003,0.044
Bulgaria,Dissolved oxygen,2001,4.343
Belgium,Ammonium,2011,0.46
Belgium,Ammonium,2012,0.6
Belgium,Ammonium,2008,0.618
Bulgaria,Ammonium,2000,0.048
Belgium,Ammonium,2011,0.51
Bulgaria,Ammonium,2005,0.006
Bulgaria,Nitrite,2002,2.63
Belgium,Nitrite,2009,0.091
Bulgaria,Dissolved oxygen,2005,4.535
Albania,Dissolved oxygen,2005,3.56
Albania,Nitrite,2004,0.025
Bulgaria,Nitrate,2002,36.236
Bulgaria,Nitrate,2004,46.005
Bulgaria,Nitrate,2005,39.1
Bulgaria,Nitrate,2005,40.78
Bulgaria,Dissolved oxygen,2005,8.425
Bulgaria,Dissolved oxygen,2000,6.7
Bulgaria,Dissolved oxygen,2002,7.345
Bulgaria,Nitrate,2005,49.268
Bulgaria,Nitrate,2003,8.184
Belgium,Nitrate,2004,25.8771
Belgium,Nitrate,2005,69.38
Bulgaria,Nitrate,2000,20.84
Albania,Nitrate,2004,8.1
Bulgaria,Dissolved oxygen,2001,6.481
Bulgaria,Dissolved oxygen,2005,7.018
Belgium,Dissolved oxygen,2005,1.48
Bulgaria,Nitrite,2003,0.026
Bulgaria,Dissolved oxygen,2001,5.1
Bulgaria,Dissolved oxygen,2004,7.03
Bulgaria,Ammonium,2005,0.081
Bulgaria,Nitrate,2000,20.516
Belgium,Dissolved oxygen,2004,2.6065
Belgium,Nitrite,2005,0.153
Bulgaria,Nitrite,2003,0.002
Bulgaria,Nitrate,2001,5.38
Bulgaria,Nitrate,2003,13.595
Belgium,Nitrate,2003,80.0878
Belgium,Nitrate,2010,68.82
Belgium,Nitrate,2012,68.63
Bulgaria,Nitrate,2005,1.199
Bulgaria,Nitrate,2005,16.432
Bulgaria,Nitrate,2004,0.284
Bulgaria,Nitrate,2005,0.52
Belgium,Nitrate,2009,34.92
Belgium,Nitrate,2010,40.94
Bulgaria,Nitrate,2002,0.383
Bulgaria,Nitrate,2003,77.425
Bulgaria,Nitrate,2001,0.667
Bulgaria,Nitrate,2000,3.764
Bulgaria,Nitrate,2002,12.07
Belgium,Nitrate,2006,44.75
Belgium,Nitrate,2004,82.1096
Bulgaria,Nitrate,2003,1.23
Bulgaria,Nitrate,2003,9.799
Belgium,Nitrate,2004,23.066
Finland,Ammonium,2008,0.0402
Bulgaria,Dissolved oxygen,2004,7.236
Bulgaria,Dissolved oxygen,2005,7.163
Bulgaria,Ammonium,2005,0.302
Belgium,Ammonium,2012,0.58
Belgium,Ammonium,2007,0.638
Belgium,Ammonium,2008,0.608
Bulgaria,Dissolved oxygen,2003,7.886
Bulgaria,Nitrite,2002,0.003
Bulgaria,Nitrite,2004,0.002
Bulgaria,Nitrite,2005,0.026
Belgium,Nitrite,2006,0.063
Bulgaria,Dissolved oxygen,2003,4.338
Bulgaria,Nitrite,2004,0.001
Bulgaria,Nitrite,2005,0.164
Belgium,Nitrite,2004,0.0861
Bulgaria,Dissolved oxygen,2003,7.575
Bulgaria,Dissolved oxygen,2003,6.975
Belgium,Nitrate,2006,42.23
Bulgaria,Nitrate,2005,7.876
Belgium,Ammonium,2009,0.977
Belgium,Ammonium,2010,0.3505
Bulgaria,Ammonium,2003,0.039
Finland,Ammonium,2000,0.0045
Finland,Ammonium,2001,0.0032
Belgium,Ammonium,2005,0.705
Belgium,Ammonium,2006,0.588
Belgium,Ammonium,2009,0.465
Belgium,Ammonium,2003,0.3125
Belgium,Ammonium,2004,0.1506
Belgium,Ammonium,2006,0.419
Belgium,Ammonium,2004,0.3644
Bulgaria,Dissolved oxygen,2000,6.988
Belgium,Nitrite,2006,0.22
Belgium,Ammonium,2009,0.403
Belgium,Ammonium,2004,0.3331
Belgium,Ammonium,2006,0.651
Belgium,Nitrate,2008,43.57
Belgium,Nitrite,2008,0.18
Belgium,Dissolved oxygen,2011,0.32
Bulgaria,Dissolved oxygen,2001,5.045
Belgium,Dissolved oxygen,2008,1.93
Belgium,Ammonium,2003,0.3584
Belgium,Nitrite,2008,0.085
Belgium,Dissolved oxygen,2005,1.97
Bulgaria,Nitrite,2000,0.035
Belgium,Nitrite,2010,0.11
Belgium,Nitrite,2012,0.143
Belgium,Dissolved oxygen,2007,1.31
Bulgaria,Nitrate,2001,4.71
Bulgaria,Nitrate,2003,9.124
Belgium,Dissolved oxygen,2009,0.68
Belgium,Nitrite,2004,0.0871
Belgium,Nitrite,2009,0.085
Bulgaria,Dissolved oxygen,2001,7.48
Belgium,Nitrate,2004,46.1712
Bulgaria,Nitrate,2003,33.165
Belgium,Nitrate,2004,43.2576
Belgium,Nitrate,2003,48.3074
Belgium,Nitrate,2007,43.8
Belgium,Nitrate,2009,38.71
Belgium,Nitrite,2003,0.0744
Belgium,Dissolved oxygen,2003,2.1666
Bulgaria,Dissolved oxygen,2004,8.7
Bulgaria,Dissolved oxygen,2003,6.604
Belgium,Dissolved oxygen,2003,3.1623
Bulgaria,Nitrite,2000,0.243
Belgium,Nitrite,2012,0.093
Finland,Dissolved oxygen,2011,10.73
Belgium,Dissolved oxygen,2007,1.38
Bulgaria,Nitrite,2003,0.001
Bulgaria,Nitrite,2005,0.001
Bulgaria,Nitrate,2002,2.896
Bulgaria,Nitrate,2004,7.204
Belgium,Nitrate,2008,49.45
Belgium,Nitrate,2005,42.55
Belgium,Nitrate,2008,71.41
Finland,Ammonium,2004,0.0032
Finland,Ammonium,2007,0.0032
Bulgaria,Ammonium,2005,0.124
Belgium,Nitrate,2011,37.78
Bulgaria,Nitrate,2000,11.734
Bulgaria,Nitrate,2002,3.15
Belgium,Nitrate,2008,2.75
Belgium,Ammonium,2010,0.2957
Bulgaria,Ammonium,2003,0.053
Belgium,Ammonium,2004,0.3757
Belgium,Ammonium,2010,0.5604
Finland,Nitrate,2007,0.31
Belgium,Nitrate,2009,76.86
Finland,Nitrate,2003,0.31
Finland,Nitrate,2012,0.31
Bulgaria,Nitrate,2003,0.655
Belgium,Nitrate,2011,34.68
Belgium,Nitrate,2012,33.54
Belgium,Nitrate,2005,84.61
Bulgaria,Ammonium,2001,0.357
Belgium,Ammonium,2007,0.283
Belgium,Ammonium,2005,0.326
Bulgaria,Ammonium,2004,0.449
Bulgaria,Ammonium,2005,0.09
Bulgaria,Nitrite,2000,0.036
Bulgaria,Dissolved oxygen,2000,26.65
Belgium,Nitrite,2003,0.0627
Belgium,Ammonium,2012,0.39
Belgium,Nitrite,2010,0.053
Belgium,Dissolved oxygen,2008,1.98
Belgium,Nitrite,2011,0.033
Bulgaria,Nitrite,2001,0.06
Belgium,Nitrate,2006,84.24
Belgium,Nitrate,2011,70.81
Belgium,Nitrate,2010,65.45
Belgium,Dissolved oxygen,2011,2.49
Belgium,Nitrite,2008,0.059
Belgium,Nitrite,2011,0.072
Belgium,Dissolved oxygen,2008,1.01
Belgium,Dissolved oxygen,2010,0.4281
Belgium,Nitrite,2003,0.3403
Belgium,Nitrite,2005,0.136
Bulgaria,Dissolved oxygen,2000,4.4
Bulgaria,Ammonium,2002,0.075
Belgium,Ammonium,2003,0.7145
Finland,Ammonium,2012,0.0032
Belgium,Dissolved oxygen,2007,1.55
Belgium,Nitrite,2007,0.193
Belgium,Dissolved oxygen,2005,2.31
Belgium,Dissolved oxygen,2012,1.95
Bulgaria,Ammonium,2003,0.176
Belgium,Dissolved oxygen,2007,1.62
Belgium,Nitrite,2005,0.059
Belgium,Nitrite,2012,0.075
Bulgaria,Nitrite,2002,0.076
Finland,Dissolved oxygen,2010,10.82
Belgium,Nitrite,2008,0.065
Bulgaria,Dissolved oxygen,2002,3.483
Finland,Nitrate,2011,0.33
Finland,Nitrate,2001,0.27
Finland,Nitrate,2010,0.32
Belgium,Nitrate,2010,1.45
Belgium,Dissolved oxygen,2010,2.7647
Belgium,Dissolved oxygen,2012,2.29
Belgium,Nitrite,2007,0.052
Belgium,Nitrite,2009,0.031
Bulgaria,Nitrite,2005,0.022
Belgium,Nitrite,2006,0.15
Bulgaria,Nitrate,2002,58.675
Belgium,Dissolved oxygen,2010,2.1344
Bulgaria,Dissolved oxygen,2004,4.626
Belgium,Nitrite,2010,0.052
Belgium,Nitrite,2012,0.07
Bulgaria,Nitrite,2005,0.015
Bulgaria,Nitrite,2003,0.002
Bulgaria,Nitrite,2005,0.001
Bulgaria,Nitrite,2002,0.01
Bulgaria,Ammonium,2001,0.005
Belgium,Dissolved oxygen,2003,2.5174
Hungary,Nitrite,2001,0.0223
Finland,Ammonium,2010,0.0013
Finland,Ammonium,2012,0.0013
Finland,Ammonium,2002,0.0032
Belgium,Ammonium,2011,0.36
Finland,Ammonium,2011,0.042
Finland,Ammonium,2008,0.0032
Finland,Nitrite,2009,0.0016
Belgium,Nitrite,2010,0.033
Belgium,Nitrite,2007,0.08
Hungary,Nitrite,2002,0.0517
Finland,Nitrate,2010,2.21
Romania,Nitrate,2011,7.68
Finland,Nitrate,2009,0.31
Finland,Nitrate,2011,0.5
Hungary,Nitrate,2001,0.5729
Finland,Dissolved oxygen,2012,8.15
Bulgaria,Nitrite,2004,0.028
Finland,Ammonium,2010,0.0032
Finland,Ammonium,2012,0.0032
Finland,Ammonium,2010,0.0803
Finland,Ammonium,2011,0.003
Romania,Nitrate,2008,7.5036
Finland,Ammonium,2009,0.004
Bulgaria,Nitrite,2004,0.021
Bulgaria,Dissolved oxygen,2001,5.872
Finland,Nitrate,2008,0.23
Finland,Nitrate,2006,0.38
Finland,Nitrate,2008,0.35
Finland,Nitrate,2012,2.62
Finland,Nitrate,2010,2.21
Finland,Ammonium,2011,0.003
Finland,Ammonium,2010,0.7086
Finland,Dissolved oxygen,2010,5.1
Finland,Dissolved oxygen,2011,6.7
Finland,Nitrite,2011,0.002
Finland,Nitrite,2012,0.0016
Finland,Ammonium,2010,0.0016
Finland,Ammonium,2011,1.0
Finland,Ammonium,2011,0.001
Bulgaria,Ammonium,2001,0.121
Finland,Ammonium,2006,0.0032
Finland,Ammonium,2010,0.0129
Bulgaria,Ammonium,2000,0.044
Bulgaria,Dissolved oxygen,2002,7.0
Bulgaria,Dissolved oxygen,2002,6.654
Hungary,Nitrite,2004,0.0176
Finland,Dissolved oxygen,2008,10.58
Hungary,Nitrite,2003,0.011
Hungary,Nitrite,2005,0.019
Bulgaria,Dissolved oxygen,2001,6.617
Hungary,Nitrate,2000,0.146
Romania,Nitrate,2007,10.346
Finland,Nitrate,2007,0.23
Hungary,Nitrate,2003,0.3323
Romania,Nitrate,2009,9.917
Bulgaria,Ammonium,2005,0.03
Bulgaria,Ammonium,2000,0.043
Bulgaria,Ammonium,2005,0.118
Finland,Dissolved oxygen,2011,7.97
Finland,Dissolved oxygen,2012,8.15
Finland,Nitrite,2010,0.0016
Romania,Nitrite,2010,0.016
Finland,Dissolved oxygen,2003,10.4
Finland,Dissolved oxygen,2009,10.58
Bulgaria,Nitrite,2003,0.704
Finland,Nitrite,2012,0.0353
Finland,Dissolved oxygen,2011,0.1
Finland,Dissolved oxygen,2009,5.05
Finland,Nitrite,2010,0.0016
Finland,Dissolved oxygen,2012,10.82
Finland,Ammonium,2009,0.0013
Finland,Ammonium,2011,0.001
Finland,Nitrate,2004,0.36
Bulgaria,Ammonium,2004,0.017
Belgium,Dissolved oxygen,2009,1.02
Belgium,Dissolved oxygen,2011,1.96
Finland,Nitrate,2002,1.1124
Bulgaria,Nitrate,2001,37.787
Albania,Nitrate,2005,2.7
Bulgaria,Ammonium,2003,0.016
Finland,Nitrate,2009,0.21
Finland,Nitrate,2010,1.95
Hungary,Ammonium,2001,0.434
Bulgaria,Ammonium,2000,1.034
Belgium,Ammonium,2005,0.428
Belgium,Ammonium,2007,0.413
Bulgaria,Nitrite,2002,0.005
Romania,Nitrate,2010,8.875
Finland,Nitrate,2003,0.58
Bulgaria,Nitrate,2003,15.62
Finland,Ammonium,2007,0.0055
Finland,Dissolved oxygen,2009,12.08
Finland,Dissolved oxygen,2011,11.4
Bulgaria,Dissolved oxygen,2002,7.506
Finland,Ammonium,2008,0.0019
Bulgaria,Ammonium,2001,0.025
Bulgaria,Ammonium,2002,0.008
Finland,Ammonium,2012,0.0019
Hungary,Ammonium,2003,0.3704
Finland,Ammonium,2012,0.0016
Finland,Ammonium,2012,0.0979
Finland,Ammonium,2012,0.0019
Finland,Ammonium,2010,0.0019
Finland,Ammonium,2012,0.0039
Bulgaria,Nitrate,2002,31.728
Albania,Nitrate,2004,5.2
Romania,Ammonium,2006,0.005
Belgium,Ammonium,2006,0.288
Bulgaria,Dissolved oxygen,2005,4.684
Finland,Dissolved oxygen,2010,6.8
Bulgaria,Dissolved oxygen,2001,6.217
Bulgaria,Dissolved oxygen,2004,6.8
Belgium,Dissolved oxygen,2006,0.97
Sweden,Dissolved oxygen,2002,10.9
Bulgaria,Nitrite,2003,0.001
Belgium,Nitrate,2007,71.58
Belgium,Nitrate,2009,67.5
Bulgaria,Nitrate,2004,21.242
Albania,Nitrite,2005,0.05
Belgium,Dissolved oxygen,2004,2.0268
Bulgaria,Nitrate,2000,0.998
Belgium,Ammonium,2008,0.262
Bulgaria,Ammonium,2002,0.382
Bulgaria,Nitrite,2000,0.008
Albania,Nitrite,2004,1.0
Finland,Nitrate,2011,26.56
Finland,Nitrate,2010,0.11
Romania,Ammonium,2009,0.411
Romania,Ammonium,2011,0.65
Finland,Ammonium,2010,0.0019
Belgium,Nitrate,2007,77.14
Belgium,Nitrate,2008,73.54
Belgium,Nitrate,2006,67.63
Finland,Nitrate,2011,2.12
Finland,Nitrate,2010,19.92
Finland,Nitrate,2012,14.61
Finland,Nitrate,2010,0.12
Bulgaria,Ammonium,2004,0.02
Bulgaria,Ammonium,2003,0.298
Romania,Ammonium,2007,0.208
Bulgaria,Ammonium,2001,0.125
Bulgaria,Ammonium,2002,0.077
Finland,Nitrate,2012,19.92
Hungary,Nitrate,2004,2.2167
Romania,Nitrate,2011,11.47
Romania,Nitrate,2007,1.365
Finland,Nitrate,2010,23.46
Finland,Nitrate,2006,0.21
Albania,Nitrite,2005,1.0
Finland,Dissolved oxygen,2006,10.23
Sweden,Dissolved oxygen,2003,11.2
Finland,Nitrite,2010,0.0049
Belgium,Nitrate,2005,57.16
Belgium,Nitrate,2007,45.15
Bulgaria,Nitrate,2000,5.67
Finland,Nitrate,2011,25.68
Finland,Dissolved oxygen,2010,7.8
Finland,Dissolved oxygen,2007,10.55
Finland,Dissolved oxygen,2012,8.0
Romania,Ammonium,2009,0.027
Finland,Ammonium,2011,0.001
Bulgaria,Nitrate,2000,39.688
Finland,Nitrite,2012,0.0049
Finland,Nitrite,2012,0.0821
Bulgaria,Dissolved oxygen,2003,5.5
Finland,Ammonium,2012,0.0013
Bulgaria,Ammonium,2004,0.015
Bulgaria,Ammonium,2000,0.173
Finland,Dissolved oxygen,2010,10.5
Albania,Dissolved oxygen,2005,4.495
Finland,Dissolved oxygen,2012,11.35
Finland,Dissolved oxygen,2010,11.55
Finland,Dissolved oxygen,2012,11.52
Finland,Nitrite,2011,0.005
Finland,Nitrite,2012,0.0033
Finland,Nitrite,2011,0.005
Finland,Nitrite,2012,0.0558
Finland,Nitrite,2000,0.003
Bulgaria,Nitrate,2003,16.988
Bulgaria,Nitrate,2005,28.855
Bulgaria,Nitrate,2002,26.688
Finland,Ammonium,2010,0.0914
Finland,Ammonium,2011,0.093
Belgium,Nitrite,2004,0.0493
Belgium,Nitrite,2006,0.129
Belgium,Dissolved oxygen,2006,2.21
Belgium,Nitrite,2009,0.179
Belgium,Dissolved oxygen,2012,2.0
Finland,Dissolved oxygen,2009,7.6
Finland,Dissolved oxygen,2010,7.65
Finland,Dissolved oxygen,2011,6.0
Romania,Nitrite,2006,0.074
Bulgaria,Nitrate,2004,12.263
Bulgaria,Nitrate,2000,20.926
Finland,Nitrate,2000,2.56
Finland,Ammonium,2010,0.0019
Romania,Ammonium,2010,0.0309
Romania,Ammonium,2006,0.059
Bulgaria,Ammonium,2002,0.141
Finland,Dissolved oxygen,2012,6.7
Finland,Nitrite,2010,0.0049
Finland,Nitrate,2000,0.3
Finland,Nitrate,2002,0.27
Lithuania,Ammonium,2005,0.4771
Finland,Ammonium,2012,0.0035
Finland,Ammonium,2010,0.0118
Finland,Ammonium,2012,0.0101
Hungary,Ammonium,2000,0.5402
Sweden,Dissolved oxygen,2005,11.2
Finland,Nitrite,2010,0.0049
Romania,Dissolved oxygen,2009,6.965
Belgium,Nitrate,2003,50.7452
Hungary,Nitrate,2002,0.9061
Romania,Nitrate,2008,1.879
Romania,Nitrate,2006,10.245
Romania,Ammonium,2011,3.04
Sweden,Dissolved oxygen,2004,10.625
Lithuania,Nitrite,2004,0.001
Finland,Nitrite,2011,0.005
Bulgaria,Nitrate,2000,19.211
Finland,Nitrate,2012,11.51
Bulgaria,Ammonium,2001,0.556
Bulgaria,Ammonium,2005,0.364
Finland,Nitrate,2012,0.06
Finland,Dissolved oxygen,2008,11.65
Finland,Nitrite,2010,0.0033
Romania,Dissolved oxygen,2008,6.4889
Romania,Dissolved oxygen,2009,2.572
Bulgaria,Nitrate,2004,12.198
Finland,Nitrate,2010,1.47
Finland,Nitrate,2012,1.53
Finland,Nitrate,2001,1.859
Romania,Nitrate,2006,5.005
Bulgaria,Nitrate,2001,39.53
Finland,Dissolved oxygen,2004,10.77
Finland,Dissolved oxygen,2008,10.6
Finland,Ammonium,2011,0.002
Romania,Ammonium,2008,0.43
Romania,Dissolved oxygen,2011,5.95
Belgium,Dissolved oxygen,2011,0.57
Finland,Nitrate,2010,0.83
Romania,Nitrate,2010,27.868
Bulgaria,Nitrate,2000,23.688
Finland,Ammonium,2010,0.1146
Finland,Ammonium,2012,0.0058
Finland,Nitrate,2010,7.97
Belgium,Nitrite,2011,0.103
Finland,Dissolved oxygen,2009,10.32
Bulgaria,Dissolved oxygen,2001,3.426
Bulgaria,Dissolved oxygen,2003,4.006
Finland,Dissolved oxygen,2010,0.1
Bulgaria,Nitrate,2001,60.468
Romania,Nitrate,2010,0.32
Bulgaria,Nitrite,2002,0.056
Bulgaria,Nitrite,2003,0.025
Bulgaria,Dissolved oxygen,2002,5.595
Bulgaria,Nitrite,2005,0.009
Bulgaria,Nitrate,2001,17.788
Finland,Nitrate,2004,0.48
Romania,Dissolved oxygen,2011,4.8
Romania,Nitrite,2006,0.014
Romania,Nitrate,2009,4.388
Finland,Nitrate,2003,0.57
Hungary,Nitrate,2001,4.582
Romania,Nitrate,2008,55.262
Romania,Nitrate,2011,0.489
Romania,Ammonium,2010,0.333
Finland,Ammonium,2011,0.002
Bulgaria,Ammonium,2000,0.161
Bulgaria,Ammonium,2003,0.045
Finland,Ammonium,2011,0.003
Romania,Dissolved oxygen,2010,7.268
Romania,Dissolved oxygen,2007,3.965
Finland,Dissolved oxygen,2010,5.0
Finland,Dissolved oxygen,2011,4.7
Finland,Dissolved oxygen,2010,7.3
Romania,Nitrite,2008,0.074
Bulgaria,Ammonium,2004,0.077
Finland,Ammonium,2010,0.006
Bulgaria,Ammonium,2000,0.011
Bulgaria,Ammonium,2002,0.038
Hungary,Ammonium,2005,0.5057
Bulgaria,Ammonium,2001,0.095
Finland,Ammonium,2011,0.003
Finland,Ammonium,2011,0.003
Finland,Ammonium,2011,0.014
Bulgaria,Ammonium,2002,0.152
Finland,Nitrite,2011,0.005
Finland,Nitrite,2010,0.0854
Finland,Dissolved oxygen,2011,5.8
Finland,Nitrite,2012,0.0049
Sweden,Dissolved oxygen,2006,5.7633
Bulgaria,Nitrate,2004,16.75
Bulgaria,Ammonium,2001,0.05
Bulgaria,Ammonium,2005,0.013
Bulgaria,Nitrite,2004,0.004
Romania,Nitrite,2009,0.042
Bulgaria,Nitrite,2000,0.049
Bulgaria,Nitrite,2001,0.089
Finland,Nitrite,2010,0.0041
Finland,Nitrate,2011,0.22
Finland,Nitrate,2007,0.38
Finland,Nitrate,2012,4.98
Finland,Nitrate,2011,4.32
Finland,Nitrate,2009,0.42
Finland,Nitrate,2011,1.33
Bulgaria,Nitrate,2005,14.77
Finland,Nitrate,2010,8.56
Romania,Dissolved oxygen,2008,4.726
Finland,Dissolved oxygen,2011,6.5
Bulgaria,Dissolved oxygen,2004,7.15
Finland,Dissolved oxygen,2011,0.1
Finland,Nitrite,2011,0.003
Romania,Dissolved oxygen,2007,5.675
Finland,Nitrate,2008,0.41
Belgium,Nitrate,2006,66.27
Bulgaria,Nitrate,2003,65.575
Romania,Nitrite,2010,0.0138
Romania,Dissolved oxygen,2010,5.04
Belgium,Dissolved oxygen,2004,4.1288
Finland,Nitrate,2011,0.13
Finland,Nitrate,2006,0.43
Finland,Nitrate,2010,0.46
Bulgaria,Nitrate,2001,38.625
Finland,Nitrate,2010,0.58
Finland,Nitrate,2012,5.32
Finland,Nitrate,2012,2.3
Finland,Ammonium,2010,0.0045
Bulgaria,Ammonium,2000,0.038
Bulgaria,Nitrite,2003,0.015
Finland,Dissolved oxygen,2010,7.23
Finland,Nitrite,2012,0.0016
Bulgaria,Dissolved oxygen,2003,6.088
Finland,Nitrate,2012,0.59
Romania,Ammonium,2008,0.0555
Finland,Nitrate,2011,6.2
Bulgaria,Dissolved oxygen,2005,5.435
Finland,Dissolved oxygen,2010,0.1
Finland,Dissolved oxygen,2010,9.3
Finland,Dissolved oxygen,2011,9.7
Bulgaria,Dissolved oxygen,2001,5.722
Bulgaria,Nitrite,2005,0.007
Belgium,Dissolved oxygen,2005,2.63
Sweden,Dissolved oxygen,2000,11.1
Slovakia,Dissolved oxygen,2000,6.0846
Finland,Dissolved oxygen,2012,10.25
Finland,Dissolved oxygen,2009,0.1
Bulgaria,Dissolved oxygen,2005,3.895
Finland,Nitrite,2010,0.0033
Finland,Nitrite,2011,0.003
Finland,Dissolved oxygen,2010,5.35
Finland,Dissolved oxygen,2011,3.0
Finland,Dissolved oxygen,2012,3.53
Finland,Dissolved oxygen,2008,0.4
Belgium,Dissolved oxygen,2010,0.7612
Belgium,Dissolved oxygen,2012,1.56
Finland,Dissolved oxygen,2012,0.1
Finland,Dissolved oxygen,2012,6.25
Finland,Nitrate,2010,0.71
Finland,Nitrate,2011,0.13
Bulgaria,Ammonium,2001,0.016
Hungary,Ammonium,2001,0.7289
Hungary,Ammonium,2003,0.6537
Bulgaria,Ammonium,2000,0.28
Lithuania,Ammonium,2005,0.5016
Bulgaria,Ammonium,2004,0.063
Lithuania,Ammonium,2001,0.46
Finland,Ammonium,2012,0.0045
Bulgaria,Ammonium,2003,0.045
Lithuania,Ammonium,2003,0.19
Finland,Ammonium,2003,0.0059
Finland,Ammonium,2007,0.0032
Hungary,Ammonium,2000,0.4103
Hungary,Ammonium,2002,0.5092
Finland,Ammonium,2011,0.002
Finland,Ammonium,2010,0.0019
Romania,Ammonium,2007,0.152
Bulgaria,Dissolved oxygen,2001,9.7
Belgium,Dissolved oxygen,2006,2.45
Belgium,Dissolved oxygen,2008,1.25
Bulgaria,Nitrite,2001,0.004
Finland,Nitrate,2012,0.21
Finland,Nitrate,2010,5.19
Bulgaria,Nitrate,2001,16.279
Finland,Ammonium,2010,0.0013
Finland,Ammonium,2000,0.0059
Finland,Ammonium,2009,0.0013
Finland,Ammonium,2011,0.001
Hungary,Ammonium,2002,1.4481
Finland,Nitrate,2012,0.11
Finland,Nitrate,2009,0.18
Finland,Nitrate,2012,0.07
Finland,Dissolved oxygen,2011,3.6
Finland,Dissolved oxygen,2012,4.4
Finland,Dissolved oxygen,2010,2.83
Finland,Nitrite,2012,0.0029
Finland,Ammonium,2002,0.0032
Finland,Ammonium,2003,0.0013
Finland,Nitrate,2011,4.93
Finland,Nitrate,2010,12.84
Belgium,Dissolved oxygen,2009,1.0
Finland,Nitrite,2011,0.005
Bulgaria,Dissolved oxygen,2005,5.7
Bulgaria,Nitrite,2004,0.052
Finland,Ammonium,2000,0.0036
Finland,Ammonium,2001,0.0026
Bulgaria,Dissolved oxygen,2001,4.9
Bulgaria,Dissolved oxygen,2002,5.825
Bulgaria,Nitrite,2000,0.003
Finland,Nitrite,2012,0.0033
Finland,Nitrite,2011,0.003
Finland,Nitrite,2010,0.1642
Finland,Ammonium,2007,0.0013
Bulgaria,Ammonium,2000,0.025
Finland,Nitrite,2012,0.0049
Finland,Nitrite,2011,0.079
Hungary,Ammonium,2004,1.0279
Bulgaria,Ammonium,2000,0.119
Bulgaria,Ammonium,2005,0.052
Finland,Nitrite,2010,0.0033
Bulgaria,Nitrite,2003,0.003
Bulgaria,Dissolved oxygen,2004,5.425
Finland,Nitrite,2012,0.0033
Finland,Nitrite,2010,0.0057
Finland,Nitrite,2012,0.0041
Bulgaria,Nitrite,2004,0.01
Bulgaria,Dissolved oxygen,2004,5.535
Finland,Nitrate,2010,0.13
Bulgaria,Ammonium,2001,0.065
Bulgaria,Ammonium,2000,0.045
Bulgaria,Dissolved oxygen,2004,6.15
Bulgaria,Dissolved oxygen,2005,8.183
Bulgaria,Nitrite,2004,0.008
Bulgaria,Dissolved oxygen,2003,6.3
Finland,Dissolved oxygen,2010,9.8
Hungary,Nitrate,2000,3.5618
Hungary,Nitrate,2002,3.5623
Bulgaria,Ammonium,2003,0.042
Bulgaria,Ammonium,2004,0.042
Finland,Nitrite,2010,0.0591
Finland,Dissolved oxygen,2010,7.6
Finland,Dissolved oxygen,2012,6.0
Bulgaria,Ammonium,2000,0.013
Romania,Nitrite,2011,0.009
Finland,Dissolved oxygen,2012,6.5
Finland,Dissolved oxygen,2011,10.42
Finland,Nitrite,2010,0.0049
Finland,Dissolved oxygen,2012,9.17
Finland,Nitrite,2012,0.0033
Finland,Dissolved oxygen,2008,11.77
Bulgaria,Nitrite,2002,0.002
Romania,Nitrite,2011,0.005
Finland,Nitrite,2012,0.0016
Bulgaria,Nitrite,2004,0.024
Bulgaria,Nitrite,2005,0.222
Bulgaria,Dissolved oxygen,2002,5.633
Bulgaria,Nitrite,2000,0.049
Bulgaria,Nitrite,2004,0.005
Romania,Nitrate,2007,4.778
Romania,Nitrate,2009,105.98
Hungary,Nitrate,2005,0.3259
Bulgaria,Dissolved oxygen,2005,5.798
Bulgaria,Ammonium,2002,0.28
Finland,Nitrate,2008,0.01
Hungary,Nitrite,2004,0.0191
Bulgaria,Nitrite,2003,0.001
Bulgaria,Nitrite,2005,0.002
Finland,Dissolved oxygen,2010,6.2
Bulgaria,Dissolved oxygen,2004,3.323
Hungary,Nitrite,2001,0.0109
Bulgaria,Dissolved oxygen,2004,5.915
Bulgaria,Ammonium,2001,0.025
Bulgaria,Ammonium,2002,0.06
Finland,Ammonium,2010,0.0026
Bulgaria,Ammonium,2005,0.006
Bulgaria,Ammonium,2001,0.01
Hungary,Ammonium,2003,2.1649
Finland,Ammonium,2004,0.0055
Bulgaria,Nitrite,2000,0.002
Bulgaria,Nitrite,2002,0.001
Finland,Nitrite,2009,0.0016
Hungary,Ammonium,2000,1.5093
Hungary,Ammonium,2002,1.8352
Finland,Nitrite,2011,0.002
Hungary,Nitrite,2000,0.0049
Hungary,Nitrite,2002,0.0189
Hungary,Nitrate,2003,0.3685
Finland,Nitrate,2009,0.16
Hungary,Nitrate,2000,0.078
Finland,Nitrite,2009,0.0033
Hungary,Nitrite,2003,0.016
Hungary,Nitrite,2005,0.0123
Bulgaria,Ammonium,2001,0.023
Finland,Ammonium,2003,0.013
Finland,Nitrite,2011,0.003
Bulgaria,Nitrite,2005,0.059
Finland,Nitrite,2011,0.004
Finland,Dissolved oxygen,2011,11.0
Finland,Nitrite,2009,0.0016
Bulgaria,Ammonium,2004,0.173
Hungary,Nitrate,2002,0.3467
Finland,Nitrate,2011,6.2
Bulgaria,Nitrate,2000,40.345
Hungary,Nitrite,2001,0.0108
Hungary,Nitrite,2003,0.0085
Bulgaria,Dissolved oxygen,2001,4.12
Bulgaria,Dissolved oxygen,2003,6.293
Finland,Nitrate,2011,0.93
Lithuania,Ammonium,2000,0.59
Finland,Nitrite,2010,0.0033
Finland,Dissolved oxygen,2003,11.8
Finland,Dissolved oxygen,2006,11.63
Bulgaria,Nitrite,2001,0.006
Lithuania,Ammonium,2002,0.49
Lithuania,Ammonium,2004,0.65
Finland,Nitrite,2009,0.0049
Belgium,Nitrate,2005,71.14
Bulgaria,Nitrate,2000,36.1
Finland,Nitrite,2011,0.002
Finland,Nitrite,2010,0.0016
Hungary,Ammonium,2004,2.5862
Finland,Ammonium,2001,0.0061
Finland,Ammonium,2003,0.0055
Finland,Nitrite,2012,0.0016
Finland,Nitrate,2008,0.12
Hungary,Nitrate,2001,0.9386
Finland,Ammonium,2006,0.1143
Finland,Ammonium,2002,0.0061
Finland,Ammonium,2004,0.0285
Finland,Nitrate,2008,0.05
Hungary,Nitrate,2003,4.5483
Finland,Ammonium,2008,0.1024
Finland,Ammonium,2010,0.1352
Finland,Nitrate,2007,0.05
Finland,Nitrate,2010,0.04
Finland,Dissolved oxygen,2003,5.5
Finland,Dissolved oxygen,2009,4.57
Finland,Nitrate,2011,0.58
Finland,Ammonium,2006,0.0029
Finland,Ammonium,2008,0.0023
Finland,Ammonium,2004,0.0013
Finland,Nitrite,2000,0.003
Finland,Dissolved oxygen,2007,11.62
Bulgaria,Dissolved oxygen,2001,5.352
Finland,Nitrate,2012,0.01
Finland,Nitrate,2012,0.09
Finland,Ammonium,2009,0.1288
Finland,Nitrate,2002,13.5
Finland,Nitrite,2010,0.0033
Finland,Dissolved oxygen,2010,11.5
Finland,Dissolved oxygen,2011,11.5
Finland,Nitrate,2006,0.26
Hungary,Nitrite,2005,0.0109
Finland,Dissolved oxygen,2006,4.63
Finland,Ammonium,2012,0.1101
Finland,Ammonium,2003,0.008
Finland,Ammonium,2007,0.004
Finland,Nitrate,2010,4.88
Finland,Nitrate,2011,0.13
Bulgaria,Nitrate,2002,39.0
Hungary,Ammonium,2001,1.6871
Bulgaria,Nitrate,2000,19.798
Finland,Nitrate,2007,3.88
Finland,Nitrate,2009,9.74
Hungary,Nitrate,2004,0.566
Finland,Nitrate,2011,0.03
Finland,Nitrate,2006,0.05
Finland,Nitrate,2011,0.04
Finland,Nitrate,2011,0.1
Finland,Ammonium,2006,0.0068
Finland,Dissolved oxygen,2004,10.1
Finland,Nitrate,2012,0.01
Finland,Nitrate,2009,0.01
Bulgaria,Ammonium,2003,0.367
Bulgaria,Ammonium,2005,0.221
Bulgaria,Nitrite,2001,0.004
Finland,Nitrite,2009,0.0049
Finland,Nitrate,2002,3.19
Finland,Nitrate,2011,0.01
Lithuania,Nitrate,2001,1.48
Finland,Ammonium,2012,0.0013
Finland,Dissolved oxygen,2007,9.62
Finland,Ammonium,2006,0.0017
Finland,Ammonium,2008,0.0013
Finland,Nitrate,2010,0.01
Finland,Nitrite,2010,0.0016
Finland,Nitrite,2012,0.0033
Bulgaria,Nitrite,2004,0.008
Finland,Dissolved oxygen,2010,8.6
Finland,Dissolved oxygen,2012,8.25
Finland,Nitrite,2001,0.003
Bulgaria,Nitrite,2000,0.005
Finland,Dissolved oxygen,2006,8.93
Hungary,Nitrite,2002,0.0126
Finland,Nitrate,2003,5.17
Finland,Nitrate,2006,3.62
Finland,Nitrate,2007,0.35
Finland,Ammonium,2011,0.077
Hungary,Nitrate,2005,4.9944
Finland,Dissolved oxygen,2010,5.15
Finland,Nitrite,2011,0.002
Finland,Dissolved oxygen,2007,4.97
Lithuania,Nitrite,2000,0.016
Finland,Nitrite,2011,0.002
Hungary,Nitrite,2005,0.0049
Finland,Dissolved oxygen,2008,9.88
Finland,Dissolved oxygen,2007,8.45
Finland,Nitrate,2010,0.32
Finland,Nitrate,2012,0.19
Finland,Nitrate,2007,0.05
Finland,Nitrate,2004,6.34
Hungary,Nitrite,2000,0.0177
Hungary,Nitrite,2004,0.0234
Finland,Ammonium,2012,0.0019
Finland,Ammonium,2011,0.001
Finland,Ammonium,2009,0.0019
Finland,Ammonium,2011,0.005
Finland,Dissolved oxygen,2011,5.4
Finland,Nitrite,2010,0.0016
Finland,Dissolved oxygen,2003,9.4
Finland,Dissolved oxygen,2009,7.9
Finland,Nitrite,2006,0.0016
Finland,Nitrite,2007,0.0016
Lithuania,Nitrate,2005,0.5634
Finland,Nitrate,2009,0.04
Finland,Ammonium,2002,0.0047
Finland,Ammonium,2004,0.0013
Finland,Nitrate,2012,0.49
Finland,Nitrate,2011,0.24
Finland,Ammonium,2008,0.0032
Bulgaria,Ammonium,2003,0.006
Finland,Nitrate,2008,0.05
Finland,Nitrate,2000,5.23
Finland,Nitrate,2008,8.17
Finland,Dissolved oxygen,2011,7.3
Finland,Dissolved oxygen,2004,8.8
Finland,Dissolved oxygen,2007,8.95
Lithuania,Nitrate,2002,0.45
Bulgaria,Nitrate,2004,15.521
Finland,Nitrate,2012,11.29
Finland,Nitrate,2003,18.81
Finland,Nitrate,2004,18.92
Finland,Dissolved oxygen,2012,7.38
Bulgaria,Nitrate,2000,6.83
Finland,Dissolved oxygen,2006,9.0
Finland,Dissolved oxygen,2008,8.5
Finland,Ammonium,2002,0.006
Finland,Dissolved oxygen,2003,8.3
Finland,Nitrite,2009,0.0016
Finland,Nitrite,2011,0.003
Finland,Nitrate,2010,2.57
Bulgaria,Dissolved oxygen,2000,8.1
Finland,Nitrate,2012,0.27
Lithuania,Nitrate,2003,2.74
Finland,Nitrate,2012,0.03
Finland,Nitrite,2009,0.0016
Belgium,Nitrite,2009,0.107
Belgium,Nitrite,2010,0.13
Belgium,Dissolved oxygen,2008,1.83
Belgium,Dissolved oxygen,2011,1.06
Finland,Ammonium,2007,0.0787
Lithuania,Ammonium,2000,0.8845
Finland,Ammonium,2000,0.0103
Finland,Dissolved oxygen,2012,11.9
Finland,Dissolved oxygen,2004,4.95
Finland,Dissolved oxygen,2008,4.42
Finland,Nitrate,2000,3.38
Finland,Dissolved oxygen,2009,11.45
Finland,Dissolved oxygen,2007,8.2
Finland,Dissolved oxygen,2009,7.48
Finland,Ammonium,2002,0.0072
Finland,Ammonium,2006,0.0032
Finland,Ammonium,2007,0.004
Finland,Nitrite,2010,0.0049
Finland,Nitrite,2011,0.002
Finland,Nitrite,2012,0.0016
Hungary,Ammonium,2005,1.5182
Finland,Nitrate,2012,0.47
Finland,Nitrite,2011,0.002
Finland,Dissolved oxygen,2010,12.2
Lithuania,Nitrite,2004,0.004
Belgium,Dissolved oxygen,2005,1.0
Lithuania,Nitrate,2000,2.94
Finland,Nitrate,2001,3.76
Finland,Ammonium,2004,0.0032
Finland,Ammonium,2007,0.0071
Belgium,Dissolved oxygen,2007,3.23
Belgium,Dissolved oxygen,2012,4.4
Belgium,Ammonium,2009,1.8
Belgium,Ammonium,2011,0.29
Finland,Ammonium,2003,0.0039
Finland,Ammonium,2006,0.004
Finland,Dissolved oxygen,2010,11.0
Finland,Nitrite,2010,0.0033
Finland,Nitrite,2012,0.0033
Finland,Nitrate,2010,13.72
Finland,Ammonium,2010,0.0045
Finland,Ammonium,2011,0.002
Finland,Ammonium,2001,0.0103
Finland,Ammonium,2001,0.002
Belgium,Nitrate,2004,5.0088
Finland,Nitrate,2010,0.01
Finland,Nitrate,2010,10.76
Finland,Nitrate,2012,9.85
Finland,Nitrate,2010,4.47
Finland,Nitrate,2007,8.63
Finland,Nitrate,2000,0.2
Finland,Nitrate,2012,3.96
Finland,Nitrate,2010,0.93
Finland,Nitrate,2010,8.85
Finland,Ammonium,2003,0.003
Finland,Ammonium,2010,0.0013
Finland,Ammonium,2008,0.0032
Finland,Nitrate,2009,4.34
Bulgaria,Nitrite,2005,0.007
Finland,Nitrite,2009,0.0033
Finland,Dissolved oxygen,2008,7.93
Finland,Dissolved oxygen,2007,11.48
Finland,Dissolved oxygen,2009,8.4
Finland,Nitrite,2010,0.0033
Bulgaria,Dissolved oxygen,2003,7.249
Finland,Dissolved oxygen,2010,8.47
Finland,Dissolved oxygen,2012,8.59
Finland,Ammonium,2009,0.0032
Finland,Ammonium,2012,0.0019
Finland,Nitrite,2010,0.0033
Finland,Nitrite,2010,0.0049
Finland,Nitrite,2002,0.003
Finland,Nitrite,2012,0.0016
Hungary,Nitrite,2004,0.0005
Finland,Ammonium,2010,0.0026
Finland,Ammonium,2010,0.009
Finland,Ammonium,2002,0.0083
Finland,Dissolved oxygen,2004,11.83
Finland,Ammonium,2004,0.0041
Finland,Dissolved oxygen,2012,11.65
Finland,Ammonium,2000,0.0037
Finland,Nitrite,2011,0.005
Finland,Nitrite,2008,0.0016
Finland,Dissolved oxygen,2010,7.8
Finland,Dissolved oxygen,2012,10.1
Belgium,Nitrite,2007,0.082
Belgium,Nitrite,2008,0.035
Belgium,Dissolved oxygen,2009,1.07
Belgium,Dissolved oxygen,2010,2.59
Finland,Nitrite,2011,0.002
Finland,Nitrite,2012,0.0068
Lithuania,Nitrite,2001,0.204
Finland,Ammonium,2010,0.0019
Finland,Nitrite,2009,0.0016
Lithuania,Nitrite,2005,0.0223
Finland,Ammonium,2010,0.0019
Lithuania,Ammonium,2004,0.6559
Finland,Nitrate,2012,11.07
Finland,Nitrate,2000,2.71
Bulgaria,Ammonium,2001,0.021
Bulgaria,Nitrate,2000,77.603
Bulgaria,Nitrate,2001,48.025
Bulgaria,Nitrate,2000,9.14
Finland,Nitrite,2012,0.0016
Finland,Nitrite,2012,0.0016
Finland,Nitrate,2004,4.23
Hungary,Nitrate,2003,0.3228
Finland,Nitrate,2010,15.94
Finland,Nitrate,2001,2.929
Finland,Ammonium,2011,0.005
Finland,Ammonium,2012,0.0024
Lithuania,Ammonium,2002,1.0009
Finland,Ammonium,2010,0.0013
Finland,Ammonium,2012,0.0013
Finland,Dissolved oxygen,2011,12.7
Bulgaria,Dissolved oxygen,2001,4.31
Bulgaria,Nitrite,2000,0.05
Belgium,Nitrite,2012,0.093
Finland,Ammonium,2004,0.0032
Finland,Ammonium,2011,0.001
Finland,Ammonium,2010,0.0064
Finland,Ammonium,2012,0.0013
Finland,Ammonium,2010,0.0182
Belgium,Ammonium,2006,2.8
Finland,Ammonium,2007,0.0013
Finland,Ammonium,2010,0.0142
Finland,Nitrate,2010,0.22
Finland,Nitrate,2011,0.38
Finland,Nitrate,2010,0.03
Finland,Ammonium,2001,0.0103
Finland,Ammonium,2009,0.0032
Finland,Ammonium,2008,0.0019
Bulgaria,Ammonium,2004,0.14
Belgium,Ammonium,2007,2.91
Finland,Ammonium,2000,0.0023
Bulgaria,Ammonium,2002,0.13
Bulgaria,Dissolved oxygen,2005,6.112
Bulgaria,Dissolved oxygen,2001,6.4
Belgium,Ammonium,2005,2.59
Belgium,Ammonium,2012,0.38
Finland,Ammonium,2011,0.014
Finland,Ammonium,2010,0.0013
Bulgaria,Ammonium,2000,0.014
Finland,Dissolved oxygen,2004,9.94
Bulgaria,Nitrite,2001,0.005
Bulgaria,Dissolved oxygen,2004,5.71
Finland,Dissolved oxygen,2006,6.78
Finland,Dissolved oxygen,2011,8.5
Finland,Ammonium,2010,0.0019
Lithuania,Ammonium,2003,0.3335
Finland,Ammonium,2010,0.0064
Finland,Ammonium,2008,0.0013
Finland,Ammonium,2009,0.0013
Finland,Ammonium,2003,0.0045
Bulgaria,Ammonium,2004,0.02
Bulgaria,Ammonium,2001,0.029
Bulgaria,Ammonium,2002,0.028
Finland,Ammonium,2012,0.0042
Finland,Ammonium,2002,0.001
Finland,Ammonium,2001,0.0032
Finland,Ammonium,2011,0.002
Finland,Ammonium,2004,0.005
Finland,Ammonium,2006,0.0045
Finland,Ammonium,2000,0.0032
Finland,Ammonium,2003,0.0042
Belgium,Ammonium,2008,2.75
Belgium,Ammonium,2010,0.729
Finland,Ammonium,2008,0.0055
Finland,Ammonium,2010,0.0032
Finland,Ammonium,2004,0.0032
Finland,Dissolved oxygen,2010,1.1
Finland,Nitrite,2010,0.0082
Finland,Nitrite,2011,0.003
Finland,Ammonium,2001,0.002
Finland,Ammonium,2012,0.0013
Finland,Ammonium,2011,0.003
Finland,Ammonium,2000,0.0113
Finland,Ammonium,2002,0.002
Lithuania,Ammonium,2001,1.9389
Finland,Ammonium,2011,0.001
Finland,Ammonium,2010,0.0013
Bulgaria,Nitrite,2002,0.005
Belgium,Nitrite,2011,0.055
Finland,Dissolved oxygen,2011,8.1
Finland,Nitrite,2012,0.0033
Finland,Dissolved oxygen,2008,8.25
Belgium,Dissolved oxygen,2006,2.28
Finland,Nitrite,2009,0.0049
Finland,Nitrite,2010,0.0148
Lithuania,Nitrate,2004,2.05
Finland,Nitrate,2003,4.48
Finland,Dissolved oxygen,2006,10.05
Finland,Dissolved oxygen,2008,9.57
Lithuania,Dissolved oxygen,2000,1.3
Finland,Ammonium,2002,0.0032
Finland,Ammonium,2004,0.0038
Finland,Ammonium,2007,0.0043
Finland,Ammonium,2008,0.0019
Finland,Ammonium,2010,0.0035
Finland,Nitrate,2011,8.72
Finland,Ammonium,2010,0.0309
Finland,Dissolved oxygen,2007,10.32
Bulgaria,Dissolved oxygen,2000,11.51
Finland,Nitrate,2003,3.86
Bulgaria,Nitrate,2001,5.313
Lithuania,Dissolved oxygen,2001,2.6
Finland,Ammonium,2011,0.038
Finland,Ammonium,2012,0.0055
Bulgaria,Nitrate,2005,6.682
Finland,Nitrate,2001,0.097
Finland,Dissolved oxygen,2012,10.02
Finland,Dissolved oxygen,2010,10.5
Finland,Dissolved oxygen,2010,9.67
Finland,Dissolved oxygen,2011,10.43
Finland,Nitrite,2009,0.0049
Finland,Nitrate,2009,0.09
Finland,Nitrate,2002,3.84
Hungary,Nitrate,2001,0.4928
Finland,Nitrate,2006,3.67
Bulgaria,Nitrate,2002,0.1
Bulgaria,Nitrate,2003,0.22
Finland,Nitrate,2002,3.906
Finland,Nitrate,2008,3.66
Finland,Nitrate,2008,2.42
Finland,Nitrate,2011,8.19
Finland,Nitrate,2004,3.99
Finland,Ammonium,2012,0.0033
Finland,Ammonium,2001,0.0032
Finland,Ammonium,2010,0.0064
Finland,Nitrite,2010,0.0033
Finland,Nitrate,2012,32.32
Bulgaria,Nitrite,2000,0.001
Bulgaria,Dissolved oxygen,2005,7.033
Bulgaria,Ammonium,2003,0.025
Finland,Nitrate,2007,2.43
Finland,Nitrate,2009,0.04
Finland,Ammonium,2007,0.0064
Finland,Ammonium,2009,0.0032
Finland,Ammonium,2002,0.0032
Finland,Ammonium,2004,0.0013
Finland,Ammonium,2000,0.0064
Finland,Ammonium,2008,0.0035
Finland,Ammonium,2010,0.0017
Finland,Ammonium,2003,0.0032
Finland,Nitrite,2010,0.0049
Finland,Nitrite,2012,0.0158
Finland,Ammonium,2003,0.0041
Romania,Nitrate,2006,18.267
Lithuania,Nitrate,2000,10.55
Bulgaria,Nitrate,2004,0.67
Finland,Ammonium,2007,0.0019
Finland,Ammonium,2010,0.0035
Finland,Ammonium,2001,0.0032
Finland,Ammonium,2006,0.0019
Hungary,Nitrate,2004,0.5781
Finland,Nitrate,2001,3.76
Belgium,Nitrate,2003,24.372
Finland,Nitrate,2011,4.34
Finland,Nitrate,2009,2.48
Finland,Nitrate,2003,0.12
Finland,Nitrate,2004,0.1
Finland,Nitrate,2004,0.24
Finland,Nitrate,2006,0.17
Finland,Nitrate,2010,2.49
Finland,Nitrate,2011,2.52
Finland,Ammonium,2009,0.0064
Hungary,Nitrate,2000,0.5686
Hungary,Nitrate,2002,0.6357
Finland,Dissolved oxygen,2012,1.2
Finland,Nitrite,2010,0.0049
Finland,Nitrite,2012,0.0049
Bulgaria,Nitrite,2001,0.001
Bulgaria,Nitrite,2001,0.008
Finland,Nitrate,2011,2.49
Finland,Nitrate,2012,0.39
Finland,Nitrate,2010,1.0
Finland,Nitrate,2011,4.23
Finland,Nitrate,2003,0.25
Finland,Nitrate,2007,0.46
Finland,Nitrite,2011,0.069
Finland,Dissolved oxygen,2012,2.5
Finland,Nitrite,2011,0.005
Bulgaria,Nitrite,2001,0.002
Finland,Nitrate,2010,27.89
Finland,Ammonium,2007,0.0013
Bulgaria,Dissolved oxygen,2002,6.125
Finland,Dissolved oxygen,2003,9.8
Romania,Dissolved oxygen,2011,7.05
Finland,Dissolved oxygen,2004,10.43
Bulgaria,Nitrite,2001,0.003
Bulgaria,Dissolved oxygen,2005,4.012
Belgium,Nitrite,2006,0.04
Bulgaria,Dissolved oxygen,2003,6.3
Bulgaria,Nitrite,2004,0.012
Finland,Dissolved oxygen,2009,9.73
Finland,Dissolved oxygen,2011,10.42
Finland,Nitrate,2008,7.97
Finland,Nitrate,2011,26.78
Finland,Ammonium,2009,0.0019
Bulgaria,Nitrate,2004,4.725
Finland,Ammonium,2011,0.013
Finland,Ammonium,2010,0.0019
Finland,Ammonium,2009,0.008
Finland,Ammonium,2009,0.0077
Finland,Ammonium,2011,0.002
Bulgaria,Ammonium,2000,0.078
Finland,Ammonium,2001,0.002
Finland,Ammonium,2000,0.0032
Finland,Ammonium,2006,0.0047
Finland,Nitrate,2011,0.63
Finland,Ammonium,2012,0.0042
Finland,Ammonium,2006,0.0023
Finland,Ammonium,2003,0.0048
Bulgaria,Ammonium,2005,0.026
Finland,Ammonium,2007,0.0109
Finland,Ammonium,2006,0.0019
Finland,Ammonium,2008,0.0019
Finland,Ammonium,2006,0.0044
Finland,Ammonium,2009,0.0019
Finland,Ammonium,2008,0.0043
Finland,Ammonium,2012,0.0232
Finland,Dissolved oxygen,2003,10.25
Finland,Nitrate,2007,2.58
Finland,Nitrate,2009,5.75
Belgium,Nitrite,2007,0.0075
Belgium,Nitrite,2011,0.01
Finland,Dissolved oxygen,2007,9.4
Finland,Nitrite,2012,0.0049
Finland,Ammonium,2001,0.0026
Finland,Ammonium,2000,0.0028
Bulgaria,Ammonium,2001,0.01
Belgium,Ammonium,2005,0.27
Finland,Nitrate,2002,0.208
Finland,Ammonium,2002,0.0068
Bulgaria,Ammonium,2003,0.006
Finland,Ammonium,2012,0.0029
Finland,Ammonium,2000,0.0036
Finland,Nitrate,2008,0.68
Finland,Nitrate,2010,1.11
Bulgaria,Nitrate,2005,9.242
Lithuania,Nitrate,2005,2.0668
Bulgaria,Nitrate,2000,15.92
Bulgaria,Nitrate,2002,17.525
Bulgaria,Nitrate,2004,30.325
Finland,Nitrate,2012,0.15
Finland,Ammonium,2004,0.0064
Finland,Ammonium,2007,0.0023
Belgium,Ammonium,2004,0.092
Finland,Nitrate,2011,12.4
Finland,Ammonium,2011,0.023
Finland,Ammonium,2006,0.0032
Lithuania,Ammonium,2000,0.74
Hungary,Nitrate,2005,0.7047
Finland,Nitrate,2002,0.11
Finland,Nitrate,2004,0.89
Bulgaria,Nitrite,2000,0.009
Belgium,Nitrite,2007,0.01
Finland,Dissolved oxygen,2006,10.4
Hungary,Nitrate,2004,0.5225
Lithuania,Nitrate,2002,6.38
Finland,Nitrate,2006,6.2
Finland,Nitrite,2009,0.0016
Bulgaria,Dissolved oxygen,2004,5.8
Finland,Nitrite,2009,0.0049
Finland,Nitrite,2011,0.003
Finland,Dissolved oxygen,2004,8.7
Finland,Dissolved oxygen,2007,0.81
Finland,Nitrate,2006,0.09
Finland,Nitrate,2007,0.08
Finland,Nitrate,2001,1.02
Belgium,Nitrate,2012,1.48
Bulgaria,Nitrate,2001,30.165
Bulgaria,Nitrite,2003,0.011
Lithuania,Dissolved oxygen,2002,0.76
Lithuania,Dissolved oxygen,2003,0.4831
Bulgaria,Nitrate,2003,12.56
Finland,Nitrate,2011,2.48
Finland,Nitrate,2010,1.86
Finland,Ammonium,2003,0.003
Finland,Nitrate,2012,2.83
Bulgaria,Nitrate,2000,3.267
Bulgaria,Nitrate,2002,3.64
Finland,Nitrate,2009,1.04
Finland,Ammonium,2002,0.0052
Finland,Nitrate,2000,0.11
Finland,Nitrate,2008,0.07
Finland,Ammonium,2010,0.0023
Finland,Ammonium,2004,0.0055
Finland,Ammonium,2011,0.002
Finland,Ammonium,2009,0.0013
Finland,Nitrate,2012,2.49
Lithuania,Nitrate,2005,9.0084
Finland,Nitrate,2006,0.97
Finland,Nitrate,2010,3.63
Finland,Ammonium,2010,0.0013
Bulgaria,Ammonium,2000,0.057
Lithuania,Ammonium,2003,0.5881
Bulgaria,Nitrate,2000,1.73
Bulgaria,Nitrate,2002,2.414
Bulgaria,Nitrate,2000,6.348
Belgium,Nitrite,2010,0.03
Belgium,Nitrite,2012,0.118
Lithuania,Ammonium,2004,0.7471
Bulgaria,Nitrite,2003,0.033
Finland,Dissolved oxygen,2009,9.4
Finland,Nitrite,2010,0.0049
Bulgaria,Nitrate,2005,48.1
Bulgaria,Nitrate,2001,7.233
Bulgaria,Nitrate,2001,2.17
Finland,Dissolved oxygen,2012,8.45
Belgium,Nitrite,2004,0.08
Finland,Dissolved oxygen,2010,1.2
Finland,Nitrite,2010,0.0049
Finland,Nitrite,2011,0.005
Finland,Nitrate,2001,0.189
Finland,Nitrate,2009,0.97
Finland,Nitrate,2008,0.99
Belgium,Nitrate,2008,61.07
Finland,Nitrate,2002,1.02
Bulgaria,Nitrate,2002,54.75
Hungary,Nitrate,2003,0.2971
Lithuania,Nitrate,2003,7.34
Bulgaria,Ammonium,2004,0.026
Lithuania,Nitrate,2001,7.91
Finland,Nitrate,2011,3.76
Finland,Nitrate,2007,0.99
Bulgaria,Nitrite,2001,0.008
Finland,Ammonium,2012,0.0019
Lithuania,Nitrite,2005,0.0044
Bulgaria,Ammonium,2002,0.012
Finland,Ammonium,2007,0.0042
Finland,Ammonium,2011,0.001
Belgium,Ammonium,2007,0.255
Finland,Ammonium,2002,0.0064
Finland,Ammonium,2010,0.0109
Finland,Ammonium,2002,0.004
Belgium,Ammonium,2006,0.27
Finland,Ammonium,2010,0.0013
Hungary,Ammonium,2001,0.7798
Finland,Dissolved oxygen,2012,5.5
Lithuania,Dissolved oxygen,2002,1.13
Finland,Dissolved oxygen,2006,1.53
Belgium,Nitrite,2011,0.03
Bulgaria,Nitrite,2004,0.003
Belgium,Nitrite,2005,0.015
Finland,Nitrate,2003,0.9
Bulgaria,Nitrate,2004,3.976
Finland,Ammonium,2003,0.0082
Finland,Ammonium,2011,0.001
Finland,Ammonium,2006,0.0043
Finland,Ammonium,2007,0.0016
Finland,Nitrate,2012,4.29
Bulgaria,Nitrate,2001,7.41
Finland,Dissolved oxygen,2008,8.57
Finland,Dissolved oxygen,2010,10.02
Belgium,Nitrite,2006,0.268
Bulgaria,Nitrite,2002,0.006
Finland,Nitrite,2010,0.0526
Finland,Nitrite,2012,0.0033
Bulgaria,Dissolved oxygen,2004,8.5
Bulgaria,Nitrite,2005,0.005
Finland,Ammonium,2010,0.0019
Finland,Ammonium,2007,0.0032
Bulgaria,Dissolved oxygen,2001,8.988
Finland,Dissolved oxygen,2003,10.1
Lithuania,Nitrate,2004,3.96
Bulgaria,Nitrate,2003,6.6
Lithuania,Ammonium,2002,1.072
Finland,Ammonium,2010,0.0013
Finland,Ammonium,2012,0.0715
Finland,Ammonium,2010,0.0019
Bulgaria,Ammonium,2005,0.297
Bulgaria,Nitrate,2003,3.012
Bulgaria,Ammonium,2004,0.063
Finland,Nitrate,2000,0.93
Hungary,Nitrate,2001,0.1848
Bulgaria,Nitrite,2001,0.009
Bulgaria,Dissolved oxygen,2004,5.255
Bulgaria,Nitrate,2000,22.46
Finland,Nitrate,2011,5.57
Finland,Dissolved oxygen,2010,9.85
Lithuania,Nitrite,2001,0.126
Belgium,Nitrite,2009,0.28
Bulgaria,Dissolved oxygen,2005,4.45
Bulgaria,Nitrite,2000,0.01
Bulgaria,Nitrate,2005,3.677
Finland,Dissolved oxygen,2011,2.5
Bulgaria,Nitrite,2005,0.01
Finland,Dissolved oxygen,2011,5.6
Belgium,Nitrite,2008,0.055
Bulgaria,Nitrite,2000,0.002
Bulgaria,Dissolved oxygen,2002,6.717
Finland,Dissolved oxygen,2010,5.2
Belgium,Nitrite,2003,0.3806
Finland,Ammonium,2004,0.0032
Finland,Ammonium,2012,0.0013
Finland,Ammonium,2006,0.0023
Belgium,Nitrite,2007,0.193
Finland,Dissolved oxygen,2010,8.3
Finland,Nitrate,2012,0.99
Bulgaria,Nitrite,2002,0.003
Bulgaria,Nitrite,2000,0.009
Finland,Nitrate,2011,0.62
Bulgaria,Ammonium,2001,0.019
Bulgaria,Nitrate,2005,8.672
Bulgaria,Nitrite,2002,0.019
Bulgaria,Nitrite,2004,0.007
Finland,Dissolved oxygen,2003,7.2
Finland,Dissolved oxygen,2006,6.1
Finland,Dissolved oxygen,2012,9.4
Bulgaria,Nitrite,2002,0.182
Hungary,Nitrite,2005,0.0327
Finland,Dissolved oxygen,2012,3.7
Finland,Ammonium,2000,0.0045
Finland,Ammonium,2006,0.0093
Bulgaria,Ammonium,2004,0.225
Finland,Nitrite,2012,0.0049
Bulgaria,Ammonium,2005,0.076
Finland,Ammonium,2009,0.0068
Finland,Ammonium,2011,0.004
Bulgaria,Dissolved oxygen,2003,6.005
Lithuania,Dissolved oxygen,2001,1.82
Hungary,Nitrite,2000,0.0151
Finland,Nitrate,2011,0.59
Finland,Nitrate,2010,6.82
Hungary,Nitrite,2002,0.0568
Lithuania,Ammonium,2005,0.3016
Finland,Ammonium,2011,0.001
Bulgaria,Ammonium,2005,0.096
Finland,Dissolved oxygen,2006,10.58
Finland,Nitrite,2010,0.0049
Finland,Nitrite,2012,0.0049
Finland,Nitrate,2012,3.56
Finland,Ammonium,2008,0.0013
Finland,Ammonium,2009,0.0013
Hungary,Ammonium,2002,0.7927
Finland,Dissolved oxygen,2003,8.8
Finland,Dissolved oxygen,2011,5.4
Finland,Ammonium,2008,0.0013
Bulgaria,Nitrate,2001,41.1
Hungary,Nitrate,2002,0.3113
Bulgaria,Dissolved oxygen,2000,7.0
Bulgaria,Dissolved oxygen,2001,8.253
Bulgaria,Dissolved oxygen,2003,6.883
Finland,Nitrate,2012,0.46
Bulgaria,Nitrate,2004,9.942
Finland,Dissolved oxygen,2010,1.25
Finland,Dissolved oxygen,2012,1.21
Bulgaria,Ammonium,2001,0.481
Bulgaria,Ammonium,2000,0.09
Finland,Dissolved oxygen,2007,5.57
Finland,Dissolved oxygen,2011,8.2
Bulgaria,Nitrite,2001,0.012
Bulgaria,Nitrite,2003,0.172
Finland,Nitrate,2006,0.21
Finland,Ammonium,2010,0.0019
Finland,Ammonium,2012,0.0013
Bulgaria,Ammonium,2000,0.01
Finland,Ammonium,2004,0.0045
Finland,Ammonium,2012,0.0077
Finland,Ammonium,2012,0.0068
Finland,Dissolved oxygen,2007,10.2
Finland,Dissolved oxygen,2010,8.0
Finland,Dissolved oxygen,2010,3.4
Finland,Nitrate,2008,0.21
Bulgaria,Nitrate,2003,32.6
Slovakia,Nitrite,2000,0.0061
Hungary,Nitrite,2001,0.03
Bulgaria,Ammonium,2002,0.631
Finland,Ammonium,2012,0.0023
Hungary,Nitrite,2003,0.0164
Bulgaria,Dissolved oxygen,2004,5.85
Bulgaria,Nitrite,2005,0.027
Finland,Nitrite,2009,0.0033
Finland,Dissolved oxygen,2008,6.42
Belgium,Nitrate,2011,56.49
Finland,Ammonium,2008,0.0013
Bulgaria,Dissolved oxygen,2005,3.73
Finland,Dissolved oxygen,2012,8.65
Finland,Dissolved oxygen,2009,5.75
Finland,Dissolved oxygen,2010,5.88
Hungary,Ammonium,2001,1.1206
Bulgaria,Ammonium,2001,0.11
Bulgaria,Ammonium,2003,0.34
Hungary,Nitrate,2000,1.9131
Finland,Nitrite,2011,0.002
Lithuania,Nitrite,2005,0.006
Finland,Nitrate,2010,0.04
Finland,Nitrate,2010,0.69
Finland,Ammonium,2003,0.014
Finland,Ammonium,2008,0.0048
Finland,Ammonium,2009,0.0013
Finland,Ammonium,2011,0.001
Finland,Nitrate,2007,0.25
Belgium,Nitrate,2009,58.18
Belgium,Nitrate,2010,59.26
Bulgaria,Nitrite,2004,0.063
Bulgaria,Dissolved oxygen,2005,6.672
Finland,Dissolved oxygen,2004,7.78
Hungary,Nitrate,2001,1.0294
Bulgaria,Nitrate,2004,20.5
Bulgaria,Nitrate,2005,28.825
Bulgaria,Nitrate,2003,29.959
Bulgaria,Nitrate,2004,25.169
Finland,Nitrate,2002,0.11
Finland,Nitrate,2004,0.04
Hungary,Nitrate,2004,0.4318
Hungary,Nitrate,2005,0.5
Bulgaria,Nitrite,2000,0.02
Finland,Dissolved oxygen,2011,1.2
Finland,Nitrate,2010,16.16
Bulgaria,Nitrite,2005,0.028
Bulgaria,Dissolved oxygen,2004,7.268
Belgium,Nitrite,2005,0.295
Finland,Dissolved oxygen,2011,9.6
Bulgaria,Dissolved oxygen,2005,5.115
Bulgaria,Nitrite,2004,0.009
Bulgaria,Nitrate,2001,18.547
Finland,Ammonium,2011,0.113
Bulgaria,Nitrate,2002,35.615
Belgium,Nitrate,2007,61.44
Belgium,Nitrate,2012,54.63
Bulgaria,Dissolved oxygen,2001,6.596
Finland,Nitrite,2010,0.0016
Finland,Dissolved oxygen,2011,4.7
Finland,Dissolved oxygen,2003,11.13
Bulgaria,Nitrate,2000,5.55
Finland,Nitrite,2012,0.0016
Finland,Dissolved oxygen,2004,11.4
Bulgaria,Dissolved oxygen,2000,6.963
Finland,Dissolved oxygen,2008,11.02
Bulgaria,Dissolved oxygen,2000,3.75
Bulgaria,Dissolved oxygen,2001,3.15
Finland,Ammonium,2012,0.1275
Finland,Ammonium,2012,0.0013
Finland,Ammonium,2011,0.001
Finland,Nitrate,2000,0.05
Bulgaria,Nitrite,2000,0.009
Finland,Dissolved oxygen,2011,10.4
Finland,Nitrite,2001,0.0046
Finland,Ammonium,2010,0.0013
Finland,Ammonium,2012,0.0032
Hungary,Ammonium,2004,0.6802
Lithuania,Nitrite,2000,0.012
Finland,Dissolved oxygen,2007,10.3
Finland,Dissolved oxygen,2008,10.38
Hungary,Ammonium,2005,0.7304
Finland,Ammonium,2001,0.0028
Finland,Ammonium,2002,0.0013
Belgium,Nitrite,2004,0.1624
Lithuania,Dissolved oxygen,2003,1.2433
Bulgaria,Dissolved oxygen,2005,4.62
Lithuania,Ammonium,2001,0.411
Finland,Dissolved oxygen,2004,8.73
Finland,Dissolved oxygen,2012,5.48
Hungary,Nitrite,2004,0.0987
Finland,Dissolved oxygen,2012,11.35
Bulgaria,Dissolved oxygen,2000,4.942
Finland,Dissolved oxygen,2009,11.45
Finland,Dissolved oxygen,2011,11.0
Finland,Dissolved oxygen,2004,10.3
Finland,Dissolved oxygen,2006,11.08
Finland,Dissolved oxygen,2007,11.12
Finland,Nitrite,2011,0.005
Finland,Dissolved oxygen,2010,5.5
Finland,Dissolved oxygen,2009,10.52
Finland,Dissolved oxygen,2010,10.3
Finland,Nitrite,2009,0.0053
Finland,Dissolved oxygen,2011,10.1
Finland,Dissolved oxygen,2012,6.5
Bulgaria,Ammonium,2001,0.32
Bulgaria,Dissolved oxygen,2003,5.1
Finland,Ammonium,2001,0.0517
Hungary,Ammonium,2000,1.0935
Finland,Ammonium,2006,0.0441
Hungary,Ammonium,2003,1.1439
Finland,Ammonium,2011,0.001
Finland,Ammonium,2008,0.0396
Bulgaria,Nitrite,2001,0.007
Bulgaria,Nitrite,2001,0.026
Finland,Ammonium,2000,0.0015
Finland,Ammonium,2003,0.0016
Bulgaria,Ammonium,2000,0.407
Finland,Nitrite,2012,0.0016
Hungary,Ammonium,2005,1.0339
Finland,Ammonium,2007,0.0489
Finland,Ammonium,2009,0.0351
Finland,Dissolved oxygen,2010,5.88
Finland,Ammonium,2011,0.002
Hungary,Ammonium,2000,0.8397
Finland,Ammonium,2001,0.0041
Finland,Ammonium,2003,0.0057
Hungary,Ammonium,2001,1.0561
Sweden,Ammonium,2000,0.087
Hungary,Ammonium,2000,0.9627
Finland,Ammonium,2012,0.0013
Finland,Ammonium,2004,0.0013
Finland,Ammonium,2007,0.0019
Hungary,Ammonium,2002,1.1716
Hungary,Ammonium,2004,1.0115
Finland,Dissolved oxygen,2012,7.38
Bulgaria,Nitrite,2002,0.033
Lithuania,Ammonium,2005,0.0945
Hungary,Nitrate,2000,0.3867
Finland,Ammonium,2010,0.0013
Finland,Ammonium,2006,0.0061
Finland,Nitrate,2004,0.21
Finland,Nitrite,2000,0.0059
Finland,Nitrite,2002,0.0046
Finland,Dissolved oxygen,2011,9.8
Finland,Ammonium,2008,0.0035
Luxembourg,Ammonium,2004,0.025
Finland,Nitrate,2002,0.078
Finland,Nitrate,2003,0.063
Finland,Nitrite,2010,0.0033
Finland,Nitrite,2012,0.0033
Hungary,Nitrite,2002,0.0187
Finland,Dissolved oxygen,2011,8.4
Lithuania,Ammonium,2001,0.2506
Finland,Nitrate,2000,0.506
Hungary,Ammonium,2004,0.7602
Finland,Ammonium,2012,0.0032
Lithuania,Ammonium,2003,0.3074
Finland,Ammonium,2012,0.0013
Sweden,Ammonium,2003,0.14
Finland,Ammonium,2007,0.0026
Finland,Ammonium,2009,0.0023
Sweden,Ammonium,2005,0.14
Finland,Ammonium,2002,0.0495
Finland,Ammonium,2004,0.0498
Finland,Nitrate,2012,3.41
Finland,Nitrate,2010,1.06
Finland,Nitrate,2012,1.06
Finland,Nitrate,2002,0.0531
Finland,Nitrate,2004,0.07
Luxembourg,Nitrate,2003,10.0
Finland,Nitrate,2011,0.03
Luxembourg,Nitrite,2005,0.025
Luxembourg,Nitrite,2003,0.005
Finland,Dissolved oxygen,2010,3.65
Finland,Dissolved oxygen,2012,9.3
Finland,Dissolved oxygen,2012,12.0
Finland,Nitrite,2010,0.0033
Finland,Dissolved oxygen,2003,7.5
Finland,Dissolved oxygen,2006,6.7
Finland,Dissolved oxygen,2008,7.08
Finland,Ammonium,2001,0.0055
Finland,Ammonium,2003,0.0039
Finland,Ammonium,2010,0.0026
Finland,Nitrate,2010,2.83
Finland,Nitrate,2001,0.006
Bulgaria,Nitrate,2001,3.684
Finland,Nitrate,2012,0.03
Finland,Nitrate,2010,0.18
Finland,Nitrate,2011,9.01
Finland,Nitrate,2011,1.06
Luxembourg,Nitrate,2005,42.0
Finland,Nitrate,2000,0.075
Luxembourg,Ammonium,2003,0.005
Finland,Ammonium,2006,0.0077
Finland,Ammonium,2004,0.0017
Finland,Ammonium,2007,0.0029
Lithuania,Nitrite,2001,0.213
Bulgaria,Nitrite,2000,0.016
Finland,Nitrate,2003,0.071
Finland,Nitrate,2006,0.06
Finland,Nitrate,2004,0.16
Hungary,Nitrate,2004,0.6582
Finland,Nitrite,2007,0.0033
Finland,Nitrite,2008,0.0049
Bulgaria,Dissolved oxygen,2001,7.642
Bulgaria,Dissolved oxygen,2000,4.263
Hungary,Nitrite,2003,0.0006
Finland,Nitrate,2004,0.06
Finland,Dissolved oxygen,2003,4.2
Finland,Dissolved oxygen,2012,10.65
Finland,Nitrite,2012,0.0016
Finland,Dissolved oxygen,2012,1.44
Lithuania,Nitrite,2005,0.0042
Finland,Dissolved oxygen,2006,6.15
Lithuania,Dissolved oxygen,2002,0.97
Finland,Dissolved oxygen,2010,6.7
Slovakia,Dissolved oxygen,2000,0.686
Finland,Nitrate,2007,0.12
Finland,Nitrate,2012,4.63
Luxembourg,Nitrite,2006,0.025
Finland,Dissolved oxygen,2011,11.2
Finland,Dissolved oxygen,2011,8.3
Finland,Nitrite,2010,0.0016
Finland,Ammonium,2003,0.0097
Luxembourg,Ammonium,2006,0.025
Finland,Nitrate,2012,8.86
Finland,Nitrate,2007,0.06
Finland,Dissolved oxygen,2010,7.95
Hungary,Nitrite,2000,0.0154
Finland,Dissolved oxygen,2009,5.78
Finland,Dissolved oxygen,2011,5.0
Finland,Ammonium,2010,0.0013
Finland,Ammonium,2012,0.0013
Finland,Ammonium,2009,0.0035
Finland,Ammonium,2010,0.0013
Finland,Nitrate,2009,0.03
Luxembourg,Nitrate,2005,8.6
Finland,Nitrate,2010,0.1
Hungary,Nitrate,2001,0.5875
Hungary,Nitrate,2003,0.5393
Finland,Ammonium,2011,0.005
Finland,Ammonium,2010,0.0042
Finland,Ammonium,2012,0.0032
Finland,Ammonium,2000,0.0607
Finland,Nitrate,2001,0.0509
Hungary,Nitrate,2005,0.3044
Finland,Nitrate,2003,0.068
Lithuania,Ammonium,2004,1.0489
Finland,Nitrate,2010,5.75
Finland,Ammonium,2011,0.003
Finland,Ammonium,2010,0.0032
Finland,Ammonium,2007,0.0113
Lithuania,Nitrate,2002,1.0
Lithuania,Nitrate,2004,0.89
Finland,Dissolved oxygen,2012,8.5
Finland,Dissolved oxygen,2010,8.6
Bulgaria,Dissolved oxygen,2002,1.9
Finland,Nitrate,2006,0.08
Finland,Nitrate,2008,0.1
Finland,Ammonium,2003,0.0048
Finland,Ammonium,2011,0.035
Finland,Dissolved oxygen,2010,11.05
Finland,Nitrite,2010,0.0016
Finland,Nitrite,2012,0.0016
Hungary,Ammonium,2003,0.7449
Finland,Dissolved oxygen,2010,6.4
Finland,Dissolved oxygen,2012,11.7
Finland,Ammonium,2000,0.0032
Finland,Ammonium,2010,0.0013
Finland,Nitrate,2012,0.95
Romania,Nitrate,2007,46.78
Finland,Ammonium,2001,0.0046
Finland,Ammonium,2002,0.0032
Lithuania,Ammonium,2000,0.84
Hungary,Nitrate,2005,0.9382
Hungary,Nitrate,2004,0.448
Finland,Ammonium,2011,0.001
Finland,Ammonium,2012,0.0064
Sweden,Ammonium,2006,0.13
Finland,Ammonium,2004,0.0026
Finland,Ammonium,2012,0.0013
Finland,Ammonium,2004,0.008
Sweden,Ammonium,2001,0.09
Hungary,Ammonium,2002,0.9065
Finland,Ammonium,2010,0.0142
Finland,Nitrite,2010,0.0033
Finland,Ammonium,2011,0.001
Finland,Nitrate,2011,1.01
Finland,Nitrate,2010,0.12
Finland,Nitrate,2012,0.04
Luxembourg,Nitrate,2004,39.5
Finland,Nitrate,2000,0.105
Finland,Nitrate,2002,0.0797
Hungary,Ammonium,2003,1.2241
Belgium,Ammonium,2011,0.01
Hungary,Ammonium,2000,1.2841
Finland,Nitrate,2011,0.31
Finland,Nitrate,2011,0.01
Hungary,Nitrate,2005,0.4833
Luxembourg,Nitrate,2004,7.6
Luxembourg,Nitrate,2006,42.5
Luxembourg,Nitrate,2007,43.667
Finland,Nitrate,2012,0.12
Finland,Nitrite,2012,0.0033
Finland,Dissolved oxygen,2010,7.3
Finland,Nitrite,2012,0.0016
Finland,Nitrate,2011,12.17
Hungary,Ammonium,2002,1.7094
Finland,Ammonium,2002,0.018
Malta,Ammonium,2008,0.25
Luxembourg,Ammonium,2003,0.025
Hungary,Ammonium,2007,1.0381
Bulgaria,Ammonium,2001,0.131
Finland,Nitrite,2011,0.003
Finland,Nitrate,2011,0.34
Finland,Nitrate,2012,0.09
Finland,Nitrate,2010,14.17
Belgium,Ammonium,2009,0.0237
Lithuania,Nitrite,2004,0.02
Finland,Dissolved oxygen,2009,9.4
Hungary,Ammonium,2001,1.2787
Bulgaria,Ammonium,2000,0.203
Romania,Nitrate,2006,100.18
Hungary,Nitrate,2002,0.0305
Hungary,Nitrate,2003,0.0303
Bulgaria,Ammonium,2004,0.13
Latvia,Ammonium,2001,0.29
Finland,Ammonium,2003,0.005
Finland,Ammonium,2010,0.0013
Lithuania,Ammonium,2002,0.3821
Luxembourg,Ammonium,2005,0.025
Finland,Nitrate,2009,0.22
Finland,Ammonium,2002,0.009
Finland,Ammonium,2011,0.001
Finland,Ammonium,2010,0.0064
Hungary,Ammonium,2005,1.0784
Finland,Dissolved oxygen,2010,11.3
Finland,Dissolved oxygen,2010,7.5
Finland,Dissolved oxygen,2012,6.08
Lithuania,Nitrite,2000,0.053
Romania,Nitrite,2006,0.007
Lithuania,Nitrate,2000,0.05
Hungary,Nitrate,2002,0.8405
Bulgaria,Nitrate,2005,25.346
Finland,Nitrate,2010,0.07
Finland,Nitrate,2001,0.406
Hungary,Nitrite,2000,0.0163
Finland,Dissolved oxygen,2004,5.4
Finland,Nitrate,2003,0.3
Hungary,Nitrate,2006,6.2183
Finland,Nitrate,2011,1.11
Romania,Nitrate,2008,78.25
Finland,Dissolved oxygen,2006,6.73
Finland,Dissolved oxygen,2009,6.07
Hungary,Nitrite,2006,0.0132
Finland,Dissolved oxygen,2007,5.52
Finland,Dissolved oxygen,2008,6.03
Romania,Nitrate,2011,1.526
Finland,Nitrate,2006,0.1
Bulgaria,Nitrite,2002,0.013
Finland,Nitrate,2009,0.04
Finland,Nitrate,2011,0.06
Finland,Nitrate,2007,0.01
Lithuania,Nitrate,2005,0.4123
Romania,Nitrate,2009,0.13
Finland,Nitrate,2004,0.11
Luxembourg,Nitrate,2006,37.0
Finland,Ammonium,2010,0.0316
Finland,Ammonium,2012,0.0013
Finland,Ammonium,2011,0.001
Finland,Dissolved oxygen,2012,8.2
Finland,Ammonium,2008,0.0024
Finland,Ammonium,2012,0.0032
Sweden,Dissolved oxygen,2004,1.99
Finland,Dissolved oxygen,2003,7.2
Hungary,Nitrite,2007,0.0263
Finland,Dissolved oxygen,2010,10.3
Finland,Nitrate,2008,0.05
Finland,Nitrate,2001,0.0646
Lithuania,Ammonium,2001,0.5388
Finland,Dissolved oxygen,2012,5.05
Finland,Dissolved oxygen,2011,10.8
Finland,Nitrate,2009,0.1
Bulgaria,Nitrate,2001,54.821
Finland,Dissolved oxygen,2010,9.6
Finland,Dissolved oxygen,2011,8.1
Lithuania,Dissolved oxygen,2003,0.8811
Hungary,Nitrite,2004,0.0096
Hungary,Nitrate,2007,1.7346
Liechtenstein,Ammonium,2005,0.01
Belgium,Ammonium,2010,0.24
Belgium,Ammonium,2009,0.0323
Luxembourg,Ammonium,2004,0.025
Finland,Ammonium,2000,0.0026
Finland,Ammonium,2008,0.0019
Sweden,Ammonium,2002,0.06
Luxembourg,Ammonium,2006,0.025
Luxembourg,Ammonium,2008,0.05
Hungary,Ammonium,2007,0.587
Slovakia,Nitrate,2000,33.9533
Romania,Nitrite,2008,0.03
Luxembourg,Nitrate,2003,40.0
Finland,Nitrate,2003,0.085
Belgium,Ammonium,2002,0.011
Hungary,Nitrate,2004,0.3925
Belgium,Nitrate,2008,50.833
Hungary,Nitrite,2007,0.005
Hungary,Nitrite,2006,0.0196
Belgium,Nitrate,2002,13.906
Belgium,Nitrate,2006,28.3513
Belgium,Nitrate,2007,25.8483
Lithuania,Nitrite,2004,0.029
Lithuania,Nitrite,2005,0.0073
Lithuania,Nitrite,2000,0.008
Finland,Nitrate,2012,7.08
Finland,Nitrate,2002,0.579
Finland,Nitrite,2009,0.0016
Bulgaria,Nitrite,2002,0.004
Hungary,Nitrite,2001,0.0139
Belgium,Nitrite,2011,0.03
Luxembourg,Nitrite,2004,0.025
Finland,Dissolved oxygen,2011,1.8
Finland,Dissolved oxygen,2010,10.65
Finland,Dissolved oxygen,2004,8.03
Lithuania,Dissolved oxygen,2001,1.97
Finland,Nitrite,2011,0.016
Finland,Ammonium,2011,0.47
Finland,Ammonium,2006,0.0039
Sweden,Ammonium,2004,0.1246
Hungary,Ammonium,2003,0.9052
Bulgaria,Dissolved oxygen,2005,5.785
Finland,Nitrite,2009,0.0016
Finland,Dissolved oxygen,2003,6.0
Finland,Dissolved oxygen,2011,6.1
Finland,Dissolved oxygen,2007,6.65
Hungary,Nitrite,2000,0.0097
Finland,Nitrite,2010,0.0394
Belgium,Nitrite,2010,0.012
Finland,Nitrite,2011,0.002
Finland,Dissolved oxygen,2007,6.75
Finland,Dissolved oxygen,2011,2.0
Belgium,Nitrite,2001,0.007
Belgium,Nitrite,2007,0.0073
Finland,Nitrite,2006,0.0021
Finland,Dissolved oxygen,2010,9.3
Belgium,Nitrate,2007,33.7891
Finland,Nitrate,2010,0.97
Bulgaria,Dissolved oxygen,2001,6.617
Hungary,Nitrite,2001,0.0243
Finland,Dissolved oxygen,2012,0.5
Finland,Nitrite,2011,0.002
Luxembourg,Nitrite,2007,0.025
Finland,Dissolved oxygen,2008,7.48
Finland,Dissolved oxygen,2010,0.28
Luxembourg,Nitrite,2008,0.05
Latvia,Nitrite,2005,0.031
Sweden,Dissolved oxygen,2005,2.5
Hungary,Ammonium,2000,0.3783
Finland,Ammonium,2000,0.0039
Belgium,Nitrate,2010,49.5
Finland,Dissolved oxygen,2004,6.7
Romania,Nitrite,2007,0.013
Finland,Dissolved oxygen,2010,0.45
Finland,Nitrate,2007,0.05
Latvia,Nitrate,2002,2.0
Latvia,Nitrate,2004,1.0
Finland,Nitrite,2010,0.0016
Finland,Nitrite,2010,0.0312
Finland,Nitrate,2007,0.04
Finland,Nitrate,2009,0.09
Luxembourg,Nitrate,2007,5.6
Finland,Ammonium,2001,0.0052
Hungary,Ammonium,2005,0.4491
Finland,Nitrite,2011,0.041
Luxembourg,Nitrate,2008,6.5
Finland,Nitrate,2011,32.32
Lithuania,Ammonium,2002,0.9257
Belgium,Ammonium,2009,0.0875
Finland,Ammonium,2012,3.3484
Latvia,Nitrite,2002,0.03
Latvia,Nitrite,2004,0.02
Slovakia,Ammonium,2000,0.05
Belgium,Ammonium,2007,0.0182
Hungary,Nitrite,2003,0.0107
Hungary,Nitrite,2005,0.0134
Finland,Nitrate,2012,0.04
Hungary,Nitrate,2000,0.0111
Finland,Nitrate,2011,0.08
Finland,Nitrate,2010,0.08
Belgium,Nitrate,2007,16.2995
Finland,Nitrate,2012,26.56
Lithuania,Nitrate,2003,1.12
Finland,Nitrite,2012,0.0197
Finland,Nitrate,2010,0.0044
Belgium,Nitrate,2009,35.5137
Belgium,Nitrate,2003,35.017
Hungary,Nitrate,2000,0.0233
Liechtenstein,Ammonium,2001,0.005
Liechtenstein,Ammonium,2003,0.006
Finland,Ammonium,2011,1.198
Hungary,Ammonium,2000,1.5091
Finland,Dissolved oxygen,2011,0.3
Finland,Dissolved oxygen,2012,0.22
Finland,Nitrite,2012,0.0033
Finland,Dissolved oxygen,2012,9.73
Romania,Nitrite,2009,0.013
Finland,Dissolved oxygen,2006,9.63
Hungary,Nitrite,2007,0.0103
Finland,Dissolved oxygen,2011,3.5
Liechtenstein,Ammonium,2002,0.005
Liechtenstein,Ammonium,2004,0.006
Bulgaria,Dissolved oxygen,2003,5.434
Hungary,Nitrite,2000,0.011
Finland,Nitrate,2011,4.91
Finland,Ammonium,2010,1.1719
Finland,Ammonium,2012,1.1848
Finland,Nitrate,2010,38.96
Hungary,Ammonium,2005,0.9334
Belgium,Nitrite,2012,0.0143
Belgium,Nitrite,2007,0.0107
Hungary,Nitrite,2001,0.013
Slovakia,Nitrite,2000,0.005
Finland,Dissolved oxygen,2012,0.4
Finland,Nitrite,2012,0.0394
Finland,Nitrate,2011,0.55
Finland,Nitrate,2010,0.01
Finland,Nitrate,2012,0.01
Sweden,Nitrate,2000,2.05
Finland,Nitrate,2006,0.04
Italy,Nitrite,2012,0.005
Belgium,Nitrite,2009,0.008
Belgium,Nitrate,2007,21.8548
Hungary,Nitrate,2007,1.925
Lithuania,Nitrate,2001,0.69
Bulgaria,Nitrate,2002,11.15
Latvia,Nitrate,2003,0.253
Latvia,Nitrate,2005,4.0
Finland,Nitrate,2004,0.3
Finland,Nitrate,2007,0.2
Finland,Nitrate,2010,0.06
Hungary,Nitrate,2000,1.0853
Hungary,Nitrate,2007,0.544
Finland,Nitrate,2008,0.04
Finland,Nitrate,2006,0.25
Hungary,Nitrite,2005,0.0097
Belgium,Nitrite,2007,0.0095
Italy,Nitrate,2012,2.0
Belgium,Nitrate,2009,26.4089
Finland,Ammonium,2010,0.0064
Finland,Dissolved oxygen,2009,6.9
Finland,Nitrate,2012,1.33
Finland,Nitrate,2008,0.02
Finland,Nitrate,2010,0.23
Finland,Nitrate,2007,2.36
Hungary,Ammonium,2003,0.8635
Luxembourg,Ammonium,2005,0.025
Finland,Nitrite,2009,0.0016
Luxembourg,Nitrite,2006,0.025
Finland,Nitrate,2009,0.6
Hungary,Nitrate,2002,1.202
Hungary,Nitrate,2003,2.4948
Hungary,Nitrate,2005,1.3291
Italy,Nitrate,2012,3.75
Finland,Nitrate,2001,0.109
Finland,Nitrate,2008,0.51
Hungary,Ammonium,2002,0.6186
Hungary,Ammonium,2004,0.6527
Italy,Nitrate,2012,6.0
Belgium,Nitrate,2006,35.4904
Italy,Nitrite,2012,0.005
Belgium,Nitrite,2009,0.0116
Belgium,Nitrite,2007,0.0092
Italy,Nitrite,2012,0.005
Italy,Nitrate,2012,3.25
Italy,Nitrate,2012,2.5
Finland,Ammonium,2007,0.024
Finland,Ammonium,2008,0.0013
Bulgaria,Nitrite,2003,0.01
Sweden,Dissolved oxygen,2002,1.95
Sweden,Dissolved oxygen,2003,2.7
Belgium,Nitrite,2003,0.007
Finland,Dissolved oxygen,2009,11.85
Hungary,Ammonium,2001,0.7425
Hungary,Ammonium,2002,0.775
Hungary,Ammonium,2004,1.3817
Luxembourg,Ammonium,2007,0.025
Finland,Ammonium,2002,0.0038
Finland,Ammonium,2003,0.0032
Italy,Ammonium,2012,0.01
Belgium,Nitrate,2002,9.143
Finland,Nitrate,2011,6.42
Hungary,Nitrate,2001,1.457
Italy,Nitrate,2012,0.5
Luxembourg,Nitrite,2003,0.025
Luxembourg,Nitrite,2005,0.025
Italy,Nitrite,2012,0.005
Finland,Ammonium,2008,0.0032
Italy,Ammonium,2012,0.01
Italy,Nitrate,2012,1.0
Belgium,Nitrate,2008,34.443
Belgium,Nitrate,2006,25.0915
Latvia,Nitrite,2001,0.004
Sweden,Dissolved oxygen,2000,4.2
Hungary,Nitrite,2002,0.0138
Finland,Nitrite,2010,0.0263
Finland,Dissolved oxygen,2010,0.27
Hungary,Nitrite,2003,0.0111
Hungary,Ammonium,2003,0.6405
Finland,Ammonium,2012,21.8931
Hungary,Ammonium,2004,0.2406
Italy,Ammonium,2012,0.01
Hungary,Ammonium,2006,1.5749
Italy,Ammonium,2012,0.08
Finland,Ammonium,2010,7.0831
Lithuania,Nitrite,2001,0.178
Finland,Dissolved oxygen,2011,0.1
Italy,Nitrite,2012,0.005
Slovakia,Nitrite,2000,0.0179
Hungary,Nitrate,2005,0.4775
Finland,Nitrate,2012,9.39
Belgium,Nitrite,2003,0.022
Lithuania,Dissolved oxygen,2001,2.41
Bulgaria,Nitrite,2001,0.009
Italy,Nitrite,2012,0.005
Belgium,Nitrate,2001,25.05
Belgium,Nitrate,2002,35.116
Belgium,Nitrate,2006,4.8679
Hungary,Nitrate,2003,1.0656
Finland,Ammonium,2011,0.001
Belgium,Ammonium,2001,0.033
Italy,Ammonium,2012,0.01
Finland,Ammonium,2009,0.0013
Finland,Ammonium,2010,0.0013
Hungary,Nitrate,2004,0.7631
Luxembourg,Nitrate,2003,24.0
Italy,Ammonium,2012,0.01
Belgium,Ammonium,2003,0.026
Luxembourg,Nitrate,2004,19.5
Luxembourg,Nitrate,2005,24.0
Luxembourg,Nitrate,2004,27.0
Hungary,Ammonium,2005,0.2977
Finland,Ammonium,2006,0.0032
Finland,Ammonium,2010,0.0064
Italy,Ammonium,2012,0.01
Luxembourg,Ammonium,2006,0.025
Finland,Ammonium,2009,0.0032
Bulgaria,Ammonium,2000,0.108
Romania,Nitrate,2015,4.74714285714286
Finland,Nitrate,2012,8.62
Finland,Nitrate,2003,0.22
Finland,Nitrate,2006,3.21
Luxembourg,Nitrite,2007,0.025
Luxembourg,Nitrite,2006,0.025
Finland,Dissolved oxygen,2010,3.1
Luxembourg,Ammonium,2003,0.025
Hungary,Ammonium,2005,0.6554
Belgium,Ammonium,2003,0.082
Luxembourg,Nitrite,2008,0.05
Luxembourg,Nitrite,2005,0.025
Luxembourg,Nitrite,2007,0.025
Finland,Dissolved oxygen,2012,8.84
Bulgaria,Nitrite,2000,0.001
Finland,Ammonium,2010,25.9498
Bulgaria,Ammonium,2003,0.049
Italy,Nitrite,2012,0.005
Hungary,Nitrite,2006,0.0642
Belgium,Nitrite,2009,0.0074
Romania,Dissolved oxygen,2015,4.5
Finland,Nitrite,2011,0.002
Italy,Nitrite,2012,0.005
Slovakia,Dissolved oxygen,2000,5.2867
Finland,Dissolved oxygen,2012,3.2
Belgium,Nitrite,2003,0.005
Belgium,Nitrite,2008,0.027
Belgium,Nitrite,2012,0.0103
Luxembourg,Nitrite,2003,0.025
Luxembourg,Ammonium,2004,0.025
Belgium,Ammonium,2009,0.0287
Luxembourg,Ammonium,2007,0.025
Finland,Nitrite,2010,0.0049
Finland,Nitrite,2012,0.0053
Finland,Nitrite,2010,0.0049
Finland,Nitrite,2011,0.015
Belgium,Nitrite,2001,0.006
Hungary,Nitrate,2001,0.0114
Finland,Nitrate,2011,11.95
Finland,Nitrate,2012,8.85
Luxembourg,Nitrate,2005,29.5
Finland,Nitrite,2012,0.0378
Latvia,Nitrite,2003,0.01
Sweden,Dissolved oxygen,2006,2.455
Finland,Nitrite,2011,0.048
Finland,Nitrite,2010,0.0411
Finland,Nitrate,2012,4.64
Luxembourg,Ammonium,2008,0.05
Finland,Ammonium,2010,0.0092
Finland,Ammonium,2012,0.0013
Luxembourg,Ammonium,2008,0.05
Belgium,Nitrite,2012,0.0105
Belgium,Nitrite,2008,0.008
Belgium,Ammonium,2012,0.0253
Finland,Ammonium,2010,0.0013
Finland,Ammonium,2003,0.012
Belgium,Ammonium,2011,0.02
Finland,Ammonium,2010,0.0019
Latvia,Nitrate,2001,0.27
Belgium,Nitrate,2007,28.1011
Belgium,Nitrite,2006,0.0052
Finland,Dissolved oxygen,2011,10.5
Finland,Dissolved oxygen,2012,10.2
Italy,Ammonium,2012,0.02
Hungary,Nitrite,2003,0.0108
Luxembourg,Nitrite,2004,0.025
Belgium,Nitrite,2010,0.01
Bulgaria,Dissolved oxygen,2002,7.05
Bulgaria,Nitrite,2004,0.018
Belgium,Nitrite,2010,0.01
Hungary,Nitrite,2004,0.0279
Hungary,Nitrate,2005,2.0548
Sweden,Nitrate,2003,1.2
Finland,Dissolved oxygen,2011,6.7
Sweden,Nitrate,2005,0.43
Belgium,Nitrate,2004,5.998
Luxembourg,Nitrate,2006,23.0
Luxembourg,Nitrate,2003,27.0
Finland,Nitrate,2010,8.85
Hungary,Nitrate,2000,2.4058
Finland,Nitrite,2012,0.0049
Hungary,Nitrite,2004,0.011
Belgium,Nitrite,2011,0.01
Belgium,Nitrite,2009,0.0097
Sweden,Nitrate,2001,2.7
Belgium,Nitrate,2003,12.675
Belgium,Nitrate,2009,38.75
Luxembourg,Ammonium,2005,0.025
Luxembourg,Ammonium,2007,0.025
Bulgaria,Ammonium,2003,0.136
Finland,Ammonium,2012,0.0035
Finland,Ammonium,2012,0.0052
Finland,Ammonium,2001,0.0057
Finland,Ammonium,2003,0.0061
Finland,Nitrate,2002,0.154
Belgium,Nitrate,2007,25.7855
Finland,Nitrate,2010,6.42
Belgium,Nitrate,2009,41.3769
Slovakia,Nitrite,2000,0.0088
Finland,Dissolved oxygen,2010,5.2
Finland,Nitrite,2011,0.002
Romania,Nitrate,2015,16.4991846153846
Finland,Nitrate,2011,0.4
Luxembourg,Nitrate,2007,26.2
Finland,Nitrate,2000,0.0868
Hungary,Nitrate,2004,26.726
Belgium,Nitrate,2011,11.79
Belgium,Nitrate,2010,30.75
Belgium,Nitrate,2012,32.16
Belgium,Nitrate,2011,29.71
Sweden,Nitrate,2002,1.61
Finland,Nitrite,2010,0.0049
Finland,Dissolved oxygen,2011,1.8
Belgium,Nitrite,2001,0.0053
Belgium,Nitrite,2012,0.0108
Belgium,Nitrite,2010,0.009
Finland,Ammonium,2006,0.0032
Finland,Ammonium,2011,0.012
Finland,Ammonium,2012,0.0045
Belgium,Ammonium,2003,0.01
Belgium,Nitrite,2007,0.0144
Liechtenstein,Ammonium,2000,0.005
Finland,Nitrite,2011,0.005
Finland,Dissolved oxygen,2011,8.4
Belgium,Nitrite,2002,0.007
Hungary,Nitrite,2000,0.0127
Hungary,Nitrite,2001,0.011
Italy,Nitrite,2012,0.005
Finland,Dissolved oxygen,2012,4.3
Belgium,Nitrite,2011,0.01
Romania,Dissolved oxygen,2015,5.2415625
Finland,Nitrate,2003,0.22
Finland,Nitrate,2010,3.28
Belgium,Nitrate,2011,24.05
Belgium,Ammonium,2011,0.02
Belgium,Ammonium,2011,0.02
Belgium,Ammonium,2007,0.0748
Slovakia,Nitrate,2000,11.36
Finland,Nitrate,2011,3.32
Finland,Nitrate,2008,0.1
Finland,Nitrate,2012,6.86
Italy,Nitrate,2012,2.0
Hungary,Nitrate,2003,3.2954
Belgium,Nitrate,2010,25.23
Finland,Nitrate,2000,0.073
Finland,Dissolved oxygen,2007,9.48
Finland,Dissolved oxygen,2008,9.5
Romania,Nitrite,2015,0.021
Belgium,Nitrite,2012,0.0096
Romania,Dissolved oxygen,2015,4.05
Romania,Nitrite,2015,0.0478636363636364
Belgium,Nitrite,2000,0.007
Luxembourg,Ammonium,2004,0.025
Luxembourg,Ammonium,2006,0.025
Finland,Ammonium,2012,0.0048
Belgium,Ammonium,2010,0.02
Finland,Ammonium,2010,0.0019
Hungary,Ammonium,2003,0.368
Finland,Ammonium,2004,0.0047
Finland,Ammonium,2012,0.0013
Finland,Ammonium,2000,0.0046
Belgium,Ammonium,2012,0.0235
Netherlands,Ammonium,2009,0.15
Finland,Nitrate,2002,0.098
Finland,Nitrate,2010,0.1
Italy,Nitrate,2012,1.0
Luxembourg,Nitrate,2008,22.5
Finland,Ammonium,2002,0.0064
Finland,Ammonium,2004,0.0032
Italy,Ammonium,2012,0.01
Belgium,Ammonium,2009,0.0135
Netherlands,Nitrate,2005,61.49
Bulgaria,Ammonium,2003,0.097
Finland,Nitrate,2010,7.02
Sweden,Nitrate,2004,1.39
Bulgaria,Nitrite,2003,0.009
Romania,Nitrite,2015,0.03
Romania,Dissolved oxygen,2015,5.7
Romania,Dissolved oxygen,2015,3.39
Finland,Dissolved oxygen,2010,1.2
Romania,Nitrate,2015,5.7525
Hungary,Nitrate,2000,0.4382
Hungary,Nitrate,2002,0.6041
Belgium,Ammonium,2008,0.013
Belgium,Ammonium,2012,0.0483
Hungary,Nitrite,2002,0.0323
Finland,Dissolved oxygen,2002,9.2
Finland,Ammonium,2004,0.0052
Bulgaria,Ammonium,2000,0.006
Romania,Ammonium,2015,3.82075
Finland,Nitrate,2006,0.2
Sweden,Nitrate,2006,1.2434
Finland,Dissolved oxygen,2004,9.63
Belgium,Nitrite,2007,0.0361
Romania,Nitrite,2015,0.03
Romania,Dissolved oxygen,2015,4.08
Hungary,Nitrite,2004,0.0002
Romania,Nitrite,2007,0.95
Finland,Dissolved oxygen,2010,9.45
Finland,Dissolved oxygen,2012,10.0
Spain,Nitrite,2009,0.01
Belgium,Nitrite,2003,0.011
Turkey,Nitrite,2007,0.0108
Turkey,Nitrite,2009,0.022
Finland,Nitrate,2007,0.2
Hungary,Nitrate,2005,1.0939
Belgium,Nitrate,2009,30.6562
Bulgaria,Nitrate,2001,22.175
Hungary,Ammonium,2000,0.3337
Bulgaria,Ammonium,2000,0.06
Romania,Ammonium,2015,0.275
Belgium,Ammonium,2007,0.0142
Belgium,Nitrate,2008,29.471
Finland,Nitrate,2012,33.08
Netherlands,Nitrate,2007,46.91
Romania,Nitrate,2007,3.08
Romania,Nitrate,2011,0.244
Finland,Dissolved oxygen,2006,9.2
Finland,Dissolved oxygen,2009,9.0
Finland,Dissolved oxygen,2012,8.54
Turkey,Nitrite,2005,0.005
Romania,Nitrite,2015,0.0775
Romania,Dissolved oxygen,2015,4.88
Romania,Nitrite,2015,0.01505
Belgium,Nitrite,2002,0.008
Turkey,Nitrite,2006,0.005
Finland,Dissolved oxygen,2010,10.5
Belgium,Ammonium,2007,0.0158
Finland,Ammonium,2011,5.647
Belgium,Ammonium,2002,0.044
Romania,Nitrate,2006,2.392
Finland,Nitrate,2000,0.24
Belgium,Nitrate,2006,36.3373
Belgium,Nitrate,2002,26.676
Netherlands,Nitrate,2008,39.69
Hungary,Nitrate,2002,3.7779
Hungary,Nitrate,2004,1.825
Romania,Nitrate,2015,0.9
Belgium,Nitrate,2000,18.316
Finland,Ammonium,2011,0.002
Belgium,Nitrite,2011,0.01
Belgium,Nitrite,2010,0.01
Romania,Nitrite,2015,0.0345692307692307
Romania,Dissolved oxygen,2015,3.66
Romania,Nitrite,2015,0.0218153846153846
Finland,Dissolved oxygen,2001,9.6
Romania,Nitrite,2006,0.017
Finland,Nitrite,2009,0.0016
Finland,Nitrite,2011,0.002
Finland,Dissolved oxygen,2010,8.26
Romania,Nitrite,2007,0.002
Bulgaria,Dissolved oxygen,2002,5.619
Romania,Dissolved oxygen,2015,4.35714285714286
Belgium,Nitrite,2009,0.0107
Romania,Nitrate,2015,0.296125
Netherlands,Nitrate,2001,43.1
Netherlands,Nitrate,2003,55.72
Finland,Nitrate,2007,1.16
Romania,Ammonium,2015,0.351666666666667
Romania,Ammonium,2006,0.096
Romania,Ammonium,2007,1.36
Finland,Nitrate,2002,0.257
Finland,Nitrate,2004,0.17
Romania,Nitrate,2015,0.7315
Hungary,Nitrate,2001,0.5317
Netherlands,Nitrate,2004,61.41
Netherlands,Nitrate,2006,65.13
Romania,Nitrate,2008,0.1215
Romania,Ammonium,2015,3.18714285714286
Romania,Ammonium,2015,0.666114285714285
Belgium,Nitrate,2007,42.6964
Belgium,Nitrate,2009,27.7717
Hungary,Nitrate,2002,1.3786
Finland,Nitrite,2010,0.0029
Romania,Nitrite,2009,0.007
Romania,Dissolved oxygen,2007,2.033
Belgium,Ammonium,2000,0.034
Belgium,Ammonium,2006,0.01
Romania,Ammonium,2008,0.892
Romania,Ammonium,2015,0.262607692307692
Hungary,Ammonium,2005,0.2948
Romania,Nitrate,2008,9.086
Finland,Nitrate,2011,1.93
Hungary,Nitrate,2000,2.0468
Hungary,Nitrate,2002,2.0077
Romania,Nitrate,2015,1.0
Finland,Nitrate,2004,0.22
Belgium,Nitrate,2008,28.826
Romania,Nitrate,2015,42.0068285714286
Belgium,Nitrate,2007,22.2665
Finland,Nitrate,2010,28.61
Romania,Nitrate,2007,16.558
Hungary,Nitrate,2003,1.603
Finland,Nitrate,2011,43.29
Finland,Nitrate,2010,0.66
Finland,Nitrate,2012,5.05
Hungary,Nitrate,2001,2.3659
Romania,Dissolved oxygen,2009,2.2
Romania,Nitrite,2006,0.1
Finland,Nitrite,2012,0.0125
Finland,Nitrite,2010,0.0016
Luxembourg,Nitrate,2008,37.815
Finland,Nitrate,2009,0.17
Finland,Nitrate,2010,0.44
Romania,Nitrate,2011,11.572
Spain,Nitrate,2010,126.5
Netherlands,Nitrate,2000,23.12
Netherlands,Nitrate,2002,33.31
Finland,Nitrite,2012,0.0016
Finland,Nitrite,2012,0.0033
Romania,Nitrite,2008,0.0195
Netherlands,Nitrate,2002,58.28
Netherlands,Nitrate,2009,62.5
Finland,Nitrate,2001,0.092
Romania,Nitrate,2007,20.96
Romania,Nitrate,2008,7.39
Luxembourg,Nitrite,2004,0.025
Finland,Dissolved oxygen,2010,8.18
Finland,Nitrite,2012,0.0016
Romania,Ammonium,2006,2.29
Romania,Ammonium,2008,0.599
Finland,Nitrite,2009,0.0016
Romania,Dissolved oxygen,2011,3.65
Finland,Dissolved oxygen,2011,3.1
Finland,Nitrite,2012,0.0049
Finland,Nitrite,2011,0.005
Finland,Nitrate,2012,0.19
Turkey,Nitrate,2007,17.5875
Hungary,Nitrate,2004,1.8326
Finland,Nitrate,2012,0.02
Romania,Nitrate,2010,24.202
Finland,Dissolved oxygen,2012,2.55
Belgium,Ammonium,2011,0.09
Romania,Ammonium,2015,0.28625
Hungary,Nitrite,2000,0.018
Luxembourg,Ammonium,2007,0.025
Hungary,Nitrite,2002,0.0264
Hungary,Nitrate,2000,0.1966
Hungary,Nitrite,2003,0.0049
Finland,Dissolved oxygen,2000,9.5
Luxembourg,Ammonium,2003,0.025
Finland,Ammonium,2011,0.002
Finland,Ammonium,2011,0.001
Belgium,Nitrate,2004,19.082
Belgium,Nitrate,2003,19.377
Spain,Ammonium,2007,0.023
Belgium,Nitrate,2001,28.546
Romania,Ammonium,2011,0.46
Hungary,Ammonium,2001,0.309
Romania,Ammonium,2015,0.391638461538461
Romania,Ammonium,2015,3.59314
Spain,Ammonium,2012,25.0
Hungary,Ammonium,2004,0.4481
Finland,Ammonium,2012,0.0144
Finland,Nitrite,2011,0.003
Luxembourg,Nitrite,2008,0.05
Romania,Dissolved oxygen,2006,5.452
Romania,Nitrite,2007,0.009
Romania,Nitrite,2009,0.015
Hungary,Nitrite,2001,0.0204
Hungary,Nitrite,2003,0.0247
Romania,Ammonium,2009,0.008
Hungary,Nitrite,2000,0.0163
Hungary,Nitrite,2000,0.0061
Hungary,Nitrite,2002,0.0032
Hungary,Nitrite,2005,0.0155
Finland,Dissolved oxygen,2010,10.8
Sweden,Ammonium,2002,0.02
Hungary,Ammonium,2002,0.2416
Romania,Nitrite,2008,12.488
Romania,Nitrite,2011,0.041
Luxembourg,Ammonium,2005,0.025
Romania,Ammonium,2007,0.424
Finland,Dissolved oxygen,2003,9.4
Romania,Nitrite,2009,0.026
Romania,Nitrite,2010,0.017
Romania,Ammonium,2008,7.116
Belgium,Ammonium,2001,0.01
Romania,Dissolved oxygen,2011,6.38
Romania,Dissolved oxygen,2007,4.266
Romania,Nitrite,2006,0.884
Finland,Ammonium,2011,0.005
Finland,Dissolved oxygen,2012,0.24
Hungary,Nitrite,2000,0.0003
Finland,Dissolved oxygen,2010,8.6
Romania,Nitrite,2009,0.025
Belgium,Nitrite,2011,0.01
Romania,Nitrite,2015,0.25
Romania,Dissolved oxygen,2015,4.86
Romania,Nitrite,2011,0.007
Romania,Dissolved oxygen,2008,2.6
Finland,Dissolved oxygen,2011,9.6
Finland,Dissolved oxygen,2011,8.6
Spain,Nitrite,2012,5.0
Hungary,Ammonium,2004,0.6399
Belgium,Ammonium,2004,0.012
Finland,Ammonium,2003,0.049
Romania,Nitrate,2009,14.3
Romania,Nitrate,2007,8.32
Hungary,Nitrate,2001,0.3253
Spain,Nitrite,2007,0.022
Hungary,Nitrite,2001,0.0101
Romania,Nitrite,2015,0.03744
Belgium,Nitrite,2004,0.007
Romania,Dissolved oxygen,2008,6.17
Romania,Dissolved oxygen,2010,6.732
Romania,Nitrite,2011,0.03
Romania,Ammonium,2010,0.884
Hungary,Ammonium,2001,0.5637
Hungary,Ammonium,2003,0.7392
Hungary,Nitrate,2003,0.2355
Turkey,Nitrate,2006,10.3333
Finland,Nitrate,2006,0.43
Romania,Nitrate,2009,14.4
Hungary,Nitrate,2001,3.5195
Finland,Nitrate,2001,0.182
Finland,Nitrate,2008,0.96
Netherlands,Nitrate,2003,13.85
Netherlands,Nitrate,2000,69.7
Netherlands,Nitrate,2004,12.12
Romania,Nitrate,2006,26.16
Belgium,Nitrate,2012,40.39
Finland,Nitrate,2003,1.06
Romania,Nitrate,2015,0.74
Belgium,Nitrate,2004,23.063
Sweden,Ammonium,2004,0.009
Hungary,Nitrate,2004,0.3444
Romania,Ammonium,2011,0.24
Sweden,Ammonium,2000,0.0055
Belgium,Ammonium,2007,0.0213
Hungary,Nitrate,2003,0.3555
Finland,Nitrate,2011,0.13
Turkey,Nitrate,2009,11.067
Belgium,Ammonium,2007,0.0235
Romania,Ammonium,2015,1.5875
Hungary,Nitrate,2005,0.5909
Finland,Nitrate,2011,0.31
Romania,Nitrate,2006,5.405
Hungary,Nitrate,2005,2.1424
Romania,Nitrate,2010,4.994
Romania,Nitrate,2010,1.454
Belgium,Nitrate,2005,24.55
Belgium,Nitrate,2007,20.0959
Spain,Nitrate,2007,6.0
Sweden,Ammonium,2006,0.008
Finland,Ammonium,2010,0.0032
Belgium,Nitrate,2000,27.265
Finland,Nitrate,2010,1.99
Finland,Ammonium,2012,0.0032
Romania,Ammonium,2007,0.232
Hungary,Ammonium,2000,0.6749
Romania,Nitrite,2006,0.074
Belgium,Nitrite,2006,0.0055
Finland,Dissolved oxygen,2010,6.9
Romania,Dissolved oxygen,2007,6.803
Romania,Dissolved oxygen,2009,6.667
Spain,Nitrate,2006,4.0
Turkey,Nitrate,2009,2.444
Finland,Nitrate,2010,2.55
Finland,Nitrate,2012,3.88
Belgium,Nitrate,2002,23.767
Finland,Nitrate,2011,0.09
Romania,Nitrate,2007,5.079
Belgium,Ammonium,2012,0.0334
Finland,Ammonium,2011,0.009
Finland,Nitrate,2010,0.35
Romania,Nitrate,2007,4.667
Belgium,Nitrate,2004,23.657
Romania,Ammonium,2006,0.853
Romania,Ammonium,2009,0.271
Romania,Ammonium,2010,0.183
Romania,Nitrite,2008,0.02
Romania,Nitrite,2010,0.024
Belgium,Ammonium,2003,0.027
Sweden,Ammonium,2003,0.01
Romania,Ammonium,2007,0.574
Lithuania,Nitrate,2004,0.8
Romania,Nitrate,2009,5.132
Romania,Nitrate,2009,2.443
Romania,Nitrite,2011,0.025
Finland,Dissolved oxygen,2012,5.4
Romania,Nitrite,2007,0.591
Spain,Nitrate,2007,36.5
Italy,Nitrate,2012,4.5
Romania,Nitrite,2006,0.049
Hungary,Nitrite,2004,0.0129
Finland,Dissolved oxygen,2011,5.4
Romania,Ammonium,2011,0.48
Hungary,Ammonium,2005,0.7071
Hungary,Nitrite,2003,0.0154
Spain,Dissolved oxygen,2009,11.3
Turkey,Nitrite,2007,0.0366
Turkey,Dissolved oxygen,2009,7.016
Romania,Ammonium,2009,0.207
Belgium,Ammonium,2002,0.016
Spain,Ammonium,2006,0.032
Spain,Ammonium,2008,0.023
Turkey,Ammonium,2009,0.687
Netherlands,Ammonium,2003,3.11
Belgium,Ammonium,2001,0.01
Belgium,Ammonium,2000,0.014
Netherlands,Ammonium,2001,1.08
Spain,Ammonium,2009,0.129
Lithuania,Nitrate,2005,1.3171
Belgium,Nitrate,2002,24.862
Belgium,Nitrate,2014,46.86
Belgium,Nitrate,2014,56.13
Romania,Nitrate,2008,6.347
Italy,Nitrate,2012,6.0
Belgium,Nitrate,2002,19.173
Romania,Nitrate,2010,4.711
Romania,Nitrate,2011,4.57
Lithuania,Nitrate,2002,1.71
Turkey,Nitrate,2005,7.35
Turkey,Nitrate,2009,32.5
Belgium,Nitrate,2010,11.11
Belgium,Nitrate,2014,66.85
Bulgaria,Nitrate,2000,20.842
Lithuania,Nitrate,2003,3.63
Turkey,Nitrate,2006,23.586
Bulgaria,Nitrate,2001,19.742
Romania,Ammonium,2008,0.377
Romania,Ammonium,2010,0.562
Romania,Ammonium,2010,0.219
Romania,Nitrite,2010,0.027
Hungary,Nitrite,2005,0.0117
Romania,Nitrate,2008,5.912
Spain,Nitrate,2012,94.0
Spain,Nitrate,2006,36.5
Romania,Nitrite,2006,0.062
Romania,Nitrite,2008,0.011
Romania,Dissolved oxygen,2006,7.1
Spain,Ammonium,2006,0.032
Romania,Ammonium,2011,0.79
Hungary,Ammonium,2002,0.7003
Netherlands,Ammonium,2008,0.51
Romania,Ammonium,2006,0.337
Romania,Ammonium,2007,0.4
Netherlands,Ammonium,2003,15.27
Spain,Nitrate,2009,3.3
Spain,Nitrate,2003,51.965
Belgium,Nitrate,2001,25.014
Belgium,Nitrate,2014,1.45
Belgium,Nitrate,2014,35.04
Belgium,Ammonium,2010,0.06
Belgium,Ammonium,2001,0.012
Belgium,Nitrate,2014,30.17
Belgium,Nitrate,2014,22.2
Finland,Nitrate,2011,0.08
Netherlands,Nitrate,2001,14.21
Romania,Nitrate,2011,21.69
Romania,Nitrate,2006,9.32
Spain,Nitrate,2009,57.395
Latvia,Nitrate,2001,0.23
Latvia,Nitrate,2003,3.0
Belgium,Ammonium,2013,13.45
Netherlands,Ammonium,2007,10.38
Spain,Nitrate,2012,12.05286
Belgium,Nitrate,2014,18.49
Italy,Ammonium,2012,0.01
Romania,Ammonium,2008,0.223
Latvia,Ammonium,2004,0.37
Netherlands,Ammonium,2000,20.84
Romania,Nitrate,2011,5.052
Finland,Nitrate,2010,2e-05
Spain,Nitrate,2007,103.5
Netherlands,Ammonium,2002,21.83
Italy,Ammonium,2012,0.01
Finland,Ammonium,2002,0.011
Finland,Ammonium,2008,0.0045
Romania,Ammonium,2009,0.657
Finland,Ammonium,2010,0.0013
Turkey,Nitrite,2006,0.0217
Latvia,Dissolved oxygen,2002,0.1
Latvia,Dissolved oxygen,2004,0.048
Spain,Nitrite,2007,0.021
Finland,Ammonium,2007,0.0058
Netherlands,Ammonium,2009,16.4
Spain,Ammonium,2010,0.1912
Spain,Nitrate,2006,40.208
Romania,Nitrate,2009,19.433
Romania,Nitrate,2013,27.014
Spain,Nitrate,2007,53.698
Belgium,Nitrite,2007,0.0175
Finland,Dissolved oxygen,2012,10.0
Finland,Dissolved oxygen,2010,3.65
Romania,Nitrite,2011,0.029
Romania,Dissolved oxygen,2009,3.8
Spain,Ammonium,2012,0.236
Spain,Ammonium,2011,0.079
Finland,Ammonium,2009,0.0052
Netherlands,Ammonium,2000,2.51
Romania,Dissolved oxygen,2011,5.82
Romania,Nitrite,2007,0.031
Romania,Nitrite,2009,0.023
Romania,Nitrite,2008,0.024
Italy,Nitrite,2012,0.005
Belgium,Nitrate,2014,37.42
Belgium,Nitrate,2014,29.04
Spain,Nitrate,2010,17.1412
Belgium,Ammonium,2013,0.32
Spain,Ammonium,2009,0.01
Spain,Ammonium,2007,0.116
Spain,Ammonium,2010,0.023
Netherlands,Ammonium,2008,8.64
Spain,Ammonium,2009,0.141
Netherlands,Ammonium,2001,16.15
Romania,Ammonium,2013,0.034
Spain,Ammonium,2007,0.019
Spain,Ammonium,2009,0.08
Spain,Ammonium,2008,0.013
Belgium,Ammonium,2009,0.0448
Spain,Ammonium,2010,0.023
Spain,Ammonium,2006,0.023
Sweden,Ammonium,2002,0.13
Spain,Ammonium,2009,0.065
Netherlands,Ammonium,2004,24.87
Hungary,Nitrite,2002,0.0161
Romania,Dissolved oxygen,2008,5.054
Romania,Dissolved oxygen,2009,5.954
Italy,Nitrite,2012,0.005
Netherlands,Nitrate,2005,10.35
Netherlands,Nitrate,2003,23.39
Finland,Ammonium,2007,0.0032
Romania,Ammonium,2006,0.1
Sweden,Ammonium,2004,0.135
Belgium,Ammonium,2006,0.0174
Belgium,Ammonium,2001,0.01
Belgium,Ammonium,2001,0.021
Poland,Ammonium,2001,0.3
Spain,Ammonium,2008,0.023
Spain,Ammonium,2004,0.024
Latvia,Ammonium,2003,0.36
Latvia,Ammonium,2005,0.44
Belgium,Ammonium,2011,0.02
Belgium,Ammonium,2010,0.01
Belgium,Ammonium,2012,0.0282
Netherlands,Nitrate,2006,23.14
Belgium,Nitrate,2014,45.11
Belgium,Nitrate,2014,29.17
Belgium,Nitrate,2014,66.4
Latvia,Nitrate,2004,3.0
Finland,Ammonium,2012,0.0052
Spain,Ammonium,2010,0.0363
Spain,Ammonium,2010,0.025
Latvia,Ammonium,2000,0.27
Belgium,Ammonium,2003,0.09
Finland,Ammonium,2002,0.0039
Sweden,Ammonium,2003,0.012
Belgium,Ammonium,2012,0.0316
Belgium,Ammonium,2003,0.038
Finland,Dissolved oxygen,2007,5.98
Spain,Dissolved oxygen,2010,4.9
Spain,Dissolved oxygen,2009,7.9
Netherlands,Nitrate,2001,26.27
Romania,Nitrate,2008,4.176
Romania,Nitrate,2010,21.954
Romania,Nitrate,2011,4.248
Spain,Nitrite,2006,0.01
Spain,Nitrite,2009,0.021
Hungary,Nitrite,2004,0.0189
Belgium,Nitrite,2008,0.01
Spain,Nitrate,2006,4.7
Belgium,Nitrate,2012,26.08
Belgium,Nitrate,2005,18.12
Belgium,Nitrate,2014,32.66
Turkey,Nitrite,2006,0.0583
Romania,Nitrite,2007,0.033
Romania,Dissolved oxygen,2013,6.944
Romania,Nitrite,2013,0.091
Romania,Dissolved oxygen,2014,3.826
Spain,Dissolved oxygen,2007,8.85
Spain,Nitrite,2010,0.005
Romania,Nitrite,2010,0.032
Romania,Dissolved oxygen,2010,6.889
Romania,Dissolved oxygen,2011,5.16
Finland,Dissolved oxygen,2012,6.6
Romania,Nitrite,2009,0.02
Belgium,Ammonium,2003,0.035
Netherlands,Ammonium,2002,2.87
Belgium,Ammonium,2010,0.02
Netherlands,Ammonium,2003,3.26
Belgium,Nitrite,2001,0.007
Romania,Nitrite,2008,0.026
Romania,Dissolved oxygen,2007,4.7
Latvia,Nitrite,2005,0.005
Netherlands,Ammonium,2005,3.51
Netherlands,Ammonium,2012,4.36
Netherlands,Ammonium,2011,1.08
Sweden,Ammonium,2001,0.01
Sweden,Ammonium,2005,0.007
Belgium,Nitrate,2014,33.43
Belgium,Nitrate,2005,12.29
Spain,Nitrate,2004,55.425
Belgium,Ammonium,2003,0.017
Spain,Ammonium,2007,0.103
Spain,Ammonium,2007,0.023
Spain,Dissolved oxygen,2007,8.6
Finland,Nitrite,2011,0.002
Hungary,Nitrite,2005,0.004
Spain,Ammonium,2008,0.062
Spain,Ammonium,2007,0.066
Netherlands,Ammonium,2009,3.89
Hungary,Nitrate,2002,0.1521
Belgium,Nitrate,2012,38.41
Belgium,Nitrate,2011,36.61
Romania,Dissolved oxygen,2008,5.285
Spain,Nitrite,2007,0.005
Spain,Nitrite,2012,8.0076
Spain,Dissolved oxygen,2007,6.2
Spain,Dissolved oxygen,2008,5.167
Romania,Nitrite,2007,0.229
Netherlands,Nitrate,2011,0.03
Spain,Nitrate,2011,29.0
Belgium,Nitrate,2009,11.8604
Belgium,Nitrate,2010,38.46
Sweden,Ammonium,2006,0.103
Spain,Ammonium,2010,0.032
Sweden,Ammonium,2001,0.085
Netherlands,Ammonium,2007,2.4
Netherlands,Ammonium,2004,2.3
Netherlands,Ammonium,2006,0.65
Finland,Ammonium,2010,0.0206
Spain,Dissolved oxygen,2007,7.75
Spain,Nitrite,2009,0.017
Belgium,Nitrite,2010,0.006
Belgium,Nitrite,2003,0.005
Hungary,Nitrite,2004,0.0085
Romania,Dissolved oxygen,2010,4.622
Spain,Nitrite,2008,0.031
Romania,Ammonium,2009,0.945
Romania,Ammonium,2011,0.36
Netherlands,Ammonium,2005,2.52
Belgium,Nitrate,2011,34.61
Belgium,Nitrate,2012,12.29
Netherlands,Nitrate,2000,1.33
Netherlands,Nitrate,2007,2.45
Belgium,Ammonium,2001,0.012
Latvia,Ammonium,2004,0.41
Spain,Ammonium,2008,0.17
Spain,Nitrate,2011,0.5
Netherlands,Nitrate,2000,25.33
Netherlands,Nitrate,2002,12.65
Belgium,Nitrate,2008,32.654
Netherlands,Nitrate,2008,0.66
Finland,Nitrate,2012,0.14
Finland,Nitrate,2010,0.03
Romania,Nitrate,2006,20.27
Spain,Nitrite,2011,0.025
Belgium,Nitrite,2006,0.0089
Spain,Nitrite,2008,0.005
Poland,Ammonium,2002,0.355
Poland,Ammonium,2003,0.35
Belgium,Ammonium,2010,0.01
Latvia,Nitrite,2002,0.005
Belgium,Nitrite,2007,0.0164
Latvia,Dissolved oxygen,2005,0.18
Belgium,Nitrite,2001,0.008
Latvia,Nitrate,2003,0.024
Latvia,Nitrate,2005,0.61
Belgium,Ammonium,2009,0.0107
Belgium,Ammonium,2008,0.013
Belgium,Ammonium,2007,0.0261
Latvia,Ammonium,2002,0.33
Latvia,Ammonium,2003,0.37
Netherlands,Nitrate,2003,0.66
Netherlands,Nitrate,2005,0.77
Belgium,Nitrate,2005,11.71
Latvia,Nitrate,2000,0.16
Latvia,Nitrate,2001,0.08
Finland,Nitrate,2011,0.82
Latvia,Dissolved oxygen,2001,0.05
Latvia,Nitrate,2005,3.58
Belgium,Nitrate,2007,39.6461
Netherlands,Nitrate,2004,0.66
Netherlands,Nitrate,2006,0.66
Spain,Nitrate,2010,51.03
Belgium,Nitrate,2003,30.3
Netherlands,Nitrate,2010,0.03
Latvia,Nitrite,2005,0.005
Spain,Nitrite,2012,0.03
Spain,Nitrite,2007,0.009
Poland,Nitrate,2000,13.15
Netherlands,Nitrate,2006,11.52
Netherlands,Nitrate,2004,19.58
Netherlands,Nitrate,2005,10.73
Hungary,Nitrite,2001,0.0079
Latvia,Nitrite,2001,0.01
Latvia,Nitrite,2003,0.004
Hungary,Nitrite,2000,0.0179
Lithuania,Dissolved oxygen,2003,0.6725
Belgium,Nitrite,2001,0.0054
Finland,Dissolved oxygen,2011,9.4
Finland,Dissolved oxygen,2010,11.0
Finland,Dissolved oxygen,2011,5.8
Finland,Dissolved oxygen,2012,5.75
Spain,Dissolved oxygen,2011,7.5615
Belgium,Nitrite,2011,0.01
Hungary,Nitrite,2001,0.0132
Hungary,Nitrite,2003,0.0081
Romania,Nitrite,2008,0.008
Romania,Dissolved oxygen,2011,6.63
Romania,Nitrite,2010,0.028
Hungary,Nitrite,2001,0.0102
Italy,Nitrite,2012,0.005
Hungary,Nitrite,2002,0.0006
Spain,Nitrite,2011,0.023
Latvia,Nitrite,2003,0.004
Belgium,Nitrite,2007,0.0052
Belgium,Nitrite,2004,0.007
Belgium,Nitrite,2006,0.0163
Belgium,Nitrite,2008,0.007
Spain,Dissolved oxygen,2011,4.7
Spain,Dissolved oxygen,2011,1.0
Finland,Nitrite,2010,0.0164
Latvia,Ammonium,2002,0.34
Netherlands,Ammonium,2006,8.64
Spain,Ammonium,2007,0.013
Latvia,Dissolved oxygen,2005,0.17
Belgium,Ammonium,2005,0.02
Spain,Ammonium,2012,0.023
Finland,Ammonium,2010,0.0052
Finland,Ammonium,2010,0.0013
Spain,Nitrite,2006,0.29
Spain,Nitrite,2008,0.021
Spain,Nitrite,2009,0.005
Poland,Ammonium,2000,0.36
Finland,Ammonium,2010,0.4314
Finland,Ammonium,2012,0.0068
Spain,Nitrite,2009,0.005
Turkey,Nitrite,2009,0.024
Latvia,Dissolved oxygen,2003,0.2
Finland,Ammonium,2010,0.0208
Spain,Ammonium,2007,0.124
Turkey,Nitrite,2009,0.02
Belgium,Nitrite,2004,0.012
Spain,Dissolved oxygen,2006,9.6
Spain,Nitrite,2010,0.005
Netherlands,Ammonium,2009,1.35
Finland,Ammonium,2000,0.0024
Sweden,Ammonium,2005,0.101
Belgium,Ammonium,2012,0.0281
Belgium,Ammonium,2009,0.0141
Netherlands,Ammonium,2004,5.09
Spain,Dissolved oxygen,2009,10.62
Spain,Nitrite,2003,0.02
Finland,Dissolved oxygen,2008,6.25
Netherlands,Nitrate,2009,0.72
Lithuania,Nitrate,2001,1.18
Turkey,Nitrate,2009,11.39
Belgium,Ammonium,2008,0.095
Spain,Ammonium,2005,0.023
Spain,Ammonium,2007,0.023
Belgium,Nitrate,2010,26.11
Belgium,Nitrate,2014,28.95
Belgium,Nitrate,2014,56.98
Belgium,Nitrate,2014,2.3
Spain,Nitrate,2006,53.547
Spain,Ammonium,2007,0.022
Belgium,Ammonium,2002,0.01
Poland,Ammonium,2001,0.4
Poland,Nitrate,2003,12.53
Poland,Ammonium,2000,0.38
Belgium,Ammonium,2000,0.15
Finland,Ammonium,2011,0.115
Belgium,Ammonium,2010,0.01
Italy,Ammonium,2012,0.01
Belgium,Ammonium,2001,0.137
Sweden,Ammonium,2000,0.103
Netherlands,Ammonium,2002,0.75
Spain,Ammonium,2008,0.155
Spain,Ammonium,2009,0.18
Latvia,Nitrate,2002,0.04
Belgium,Nitrate,2001,34.198
Belgium,Nitrate,2008,39.868
Belgium,Nitrate,2006,46.2652
Netherlands,Nitrate,2008,17.74
Finland,Nitrate,2010,3.67
Bulgaria,Ammonium,2003,0.009
Finland,Ammonium,2003,0.0052
Finland,Ammonium,2011,0.002
Latvia,Dissolved oxygen,2004,0.3
Turkey,Nitrite,2009,0.026
Spain,Nitrite,2010,0.0281
Bulgaria,Ammonium,2001,0.079
Romania,Ammonium,2014,0.118
Spain,Dissolved oxygen,2009,5.95
Spain,Nitrite,2012,0.11981
Belgium,Nitrite,2011,0.01
Hungary,Nitrite,2005,0.0068
Belgium,Nitrate,2007,14.9758
Belgium,Nitrate,2000,9.919
Poland,Nitrate,2001,11.63
Spain,Ammonium,2004,0.065
Romania,Ammonium,2014,0.265
Finland,Ammonium,2007,0.0013
Finland,Ammonium,2008,0.0052
Slovakia,Ammonium,2000,0.1062
Slovakia,Ammonium,2000,0.17
Spain,Ammonium,2006,0.129
Italy,Ammonium,2012,0.01
Belgium,Ammonium,2008,0.013
Finland,Ammonium,2010,0.0064
Belgium,Ammonium,2008,0.012
Spain,Ammonium,2010,0.025
Finland,Ammonium,2001,0.0023
Finland,Ammonium,2011,0.004
Finland,Ammonium,2011,0.018
Netherlands,Ammonium,2005,17.02
Romania,Ammonium,2014,0.188
Spain,Ammonium,2008,0.173
Italy,Ammonium,2012,0.01
Latvia,Ammonium,2001,0.19
Belgium,Ammonium,2011,0.02
Bulgaria,Ammonium,2001,0.013
Finland,Nitrate,2009,0.01
Finland,Nitrate,2011,0.01
Belgium,Nitrate,2012,10.44
Netherlands,Nitrate,2002,7.4
Turkey,Nitrate,2006,12.905
Turkey,Nitrate,2009,27.351
Belgium,Nitrate,2008,11.588
Belgium,Nitrate,2010,11.6
Finland,Nitrate,2012,0.06
Turkey,Nitrate,2007,40.7975
Belgium,Nitrate,2011,15.59
Finland,Nitrate,2010,9.3
Hungary,Nitrite,2000,0.0012
Finland,Dissolved oxygen,2012,3.7
Lithuania,Nitrate,2000,0.37
Turkey,Nitrate,2007,8.9
Belgium,Nitrate,2014,50.15
Belgium,Nitrate,2014,59.27
Finland,Nitrite,2011,0.004
Slovakia,Nitrite,2000,0.0471
Italy,Nitrite,2012,0.005
Finland,Dissolved oxygen,2010,6.65
Belgium,Nitrate,2000,9.723
Italy,Nitrite,2012,0.005
Latvia,Dissolved oxygen,2002,0.05
Italy,Nitrate,2012,39.0
Slovakia,Nitrate,2000,9.0077
Lithuania,Nitrate,2003,1.77
Poland,Nitrite,2001,0.02
Belgium,Nitrate,2008,15.812
Spain,Nitrate,2007,5.5
Spain,Nitrate,2012,4.0
Romania,Nitrate,2014,47.522
Belgium,Nitrate,2002,10.237
Belgium,Nitrate,2006,14.4452
Spain,Nitrate,2006,7.2
Spain,Nitrate,2008,5.55
Finland,Nitrate,2008,0.01
Finland,Nitrate,2012,0.01
Italy,Nitrate,2012,5.0
Spain,Nitrite,2011,0.049
Finland,Ammonium,2006,0.0045
Finland,Ammonium,2009,0.0023
Bulgaria,Ammonium,2005,0.005
Spain,Nitrate,2003,8.7
Belgium,Nitrate,2014,1.64
Belgium,Nitrate,2014,1.4
Spain,Nitrate,2008,68.0
Belgium,Nitrate,2006,12.0737
Bulgaria,Ammonium,2004,0.038
Poland,Nitrite,2003,0.02
Turkey,Nitrite,2007,0.023
Turkey,Nitrite,2009,0.031
Finland,Ammonium,2008,0.0013
Latvia,Ammonium,2001,0.18
Belgium,Nitrate,2004,10.749
Malta,Nitrate,2017,47.25
Belgium,Nitrate,2016,43.5555555556
Belgium,Nitrite,2001,0.015
Spain,Nitrite,2006,0.017
Romania,Dissolved oxygen,2014,5.004
Hungary,Nitrite,2002,0.0164
Belgium,Nitrate,2016,60.6666666667
Poland,Nitrate,2002,12.601
Bulgaria,Nitrate,2004,17.638
Belgium,Nitrate,2015,38.4
Belgium,Nitrate,2015,28.1
Belgium,Nitrate,2016,30.6428571429
Belgium,Nitrate,2016,22.25
Spain,Nitrite,2010,0.02
Bulgaria,Nitrite,2001,0.009
Spain,Nitrate,2008,3.3
Finland,Nitrate,2010,2.12
Lithuania,Nitrate,2004,0.48
Netherlands,Ammonium,2010,0.66
Romania,Ammonium,2014,0.53
Spain,Ammonium,2010,0.0037
Spain,Ammonium,2009,0.065
Bulgaria,Ammonium,2002,0.017
Finland,Ammonium,2011,0.001
Spain,Ammonium,2006,0.023
Romania,Ammonium,2014,0.031
Netherlands,Ammonium,2006,3.57
Belgium,Ammonium,2000,0.018
Netherlands,Ammonium,2011,4.7
Belgium,Nitrite,2008,0.013
Romania,Dissolved oxygen,2014,4.007
Romania,Nitrite,2014,0.038
Turkey,Nitrite,2005,0.005
Turkey,Nitrite,2007,0.0093
Turkey,Nitrite,2006,0.068
Spain,Nitrite,2009,0.01
Bulgaria,Nitrite,2004,0.012
Belgium,Nitrite,2003,0.006
Finland,Nitrite,2012,0.0016
Netherlands,Ammonium,2012,0.88
Finland,Ammonium,2012,0.0113
Bulgaria,Ammonium,2005,0.167
Bulgaria,Ammonium,2002,0.077
Spain,Ammonium,2007,0.013
Latvia,Ammonium,2005,0.18
Latvia,Ammonium,2000,0.16
Belgium,Ammonium,2011,0.02
Bulgaria,Nitrate,2000,1.149
Belgium,Nitrate,2015,35.6
Belgium,Nitrate,2015,17.2
Belgium,Nitrate,2016,41.9545454545
Belgium,Nitrate,2016,47.9
Netherlands,Nitrate,2012,0.04
Belgium,Nitrate,2016,15.3333333333
Belgium,Nitrate,2016,11.7333333333
Spain,Nitrate,2006,76.25
Spain,Nitrate,2008,121.45
Netherlands,Nitrate,2011,0.05
Belgium,Nitrate,2015,31.7
Belgium,Nitrate,2015,40.5
Belgium,Nitrate,2015,14.4
Romania,Nitrate,2014,6.786
Romania,Nitrate,2014,25.6
Romania,Nitrate,2014,0.127
Latvia,Nitrate,2002,0.05
Belgium,Nitrate,2015,24.9
Belgium,Nitrate,2015,30.0
Finland,Dissolved oxygen,2010,4.65
Spain,Nitrite,2012,0.03
Spain,Dissolved oxygen,2012,6.35
Latvia,Nitrite,2004,0.005
Belgium,Nitrite,2009,0.0154
Belgium,Nitrate,2002,33.602
Romania,Nitrate,2014,33.663
Belgium,Nitrate,2002,11.7
Bulgaria,Nitrate,2000,14.076
Netherlands,Nitrate,2012,0.04
Lithuania,Nitrate,2001,0.31
Finland,Nitrate,2011,0.1
Belgium,Nitrate,2001,12.642
Belgium,Nitrate,2015,11.0
Belgium,Nitrate,2015,18.2
Belgium,Nitrate,2016,58.8333333333
Belgium,Nitrate,2016,34.2857142857
Finland,Nitrate,2011,12.4
Bulgaria,Nitrate,2001,13.442
Finland,Dissolved oxygen,2011,10.1
Finland,Dissolved oxygen,2010,6.0
Bulgaria,Nitrate,2004,2.215
Netherlands,Nitrate,2010,0.03
Belgium,Nitrate,2015,61.4
Belgium,Nitrate,2015,20.3
Finland,Dissolved oxygen,2012,5.8
Bulgaria,Nitrite,2004,0.002
Bulgaria,Nitrite,2005,0.004
Belgium,Nitrate,2015,22.9
Belgium,Nitrate,2015,43.8
Belgium,Nitrate,2016,27.32
Belgium,Nitrate,2016,50.4
Belgium,Nitrate,2016,18.1304347826
Belgium,Nitrate,2016,29.8333333333
Netherlands,Nitrate,2011,61.61
Bulgaria,Nitrite,2000,0.014
Finland,Nitrite,2010,0.0016
Bulgaria,Nitrite,2005,0.002
Finland,Dissolved oxygen,2011,4.8
Finland,Nitrite,2012,0.0016
Belgium,Nitrate,2015,1.0
Belgium,Nitrate,2015,52.2
Finland,Nitrate,2011,2.77
Belgium,Nitrate,2008,15.239
Netherlands,Nitrate,2010,0.03
Malta,Nitrate,2017,72.64
Belgium,Nitrate,2016,1.0
Belgium,Nitrate,2016,26.8571428571
Belgium,Nitrate,2016,9.8
Belgium,Nitrate,2016,6.33333333333
Spain,Nitrate,2007,79.0
Romania,Nitrate,2014,14.322
Bulgaria,Nitrate,2005,32.992
Belgium,Nitrate,2012,30.66
Spain,Nitrate,2003,0.283
Latvia,Nitrite,2004,0.004
Finland,Nitrite,2011,0.002
Finland,Dissolved oxygen,2006,11.57
Netherlands,Nitrate,2001,0.92
Belgium,Nitrate,2000,8.067
Bulgaria,Nitrate,2004,14.365
Belgium,Dissolved oxygen,2015,4.23
Belgium,Dissolved oxygen,2015,1.93
Romania,Dissolved oxygen,2014,5.454
Romania,Nitrite,2014,0.013
Spain,Dissolved oxygen,2010,5.4
Belgium,Nitrate,2015,12.7
Belgium,Nitrate,2016,6.37037037037
Romania,Nitrate,2014,5.38
Spain,Nitrate,2012,27.84706
Belgium,Dissolved oxygen,2015,4.77
Belgium,Dissolved oxygen,2015,2.36
Romania,Dissolved oxygen,2014,5.628
Romania,Nitrite,2014,0.019
Latvia,Nitrite,2005,0.003
Latvia,Dissolved oxygen,2001,0.1
Bulgaria,Nitrate,2005,13.228
Spain,Nitrate,2009,158.0
Finland,Dissolved oxygen,2007,11.27
Finland,Dissolved oxygen,2008,12.45
Belgium,Nitrite,2001,0.005
Hungary,Nitrate,2001,0.378
Netherlands,Nitrate,2010,0.03
Belgium,Nitrate,2015,23.1
Belgium,Nitrate,2015,29.2
Romania,Nitrate,2014,5.503
Netherlands,Ammonium,2010,0.15
Romania,Nitrate,2014,21.622
Belgium,Nitrate,2016,16.6
Spain,Nitrate,2003,219.0
Belgium,Nitrate,2016,29.368
Belgium,Nitrate,2016,19.625
Belgium,Nitrate,2016,12.6603773585
Spain,Nitrate,2007,2.7
Finland,Dissolved oxygen,2009,6.22
Romania,Dissolved oxygen,2014,5.94
Finland,Dissolved oxygen,2010,10.8
Latvia,Nitrate,2004,0.5
Bulgaria,Nitrate,2001,1.377
Romania,Nitrate,2014,8.857
Romania,Nitrate,2014,15.693
Spain,Nitrate,2005,165.0
Finland,Dissolved oxygen,2003,10.2
Finland,Nitrite,2009,0.0016
Finland,Ammonium,2002,0.0052
Poland,Ammonium,2003,0.34
Latvia,Ammonium,2003,0.25
Latvia,Nitrite,2001,0.01
Belgium,Dissolved oxygen,2015,1.88
Belgium,Dissolved oxygen,2015,3.82
Belgium,Nitrite,2011,0.01
Belgium,Nitrite,2010,0.007
Belgium,Nitrite,2001,0.005
Finland,Nitrate,2010,0.01
Estonia,Nitrate,2013,0.6
Bulgaria,Ammonium,2004,0.052
Romania,Ammonium,2014,0.164
Spain,Ammonium,2006,2.1
Bulgaria,Ammonium,2001,0.275
Estonia,Ammonium,2013,0.4551428571
Finland,Ammonium,2000,0.0026
Spain,Ammonium,2003,0.035
Romania,Ammonium,2014,0.455
Estonia,Ammonium,2013,0.11625
Netherlands,Ammonium,2011,0.26
Estonia,Ammonium,2014,0.1766666667
Spain,Ammonium,2008,0.023
Romania,Ammonium,2014,0.178
Estonia,Ammonium,2013,0.07
Estonia,Ammonium,2013,0.68
Hungary,Ammonium,2006,0.7386
Bulgaria,Nitrate,2000,28.258
Belgium,Nitrate,2015,34.2
Belgium,Nitrate,2015,26.9
Belgium,Nitrate,2015,41.0
Belgium,Nitrate,2015,14.0
Romania,Nitrate,2014,24.019
Romania,Nitrate,2014,16.74
Romania,Nitrate,2014,30.79
Belgium,Nitrite,2002,0.005
Belgium,Dissolved oxygen,2015,1.64
Belgium,Dissolved oxygen,2015,1.94
Romania,Nitrite,2014,0.065
Romania,Dissolved oxygen,2014,5.45
Finland,Ammonium,2008,0.0032
Estonia,Ammonium,2013,1.228
Estonia,Ammonium,2013,0.07
Romania,Nitrite,2014,0.034
Belgium,Dissolved oxygen,2015,4.77
Romania,Dissolved oxygen,2014,6.094
Estonia,Ammonium,2013,0.2033333333
Estonia,Ammonium,2013,0.1025
Belgium,Ammonium,2001,0.01
Romania,Ammonium,2014,3.64
Romania,Ammonium,2014,0.094
Spain,Ammonium,2008,0.013
Romania,Nitrite,2014,0.069
Romania,Nitrite,2014,0.033
Romania,Dissolved oxygen,2014,2.786
Spain,Ammonium,2012,0.023
Spain,Ammonium,2011,0.03
Slovakia,Ammonium,2000,0.27
Belgium,Dissolved oxygen,2015,2.44
Belgium,Dissolved oxygen,2015,2.52
Spain,Dissolved oxygen,2012,6.9
Romania,Nitrite,2014,0.027
Bulgaria,Dissolved oxygen,2003,7.463
Netherlands,Ammonium,2011,0.15
Romania,Ammonium,2014,0.626
Romania,Ammonium,2014,2.423
Spain,Dissolved oxygen,2011,5.1
Spain,Nitrite,2011,0.023
Belgium,Nitrite,2007,0.0066
Belgium,Nitrite,2004,0.007
Latvia,Dissolved oxygen,2003,0.1
Latvia,Nitrite,2000,0.01
Latvia,Nitrite,2002,0.005
Spain,Dissolved oxygen,2008,9.0
Spain,Dissolved oxygen,2009,9.3
Latvia,Dissolved oxygen,2002,0.031
Romania,Nitrite,2014,0.031
Spain,Dissolved oxygen,2006,7.3
Bulgaria,Nitrite,2005,0.015
Belgium,Nitrate,2016,40.4210526316
Belgium,Nitrate,2016,28.0
Belgium,Nitrate,2016,35.5483870968
Estonia,Nitrate,2013,0.4
Spain,Nitrate,2008,175.0
Hungary,Nitrate,2000,0.36
Latvia,Ammonium,2002,0.23
Latvia,Ammonium,2004,0.2
Estonia,Ammonium,2013,0.07
Estonia,Ammonium,2013,0.13
Romania,Ammonium,2014,0.863
Spain,Ammonium,2010,0.023
Hungary,Nitrate,2002,0.7197
Estonia,Nitrate,2013,1.0333333333
Estonia,Nitrate,2013,18.2388888889
Latvia,Ammonium,2005,0.29
Poland,Ammonium,2002,0.348
Estonia,Ammonium,2013,0.15
Finland,Ammonium,2009,0.0019
Estonia,Ammonium,2013,0.08
Spain,Ammonium,2007,0.023
Spain,Nitrite,2005,0.005
Finland,Nitrite,2012,0.0033
Spain,Nitrate,2007,162.0
Netherlands,Nitrate,2007,14.2
Romania,Dissolved oxygen,2014,6.041
Spain,Nitrite,2007,0.03
Netherlands,Nitrate,2009,5.59
Romania,Nitrate,2006,162.02
Hungary,Nitrate,2006,0.5
Estonia,Nitrate,2013,0.4
Estonia,Nitrate,2013,0.4
Estonia,Nitrate,2013,0.4
Estonia,Nitrate,2013,0.4
Estonia,Nitrate,2013,1.7714285714
Estonia,Ammonium,2013,0.07
Estonia,Ammonium,2013,0.34
Estonia,Ammonium,2013,0.1703731343
Latvia,Ammonium,2001,0.35
Spain,Ammonium,2009,0.1
Netherlands,Ammonium,2012,4.28
Spain,Nitrite,2008,0.005
Spain,Dissolved oxygen,2007,7.7
Italy,Ammonium,2012,0.01
Spain,Ammonium,2012,0.023
Romania,Ammonium,2014,0.487
Finland,Ammonium,2004,0.0034
Finland,Ammonium,2010,0.0023
Romania,Nitrite,2014,0.01
Estonia,Ammonium,2013,0.45
Netherlands,Ammonium,2010,4.53
Netherlands,Ammonium,2011,1.82
Finland,Ammonium,2002,0.0026
Finland,Ammonium,2004,0.0013
Romania,Dissolved oxygen,2014,4.417
Romania,Nitrite,2014,0.01
Spain,Dissolved oxygen,2005,8.9
Spain,Nitrite,2006,0.005
Lithuania,Nitrite,2005,0.0046
Estonia,Nitrite,2013,0.019
Estonia,Nitrite,2013,0.012
Estonia,Nitrite,2013,0.0282857143
Slovakia,Nitrite,2000,0.0082
Finland,Nitrite,2011,0.002
Finland,Nitrite,2012,0.0033
Estonia,Nitrite,2013,0.004
Estonia,Nitrite,2013,0.004
Netherlands,Ammonium,2006,5.07
Netherlands,Ammonium,2008,4.37
Finland,Ammonium,2010,0.0026
Belgium,Dissolved oxygen,2015,3.54
Belgium,Dissolved oxygen,2015,3.45
Belgium,Dissolved oxygen,2015,1.1
Estonia,Nitrite,2014,0.004
Romania,Nitrite,2014,0.076
Romania,Dissolved oxygen,2014,6.294
Spain,Dissolved oxygen,2008,3.0
Estonia,Nitrite,2013,0.0048
Estonia,Nitrite,2013,0.004
Belgium,Nitrite,2000,0.023
Montenegro,Ammonium,2006,0.01
Finland,Ammonium,2007,0.0023
Finland,Ammonium,2009,0.0013
Finland,Ammonium,2007,0.0032
Romania,Ammonium,2014,0.501
Spain,Ammonium,2007,0.245
Spain,Ammonium,2008,0.114
Estonia,Ammonium,2013,0.2144444444
Netherlands,Ammonium,2005,12.35
Netherlands,Ammonium,2010,1.99
Finland,Ammonium,2012,0.0015
Bulgaria,Ammonium,2005,0.1
Spain,Nitrite,2003,0.008
Estonia,Nitrite,2013,0.004
Estonia,Nitrite,2013,0.0154
Estonia,Nitrite,2013,0.004
Poland,Nitrite,2000,0.01
Poland,Nitrite,2002,0.012
Belgium,Nitrite,2000,0.081
Finland,Nitrite,2009,0.0033
Finland,Nitrite,2010,0.0016
Belgium,Ammonium,2010,0.01
Belgium,Ammonium,2001,0.01
Estonia,Nitrite,2013,0.028
Estonia,Nitrite,2013,0.0044
Spain,Nitrite,2007,0.014
Estonia,Nitrite,2013,0.004
Estonia,Nitrite,2013,0.007
Estonia,Nitrite,2013,0.004
Estonia,Dissolved oxygen,2013,6.5625
Spain,Nitrite,2006,0.005
Belgium,Ammonium,2011,0.01
Belgium,Ammonium,2007,0.0211
Finland,Ammonium,2012,3.2196
Spain,Dissolved oxygen,2003,8.95
Estonia,Nitrite,2013,0.0045714286
Belgium,Nitrite,2002,0.008
Spain,Dissolved oxygen,2010,8.075
Romania,Nitrite,2014,0.01
Romania,Dissolved oxygen,2014,7.985
Romania,Nitrite,2014,0.01
Estonia,Nitrite,2013,0.0065
Montenegro,Nitrite,2007,0.001
Spain,Nitrite,2007,0.005
Belgium,Nitrite,2012,0.01
Luxembourg,Nitrite,2006,0.025
Hungary,Ammonium,2006,0.9209
Finland,Ammonium,2010,0.0013
Belgium,Ammonium,2000,0.013
Netherlands,Ammonium,2011,2.13
Netherlands,Ammonium,2011,3.17
Finland,Ammonium,2010,0.0084
Belgium,Ammonium,2006,0.054
Netherlands,Ammonium,2007,9.22
Spain,Nitrate,2006,37.0
Netherlands,Nitrate,2011,0.6
Belgium,Nitrate,2001,26.055
Netherlands,Ammonium,2012,0.59
Netherlands,Ammonium,2011,78.75
Netherlands,Ammonium,2009,10.99
Netherlands,Ammonium,2011,1.33
Netherlands,Ammonium,2010,0.66
Netherlands,Ammonium,2011,9.65
Netherlands,Ammonium,2010,0.15
Netherlands,Ammonium,2012,0.17
Finland,Ammonium,2003,0.0013
Finland,Ammonium,2011,0.001
Finland,Ammonium,2012,0.0013
Finland,Ammonium,2012,0.0019
Latvia,Ammonium,2005,0.66
Hungary,Ammonium,2002,0.7585
Estonia,Ammonium,2013,0.07
Belgium,Ammonium,2002,0.108
Lithuania,Nitrate,2000,0.14
Estonia,Nitrate,2013,0.4
Estonia,Nitrate,2013,33.4
Hungary,Nitrate,2005,0.539
Luxembourg,Nitrate,2006,28.5
Spain,Nitrate,2007,28.984
Estonia,Nitrate,2013,1.9857142857
Estonia,Nitrate,2013,1.02
Estonia,Nitrate,2013,0.4
Lithuania,Nitrate,2002,0.15
Finland,Nitrate,2012,0.09
Estonia,Nitrite,2013,0.004
Montenegro,Nitrite,2006,0.001
Hungary,Nitrate,2003,0.4113
Spain,Nitrate,2007,39.0
Spain,Nitrate,2003,53.0
Hungary,Ammonium,2003,0.8481
Hungary,Ammonium,2004,0.8602
Finland,Dissolved oxygen,2003,10.9
Finland,Dissolved oxygen,2011,11.2
Montenegro,Nitrate,2007,4.72
Spain,Dissolved oxygen,2010,6.8
Finland,Dissolved oxygen,2009,6.22
Finland,Ammonium,2011,0.001
Finland,Ammonium,2010,1.7173
Netherlands,Ammonium,2010,1.26
Netherlands,Ammonium,2010,10.19
Netherlands,Ammonium,2011,0.24
Belgium,Nitrate,2004,7.103
Netherlands,Nitrate,2010,16.38
Finland,Nitrate,2002,0.13
Finland,Nitrate,2004,0.015
Belgium,Nitrate,2010,18.29
Estonia,Nitrate,2013,0.4
Estonia,Nitrate,2013,0.4
Finland,Dissolved oxygen,2003,7.2
Romania,Dissolved oxygen,2014,7.975
Spain,Nitrite,2009,0.012
Spain,Nitrite,2012,0.01525
Estonia,Nitrate,2013,27.3579104478
Netherlands,Nitrate,2011,12.13
Slovakia,Nitrate,2000,33.0667
Netherlands,Nitrate,2010,1.12
Netherlands,Nitrate,2011,15.35
Netherlands,Nitrate,2010,51.72
Finland,Dissolved oxygen,2009,12.3
Bulgaria,Nitrite,2005,0.143
Spain,Dissolved oxygen,2004,8.9
Netherlands,Nitrate,2012,60.89
Estonia,Nitrate,2013,4.1
Netherlands,Nitrate,2010,14.08
Finland,Dissolved oxygen,2004,11.0
Hungary,Nitrite,2002,0.0359
Hungary,Nitrite,2003,0.0156
Belgium,Nitrite,2010,0.005
Belgium,Nitrate,2010,29.16
Netherlands,Nitrate,2010,23.65
Belgium,Nitrate,2015,8.3
Belgium,Nitrate,2015,9.3
Belgium,Nitrate,2016,11.8333333333
Belgium,Nitrate,2016,23.25
Belgium,Nitrate,2016,14.6666666667
Estonia,Nitrite,2013,0.004
Hungary,Nitrite,2000,0.0072
Belgium,Nitrate,2016,15.0
Belgium,Nitrate,2015,5.6
Belgium,Nitrate,2011,10.7
Hungary,Nitrate,2000,2.2906
Netherlands,Nitrate,2012,15.5
Netherlands,Nitrate,2011,61.24
Belgium,Nitrite,2012,0.009
Hungary,Nitrite,2001,0.0224
Hungary,Nitrite,2004,0.0131
Finland,Dissolved oxygen,2012,0.15
Luxembourg,Nitrite,2005,0.025
Luxembourg,Nitrite,2007,0.025
Poland,Nitrite,2003,0.02
Latvia,Dissolved oxygen,2004,0.7
Netherlands,Ammonium,2012,0.83
Finland,Ammonium,2009,0.0032
Hungary,Ammonium,2005,0.9785
Estonia,Ammonium,2013,0.26
Netherlands,Nitrate,2012,10.06
Netherlands,Nitrate,2012,0.5
Estonia,Nitrate,2013,0.4
Belgium,Nitrate,2009,22.9458
Belgium,Nitrate,2006,21.1111
Finland,Dissolved oxygen,2008,8.9
Finland,Dissolved oxygen,2010,7.85
Latvia,Dissolved oxygen,2003,0.4
Latvia,Dissolved oxygen,2005,0.3
Finland,Nitrite,2011,0.012
Romania,Dissolved oxygen,2007,5.017
Netherlands,Nitrate,2012,0.04
Netherlands,Nitrate,2010,0.18
Netherlands,Nitrate,2011,0.36
Sweden,Nitrate,2001,0.88
Romania,Dissolved oxygen,2009,4.604
Estonia,Nitrite,2013,0.035
Estonia,Nitrite,2013,0.004
Latvia,Dissolved oxygen,2003,0.1
Finland,Nitrite,2010,0.0378
Finland,Dissolved oxygen,2011,3.7
Belgium,Dissolved oxygen,2015,2.05
Belgium,Dissolved oxygen,2015,2.67
Belgium,Dissolved oxygen,2015,1.26
Romania,Dissolved oxygen,2014,4.8
Romania,Nitrite,2014,0.13
Netherlands,Ammonium,2011,5.77
Netherlands,Ammonium,2010,4.77
Hungary,Ammonium,2001,0.9015
Finland,Ammonium,2001,0.0028
Finland,Ammonium,2006,0.0021
Spain,Dissolved oxygen,2007,7.3
Belgium,Nitrite,2000,0.02
Spain,Dissolved oxygen,2009,6.04
Spain,Dissolved oxygen,2012,6.81538
Finland,Dissolved oxygen,2011,7.5
Latvia,Ammonium,2003,0.27
Belgium,Ammonium,2012,0.0851
Belgium,Ammonium,2000,0.039
Belgium,Nitrite,2001,0.005
Italy,Nitrite,2012,22.33333
Hungary,Nitrite,2005,0.0095
Finland,Dissolved oxygen,2010,2.58
Sweden,Nitrate,2003,0.6
Netherlands,Nitrate,2011,0.09
Netherlands,Nitrate,2010,0.11
Belgium,Ammonium,2005,0.02
Finland,Ammonium,2010,3.284
Finland,Nitrate,2003,0.13
Netherlands,Nitrate,2011,0.03
Netherlands,Nitrate,2011,0.28
Netherlands,Nitrate,2011,0.8
Netherlands,Nitrate,2012,0.04
Netherlands,Ammonium,2011,4.78
Netherlands,Ammonium,2012,1.79
Estonia,Nitrate,2014,0.4
Romania,Nitrate,2014,0.326
Spain,Nitrate,2006,73.0
Bulgaria,Nitrate,2003,8.215
Spain,Nitrate,2004,194.0
Netherlands,Nitrate,2012,12.68
Netherlands,Nitrate,2011,27.6
Sweden,Nitrate,2005,0.43
Sweden,Nitrate,2000,0.33
Lithuania,Nitrate,2000,0.69
Netherlands,Nitrate,2003,39.61
Sweden,Nitrate,2004,1.5001
Hungary,Nitrate,2006,2.0033
Belgium,Ammonium,2006,0.0189
Netherlands,Nitrate,2000,49.16
Hungary,Ammonium,2007,1.0223
Belgium,Ammonium,2005,0.01
Finland,Dissolved oxygen,2009,6.25
Netherlands,Nitrate,2004,35.87
Finland,Nitrate,2003,0.11
Belgium,Nitrate,2000,16.744
Finland,Nitrate,2011,0.44
Netherlands,Nitrate,2010,19.52
Netherlands,Nitrate,2011,0.03
Netherlands,Nitrate,2010,0.03
Spain,Dissolved oxygen,2006,7.9
Slovakia,Dissolved oxygen,2000,1.7725
Luxembourg,Nitrite,2003,0.025
Hungary,Ammonium,2000,1.1427
Finland,Ammonium,2012,0.0013
Netherlands,Ammonium,2010,0.15
Netherlands,Ammonium,2012,0.33
Lithuania,Ammonium,2000,0.9389
Estonia,Ammonium,2013,0.425
Estonia,Ammonium,2013,0.14
Romania,Ammonium,2011,0.06
Italy,Nitrate,2012,7.0
Montenegro,Nitrate,2006,2.62
Netherlands,Nitrate,2008,22.16
Italy,Nitrate,2012,17.75
Netherlands,Nitrate,2005,31.86
Netherlands,Nitrate,2007,25.62
Italy,Nitrate,2012,15.5
Italy,Nitrate,2012,10.4
Italy,Nitrate,2012,3.0
Slovakia,Dissolved oxygen,2000,4.614
Lithuania,Nitrite,2002,0.005
Hungary,Nitrite,2006,0.0293
Belgium,Nitrite,2001,0.005
Italy,Nitrate,2012,4.5
Belgium,Nitrite,2003,0.027
Italy,Nitrite,2012,0.005
Italy,Nitrate,2012,8.83
Sweden,Nitrate,2002,0.02
Hungary,Nitrate,2007,0.4456
Estonia,Nitrate,2013,2.18
Netherlands,Nitrate,2002,41.51
Netherlands,Nitrate,2009,20.54
Netherlands,Nitrate,2006,30.54
Spain,Nitrate,2006,170.0
Hungary,Nitrate,2004,0.5265
Estonia,Nitrate,2013,0.6
Estonia,Nitrate,2013,0.4
Netherlands,Ammonium,2000,0.92
Finland,Ammonium,2011,0.115
Hungary,Ammonium,2002,1.132
Hungary,Ammonium,2004,1.0946
Italy,Ammonium,2012,0.01
Italy,Ammonium,2012,0.013
Estonia,Nitrate,2013,0.4
Luxembourg,Nitrate,2007,29.5
Finland,Nitrate,2000,0.172
Slovakia,Nitrate,2000,20.0429
Bulgaria,Nitrate,2002,42.024
Netherlands,Ammonium,2012,0.22
Finland,Dissolved oxygen,2007,6.88
Netherlands,Ammonium,2010,4.87
Hungary,Ammonium,2000,0.8684
Estonia,Ammonium,2013,0.2535714286
Belgium,Ammonium,2007,0.127
Finland,Ammonium,2012,0.1552
Finland,Dissolved oxygen,2006,6.8
Lithuania,Dissolved oxygen,2002,1.5
Belgium,Nitrite,2004,0.005
Italy,Ammonium,2012,0.01
Netherlands,Nitrate,2011,11.01
Belgium,Nitrate,2006,13.0422
Italy,Nitrite,2012,0.005
Finland,Dissolved oxygen,2010,0.15
Finland,Dissolved oxygen,2011,0.1
Finland,Nitrate,2002,0.153
Netherlands,Nitrate,2011,0.03
Bulgaria,Nitrate,2005,25.064
Estonia,Ammonium,2013,0.1975
Finland,Ammonium,2011,0.005
Spain,Ammonium,2010,0.0646
Netherlands,Ammonium,2004,12.85
Italy,Ammonium,2012,0.01
Netherlands,Ammonium,2006,1.12
Italy,Nitrate,2012,3.0
Belgium,Nitrate,2012,12.59
Belgium,Nitrate,2011,17.29
Belgium,Nitrate,2007,25.664
Hungary,Nitrate,2005,6.1433
Finland,Nitrate,2010,1.35
Finland,Nitrate,2012,0.32
Italy,Ammonium,2012,0.012
Netherlands,Ammonium,2008,1.03
Netherlands,Nitrate,2012,0.24
Italy,Nitrite,2012,0.005
Belgium,Nitrite,2002,0.01
Hungary,Nitrite,2001,0.0201
Netherlands,Ammonium,2004,0.97
Hungary,Nitrite,2003,0.0162
Italy,Nitrite,2012,0.005
Belgium,Nitrite,2012,0.0377
Belgium,Nitrite,2006,0.0114
Netherlands,Ammonium,2009,1.12
Netherlands,Ammonium,2012,1.08
Latvia,Ammonium,2002,0.51
Latvia,Ammonium,2004,0.32
Italy,Ammonium,2012,0.01
Netherlands,Ammonium,2004,0.57
Romania,Ammonium,2008,0.022
Netherlands,Nitrate,2001,38.46
Hungary,Nitrate,2002,0.3913
Slovakia,Nitrate,2000,45.0714
Finland,Nitrite,2012,0.0181
Hungary,Nitrite,2002,0.0327
Hungary,Nitrite,2004,0.0128
Estonia,Nitrite,2013,0.0043333333
Bulgaria,Ammonium,2003,0.102
Netherlands,Ammonium,2010,0.24
Netherlands,Ammonium,2011,0.62
Netherlands,Ammonium,2012,6.77
Netherlands,Ammonium,2012,0.76
Estonia,Nitrite,2013,0.0052142857
Romania,Ammonium,2010,0.11
Poland,Ammonium,2002,0.667
Finland,Ammonium,2003,0.028
Belgium,Nitrite,2012,0.01
Belgium,Nitrite,2000,0.006
Luxembourg,Ammonium,2007,0.025
Hungary,Ammonium,2001,1.071
Hungary,Ammonium,2003,1.0161
Netherlands,Ammonium,2001,0.75
Estonia,Dissolved oxygen,2013,5.1676923077
Latvia,Dissolved oxygen,2005,0.12
Hungary,Nitrite,2000,0.0145
Luxembourg,Nitrite,2004,0.025
Spain,Nitrite,2011,0.0507
Finland,Dissolved oxygen,2010,12.2
Bulgaria,Nitrate,2002,30.044
Bulgaria,Nitrate,2001,15.8
Slovakia,Nitrate,2000,18.579
Italy,Nitrate,2012,17.0
Netherlands,Nitrate,2004,31.51
Netherlands,Nitrate,2010,7.2
Poland,Nitrate,2000,7.12
Poland,Nitrate,2001,15.49
Bulgaria,Nitrate,2004,10.204
Hungary,Nitrate,2001,0.3862
Romania,Nitrate,2007,1.09
Romania,Nitrate,2008,1.151
Luxembourg,Nitrate,2008,45.0
Luxembourg,Nitrate,2004,20.0
Luxembourg,Nitrate,2005,15.0
Italy,Nitrite,2012,0.005
Italy,Nitrite,2012,0.005
Netherlands,Ammonium,2000,0.5
Netherlands,Ammonium,2007,3.66
Netherlands,Ammonium,2008,3.82
Netherlands,Ammonium,2008,0.63
Italy,Nitrite,2012,0.0075
Bulgaria,Dissolved oxygen,2001,3.573
Netherlands,Ammonium,2010,0.74
Netherlands,Ammonium,2011,6.93
Netherlands,Ammonium,2005,0.79
Italy,Ammonium,2012,0.065
Netherlands,Ammonium,2002,0.73
Netherlands,Ammonium,2001,0.69
Netherlands,Ammonium,2003,0.6
Sweden,Nitrate,2006,1.2458
Lithuania,Nitrate,2003,1.55
Poland,Ammonium,2000,0.67
Luxembourg,Ammonium,2003,0.025
Luxembourg,Ammonium,2005,0.025
Belgium,Nitrite,2007,0.0099
Finland,Nitrite,2012,0.0214
Hungary,Ammonium,2007,0.9259
Bulgaria,Ammonium,2000,0.073
Romania,Ammonium,2006,0.2
Romania,Ammonium,2007,0.114
Romania,Ammonium,2009,0.068
Finland,Ammonium,2000,0.021
Romania,Nitrate,2009,0.248
Romania,Nitrate,2010,0.174
Latvia,Dissolved oxygen,2004,0.057
Finland,Dissolved oxygen,2008,7.7
Hungary,Nitrite,2005,0.0165
Bulgaria,Dissolved oxygen,2001,6.775
Italy,Nitrite,2012,0.005
Italy,Nitrite,2012,0.005
Finland,Dissolved oxygen,2004,8.73
Finland,Dissolved oxygen,2007,8.62
Luxembourg,Nitrite,2006,0.025
Finland,Ammonium,2006,0.018
Italy,Nitrate,2012,0.5
Netherlands,Ammonium,2007,0.83
Montenegro,Ammonium,2007,0.12
Belgium,Ammonium,2009,0.0537
Belgium,Ammonium,2008,0.01
Finland,Ammonium,2011,2.898
Lithuania,Nitrate,2003,1.48
Hungary,Nitrate,2000,0.3868
Hungary,Nitrate,2003,0.4087
Netherlands,Ammonium,2010,0.78
Italy,Ammonium,2012,0.02
Romania,Ammonium,2009,0.035
Finland,Nitrate,2001,0.382
Luxembourg,Nitrate,2006,20.0
Luxembourg,Nitrate,2007,21.167
Finland,Nitrate,2002,0.156
Finland,Nitrate,2003,0.16
Lithuania,Nitrate,2000,0.2
Netherlands,Nitrate,2012,31.21
Netherlands,Nitrate,2010,0.17
Netherlands,Nitrate,2012,0.04
Finland,Dissolved oxygen,2010,7.45
Finland,Dissolved oxygen,2012,10.48
Bulgaria,Dissolved oxygen,2004,4.85
Netherlands,Ammonium,2009,0.59
Finland,Nitrate,2011,0.14
Finland,Nitrate,2004,0.16
Finland,Nitrate,2006,0.15
Lithuania,Ammonium,2001,0.272
Lithuania,Ammonium,2002,0.385
Finland,Nitrate,2001,0.154
Finland,Nitrate,2009,0.13
Romania,Nitrate,2011,0.261
Finland,Nitrate,2001,0.143
Romania,Ammonium,2010,0.68
Slovakia,Nitrate,2000,2.5
Finland,Nitrate,2003,1.13
Belgium,Nitrate,2012,55.87
Netherlands,Nitrate,2004,1.79
Netherlands,Nitrate,2005,1.83
Netherlands,Nitrate,2012,14.96
Netherlands,Nitrate,2012,0.16
Poland,Nitrate,2002,19.26
Netherlands,Ammonium,2002,0.51
Italy,Ammonium,2012,0.015
Luxembourg,Ammonium,2004,0.025
Bulgaria,Nitrite,2000,0.004
Poland,Nitrite,2000,0.03
Poland,Nitrite,2002,0.093
Bulgaria,Nitrate,2005,11.917
Romania,Nitrate,2008,3.09
Italy,Ammonium,2012,0.01
Hungary,Nitrate,2005,0.3537
Spain,Ammonium,2009,0.05
Hungary,Ammonium,2001,1.5216
Netherlands,Ammonium,2011,0.42
Netherlands,Ammonium,2012,9.44
Netherlands,Ammonium,2012,15.74
Netherlands,Ammonium,2003,0.85
Netherlands,Ammonium,2005,1.02
Netherlands,Ammonium,2007,1.1
Finland,Dissolved oxygen,2004,8.43
Romania,Dissolved oxygen,2009,4.564
Romania,Dissolved oxygen,2011,4.47
Romania,Nitrite,2006,0.058
Romania,Nitrite,2008,0.038
Netherlands,Nitrate,2002,1.92
Romania,Ammonium,2006,0.554
Finland,Ammonium,2006,0.0019
Romania,Nitrate,2006,2.13
Romania,Nitrate,2007,6.4
Luxembourg,Nitrate,2003,20.0
Netherlands,Nitrate,2001,45.57
Belgium,Nitrate,2008,42.084
Belgium,Nitrate,2003,37.829
Luxembourg,Nitrite,2003,0.025
Romania,Dissolved oxygen,2008,5.462
Poland,Nitrite,2001,0.04
Spain,Nitrate,2011,2.5
Netherlands,Nitrate,2000,1.88
Netherlands,Nitrate,2007,1.9
Netherlands,Nitrate,2009,0.96
Romania,Nitrite,2011,0.017
Romania,Dissolved oxygen,2007,5.925
Romania,Dissolved oxygen,2008,6.822
Spain,Ammonium,2012,0.1
Hungary,Ammonium,2002,1.2832
Hungary,Ammonium,2004,1.7745
Belgium,Ammonium,2006,0.0228
Belgium,Ammonium,2000,0.028
Spain,Nitrate,2012,0.5
Luxembourg,Nitrite,2005,0.025
Luxembourg,Nitrite,2007,0.025
Bulgaria,Nitrite,2004,0.005
Romania,Dissolved oxygen,2006,2.405
Romania,Dissolved oxygen,2009,5.413
Belgium,Nitrate,2003,25.267
Spain,Ammonium,2009,0.025
Finland,Ammonium,2008,0.0019
Belgium,Ammonium,2003,0.014
Belgium,Nitrite,2006,0.0096
Romania,Dissolved oxygen,2010,4.384
Romania,Dissolved oxygen,2011,4.73
Hungary,Nitrite,2005,0.0098
Hungary,Nitrite,2002,0.0173
Finland,Nitrite,2010,0.0033
Romania,Dissolved oxygen,2007,4.944
Lithuania,Ammonium,2000,0.647
Lithuania,Ammonium,2003,0.411
Romania,Nitrite,2010,0.007
Hungary,Nitrite,2001,0.0104
Luxembourg,Nitrite,2008,0.05
Hungary,Nitrite,2000,0.0087
Romania,Dissolved oxygen,2008,2.069
Romania,Nitrite,2007,0.012
Luxembourg,Nitrite,2004,0.025
Finland,Nitrite,2012,0.0033
Finland,Nitrite,2009,0.0016
Spain,Dissolved oxygen,2008,7.517
Hungary,Nitrite,2003,0.0174
Spain,Ammonium,2009,0.025
Belgium,Ammonium,2006,0.1329
Hungary,Nitrite,2007,0.0173
Belgium,Nitrite,2000,0.006
Romania,Nitrite,2009,0.047
Romania,Nitrite,2011,0.02
Hungary,Nitrite,2002,0.0112
Finland,Nitrite,2011,0.003
Belgium,Nitrite,2002,0.037
Hungary,Nitrite,2003,0.0104
Spain,Nitrite,2011,0.023
Lithuania,Dissolved oxygen,2000,0.77
Belgium,Nitrate,2008,28.467
Bulgaria,Nitrate,2000,20.274
Finland,Nitrate,2012,0.14
Belgium,Nitrite,2000,0.008
Belgium,Nitrite,2002,0.007
Hungary,Nitrite,2005,0.0056
Lithuania,Dissolved oxygen,2002,0.8
Bulgaria,Nitrate,2003,13.995
Finland,Ammonium,2007,0.0126
Bulgaria,Ammonium,2004,0.144
Bulgaria,Nitrite,2003,0.008
Spain,Nitrite,2009,0.005
Spain,Dissolved oxygen,2006,5.3
Netherlands,Nitrate,2003,30.17
Bulgaria,Nitrite,2002,0.028
Sweden,Dissolved oxygen,2002,4.1
Sweden,Dissolved oxygen,2003,6.5
Netherlands,Nitrate,2008,12.8
Netherlands,Nitrate,2001,1.34
Bulgaria,Nitrite,2005,0.008
Sweden,Dissolved oxygen,2004,6.15
Sweden,Dissolved oxygen,2005,5.8
Romania,Ammonium,2008,0.672
Romania,Ammonium,2011,0.02
Netherlands,Ammonium,2006,0.68
Netherlands,Nitrate,2008,1.79
Hungary,Nitrate,2004,0.275
Finland,Nitrate,2007,0.16
Belgium,Nitrate,2000,13.185
Hungary,Ammonium,2003,1.6267
Spain,Nitrate,2009,3.5
Finland,Ammonium,2009,0.0019
Bulgaria,Ammonium,2000,0.065
Lithuania,Ammonium,2005,0.3767
Netherlands,Nitrate,2003,1.19
Netherlands,Nitrate,2006,2.35
Belgium,Nitrate,2003,6.928
Netherlands,Nitrate,2000,42.29
Netherlands,Nitrate,2002,33.36
Poland,Nitrate,2003,13.63
Romania,Nitrate,2006,8.75
Hungary,Ammonium,2001,0.7142
Slovakia,Nitrate,2000,14.1875
Spain,Nitrate,2006,3.3
Spain,Nitrate,2007,7.1
Italy,Nitrate,2012,25.5
Finland,Nitrate,2000,0.16
Finland,Nitrate,2012,0.62
Bulgaria,Nitrate,2000,16.225
Belgium,Nitrate,2000,8.084
Belgium,Nitrate,2010,5.72
Spain,Nitrate,2004,0.05
Spain,Nitrate,2011,2.0
Finland,Dissolved oxygen,2008,10.5
Spain,Dissolved oxygen,2009,7.45
Hungary,Nitrite,2004,0.0073
Finland,Dissolved oxygen,2009,4.45
Belgium,Nitrite,2000,0.008
Finland,Nitrate,2008,0.12
Finland,Nitrate,2010,0.15
Turkey,Nitrate,2009,0.606
Belgium,Nitrate,2009,6.4573
Spain,Nitrate,2011,0.5
Spain,Nitrate,2003,14.758
Spain,Nitrate,2011,58.5
Spain,Nitrate,2011,4.0
Lithuania,Dissolved oxygen,2001,1.48
Hungary,Nitrate,2007,0.5818
Hungary,Nitrate,2007,0.7057
Lithuania,Nitrate,2005,0.1454
Spain,Nitrate,2011,36.0
Sweden,Dissolved oxygen,2006,9.9
Spain,Dissolved oxygen,2012,7.60714
Spain,Dissolved oxygen,2008,8.0
Hungary,Nitrite,2004,0.0083
Spain,Dissolved oxygen,2007,6.25
Belgium,Nitrite,2012,0.0152
Belgium,Nitrite,2009,0.0106
Finland,Nitrate,2002,0.359
Belgium,Nitrate,2007,5.4847
Bulgaria,Dissolved oxygen,2005,4.69
Belgium,Nitrite,2006,0.0079
Spain,Nitrate,2007,0.127
Finland,Nitrate,2010,1.06
Finland,Nitrate,2004,0.29
Spain,Nitrate,2011,41.0
Italy,Nitrite,2012,0.005
Bulgaria,Dissolved oxygen,2004,7.575
Bulgaria,Dissolved oxygen,2004,3.801
Romania,Dissolved oxygen,2010,5.214
Romania,Dissolved oxygen,2008,6.588
Spain,Nitrate,2007,14.889
Netherlands,Nitrate,2007,11.24
Hungary,Ammonium,2005,0.9365
Belgium,Ammonium,2006,0.0264
Bulgaria,Dissolved oxygen,2000,4.52
Belgium,Nitrite,2009,0.0105
Belgium,Nitrite,2010,0.008
Hungary,Nitrite,2003,0.0126
Belgium,Nitrate,2010,14.69
Spain,Nitrate,2008,14.369
Hungary,Nitrate,2007,4.7081
Hungary,Nitrite,2005,0.0064
Poland,Ammonium,2001,0.48
Poland,Ammonium,2003,0.83
Romania,Ammonium,2007,0.754
Hungary,Ammonium,2002,0.5472
Romania,Ammonium,2009,0.321
Romania,Ammonium,2011,0.54
Luxembourg,Ammonium,2006,0.025
Luxembourg,Ammonium,2008,0.05
Spain,Nitrite,2006,0.005
Spain,Nitrite,2011,0.023
Turkey,Nitrite,2009,0.02
Finland,Dissolved oxygen,2006,7.88
Hungary,Nitrite,2006,0.0075
Hungary,Ammonium,2003,0.5498
Spain,Ammonium,2010,0.0483
Romania,Ammonium,2010,0.0155
Spain,Ammonium,2006,0.267
Hungary,Nitrite,2004,0.011
Hungary,Nitrite,2005,0.0099
Spain,Ammonium,2009,0.023
Turkey,Ammonium,2009,0.039
Belgium,Ammonium,2004,0.03
Spain,Nitrite,2010,0.0109
Spain,Nitrite,2011,0.023
Hungary,Ammonium,2000,0.5358
Finland,Nitrate,2010,0.73
Spain,Nitrate,2009,15.542
Spain,Nitrate,2008,0.195
Spain,Ammonium,2006,0.032
Hungary,Ammonium,2000,0.6959
Turkey,Dissolved oxygen,2009,7.678
Turkey,Dissolved oxygen,2009,4.591
Finland,Dissolved oxygen,2010,9.53
Slovakia,Dissolved oxygen,2000,1.934
Spain,Nitrite,2004,0.054
Hungary,Nitrate,2006,2.2773
Hungary,Nitrate,2002,6.5406
Belgium,Ammonium,2009,0.02
Spain,Ammonium,2006,0.023
Hungary,Ammonium,2004,0.6287
Spain,Nitrite,2008,0.005
Belgium,Nitrite,2006,0.0064
Finland,Dissolved oxygen,2009,5.1
Spain,Nitrate,2010,3.5
Lithuania,Nitrate,2004,1.25
Spain,Ammonium,2007,0.218
Spain,Dissolved oxygen,2011,7.1
Finland,Dissolved oxygen,2012,11.75
Hungary,Nitrite,2007,0.0404
Finland,Nitrate,2011,0.88
Belgium,Nitrate,2001,27.906
Spain,Nitrate,2008,2.0
Spain,Ammonium,2012,0.025
Spain,Ammonium,2004,0.017
Hungary,Ammonium,2001,0.6371
Spain,Ammonium,2007,0.029
Spain,Nitrate,2011,4.0
Spain,Nitrate,2006,0.242
Finland,Nitrate,2008,0.22
Lithuania,Nitrite,2005,0.0024
Hungary,Nitrite,2007,0.031
Spain,Nitrite,2011,0.1
Spain,Nitrate,2007,3.0
Spain,Nitrate,2006,15.389
Netherlands,Nitrate,2009,81.89
Finland,Dissolved oxygen,2006,9.28
Finland,Dissolved oxygen,2010,11.65
Finland,Dissolved oxygen,2011,11.8
Hungary,Nitrite,2005,0.0095
Finland,Nitrate,2002,0.0421
Hungary,Nitrate,2001,6.8419
Hungary,Nitrate,2003,6.9274
Spain,Ammonium,2008,0.218
Spain,Ammonium,2006,0.025
Spain,Ammonium,2011,0.005
Spain,Nitrite,2011,0.023
Turkey,Dissolved oxygen,2009,6.45
Spain,Nitrite,2007,0.005
Hungary,Ammonium,2006,0.5284
Belgium,Nitrate,2011,14.31
Finland,Dissolved oxygen,2007,8.15
Spain,Nitrite,2011,0.023
Spain,Nitrite,2011,0.023
Spain,Nitrite,2006,0.18
Hungary,Nitrite,2004,0.0087
Finland,Nitrite,2012,0.0016
Belgium,Nitrate,2012,28.61
Spain,Nitrate,2007,63.125
Spain,Nitrate,2011,63.25
Spain,Nitrate,2008,13.6
Spain,Nitrate,2010,15.971
Spain,Ammonium,2004,0.086
Finland,Ammonium,2006,0.0064
Spain,Dissolved oxygen,2011,4.7
Spain,Nitrite,2012,0.06569
Spain,Dissolved oxygen,2008,5.4111
Finland,Ammonium,2012,0.0026
Belgium,Ammonium,2012,0.0261
Belgium,Ammonium,2007,0.018
Belgium,Nitrate,2010,9.11
Finland,Nitrate,2010,0.13
Finland,Nitrate,2012,0.25
Finland,Nitrate,2011,10.27
Romania,Nitrate,2009,2.32
Romania,Nitrate,2011,24.373
Spain,Nitrate,2010,16.8846
Spain,Nitrate,2008,3.867
Belgium,Nitrate,2007,16.3183
Belgium,Nitrate,2011,29.07
Belgium,Nitrate,2001,9.035
Hungary,Nitrate,2007,3.1602
Belgium,Nitrate,2009,12.9856
Lithuania,Nitrate,2001,0.99
Spain,Ammonium,2003,0.143
Spain,Ammonium,2010,0.05
Finland,Ammonium,2010,1.2621
Belgium,Nitrate,2010,29.24
Spain,Nitrate,2007,4.625
Spain,Nitrate,2009,2.7
Spain,Nitrate,2010,65.75
Spain,Nitrate,2010,2.4
Belgium,Nitrate,2007,28.8476
Finland,Nitrate,2010,0.03
Hungary,Nitrate,2004,1.0891
Hungary,Nitrate,2007,0.6189
Turkey,Nitrate,2009,0.474
Netherlands,Nitrate,2003,90.92
Finland,Nitrate,2004,0.05
Netherlands,Nitrate,2006,2.64
Spain,Nitrate,2011,2.0
Spain,Nitrate,2003,10.2
Belgium,Nitrate,2007,9.4381
Belgium,Nitrate,2012,9.71
Finland,Nitrate,2011,0.15
Romania,Nitrate,2010,1.41
Spain,Nitrate,2009,11.967
Spain,Nitrate,2011,21.55
Lithuania,Nitrate,2002,0.63
Finland,Nitrate,2008,0.03
Hungary,Nitrite,2001,0.0139
Spain,Dissolved oxygen,2011,4.75
Spain,Nitrite,2011,0.0483
Belgium,Ammonium,2011,0.01
Spain,Ammonium,2008,0.025
Belgium,Ammonium,2010,0.07
Spain,Ammonium,2004,0.116
Romania,Dissolved oxygen,2010,7.315
Lithuania,Nitrite,2001,0.103
Spain,Dissolved oxygen,2011,4.5
Belgium,Nitrate,2006,28.1455
Spain,Nitrate,2011,192.0
Spain,Nitrate,2006,13.1
Belgium,Ammonium,2006,0.0147
Spain,Ammonium,2008,0.065
Finland,Nitrate,2010,4.77
Hungary,Nitrate,2005,0.4071
Belgium,Nitrate,2003,9.514
Spain,Nitrate,2011,2.0
Finland,Dissolved oxygen,2012,7.5
Finland,Dissolved oxygen,2004,9.17
Belgium,Ammonium,2009,0.8032
Belgium,Ammonium,2002,0.018
Belgium,Ammonium,2003,0.011
Belgium,Ammonium,2005,0.01
Netherlands,Ammonium,2003,0.15
Bulgaria,Ammonium,2001,0.041
Finland,Ammonium,2008,0.0258
Hungary,Ammonium,2005,1.6083
Finland,Dissolved oxygen,2011,4.5
Finland,Dissolved oxygen,2010,1.95
Finland,Dissolved oxygen,2012,3.28
Spain,Nitrite,2010,0.025
Belgium,Nitrite,2004,0.005
Belgium,Nitrite,2010,0.01
Italy,Nitrite,2012,0.005
Finland,Dissolved oxygen,2007,6.82
Spain,Nitrite,2011,0.023
Hungary,Nitrite,2006,0.0163
Hungary,Nitrite,2007,0.0113
Spain,Dissolved oxygen,2011,7.0
Spain,Dissolved oxygen,2007,7.975
Finland,Nitrite,2010,0.025
Spain,Dissolved oxygen,2011,6.1
Spain,Dissolved oxygen,2011,8.75
Spain,Dissolved oxygen,2011,6.4
Belgium,Nitrate,2008,27.421
Romania,Nitrate,2009,39.628
Belgium,Nitrate,2008,29.3
Spain,Nitrate,2007,2.503
Spain,Nitrate,2003,2.35
Finland,Ammonium,2012,0.0013
Finland,Ammonium,2010,0.0013
Finland,Ammonium,2010,0.0013
Romania,Ammonium,2009,2.15
Spain,Ammonium,2009,0.041
Netherlands,Ammonium,2006,0.15
Finland,Nitrite,2012,0.1092
Finland,Dissolved oxygen,2012,3.92
Belgium,Nitrite,2001,0.007
Finland,Dissolved oxygen,2012,1.18
Finland,Ammonium,2000,0.0031
Finland,Ammonium,2010,0.1865
Finland,Ammonium,2012,0.9277
Belgium,Ammonium,2001,0.017
Belgium,Ammonium,2009,0.0129
Spain,Nitrate,2011,7.0
Belgium,Nitrate,2012,12.71
Spain,Nitrate,2006,2.5
Bulgaria,Nitrate,2002,12.036
Romania,Ammonium,2007,2.2
Spain,Ammonium,2003,0.173
Finland,Ammonium,2011,1.848
Belgium,Ammonium,2005,0.02
Belgium,Ammonium,2006,0.0214
Spain,Ammonium,2003,0.09
Spain,Ammonium,2007,0.023
Belgium,Nitrite,2011,0.01
Spain,Nitrite,2011,0.023
Spain,Dissolved oxygen,2011,7.2
Spain,Nitrite,2009,0.025
Spain,Nitrite,2011,0.023
Spain,Nitrite,2005,0.091
Spain,Nitrite,2007,0.045
Lithuania,Ammonium,2004,0.5
Belgium,Ammonium,2007,0.0317
Belgium,Ammonium,2001,0.016
Belgium,Ammonium,2011,0.01
Belgium,Nitrite,2008,0.007
Spain,Nitrite,2011,0.023
Spain,Dissolved oxygen,2007,9.6
Belgium,Nitrite,2009,0.0567
Spain,Nitrite,2008,0.005
Spain,Dissolved oxygen,2011,4.9
Spain,Nitrite,2011,0.023
Finland,Dissolved oxygen,2010,2.98
Finland,Nitrite,2011,0.082
Finland,Dissolved oxygen,2012,7.48
Bulgaria,Nitrate,2003,21.539
Netherlands,Nitrate,2002,0.66
Netherlands,Nitrate,2005,49.75
Cyprus,Nitrite,2000,0.0015
Bulgaria,Nitrite,2000,0.01
Finland,Dissolved oxygen,2010,8.0
Spain,Dissolved oxygen,2005,24.6
Belgium,Nitrite,2009,0.0201
Romania,Nitrite,2010,0.2
Spain,Nitrite,2011,0.0833
Belgium,Ammonium,2008,0.015
Belgium,Ammonium,2004,0.03
Belgium,Ammonium,2000,0.023
Belgium,Nitrite,2000,0.012
Belgium,Nitrite,2008,0.008
Spain,Dissolved oxygen,2011,7.2
Finland,Dissolved oxygen,2008,3.15
Belgium,Ammonium,2005,0.01
Spain,Ammonium,2004,0.025
Belgium,Ammonium,2002,0.023
Finland,Dissolved oxygen,2010,0.74
Romania,Nitrite,2007,0.07
Spain,Nitrite,2011,0.16
Spain,Nitrite,2009,0.028
Spain,Nitrite,2010,0.0375
Belgium,Nitrite,2002,0.009
Spain,Nitrite,2003,0.01
Spain,Nitrite,2005,0.08
Spain,Nitrite,2011,0.1
Spain,Nitrite,2012,1.19333
Belgium,Nitrite,2000,0.005
Bulgaria,Dissolved oxygen,2003,8.025
Hungary,Nitrite,2000,0.0139
Finland,Dissolved oxygen,2003,8.1
Turkey,Nitrite,2009,0.02
Belgium,Nitrite,2002,0.005
Belgium,Nitrite,2003,0.006
Finland,Dissolved oxygen,2012,0.4
Romania,Dissolved oxygen,2007,3.51
Romania,Dissolved oxygen,2009,5.09
Belgium,Nitrite,2010,0.01
Belgium,Nitrite,2006,0.0081
Spain,Dissolved oxygen,2008,4.615
Romania,Dissolved oxygen,2008,9.3
Spain,Nitrite,2009,0.038
Spain,Nitrite,2010,0.0011
Spain,Dissolved oxygen,2006,5.47
Romania,Dissolved oxygen,2007,9.85
Romania,Dissolved oxygen,2007,8.06
Bulgaria,Dissolved oxygen,2001,7.4
Spain,Ammonium,2008,0.0629
Spain,Ammonium,2005,0.04
Spain,Ammonium,2010,0.023
Belgium,Ammonium,2010,0.03
Belgium,Ammonium,2012,0.0477
Bulgaria,Ammonium,2004,0.093
Belgium,Ammonium,2006,0.0545
Spain,Ammonium,2006,0.023
Spain,Ammonium,2003,0.151
Belgium,Ammonium,2000,0.01
Spain,Ammonium,2012,0.1
Spain,Ammonium,2008,0.023
Finland,Ammonium,2003,0.0035
Spain,Ammonium,2008,0.279
Netherlands,Ammonium,2002,0.15
Netherlands,Ammonium,2005,0.15
Finland,Ammonium,2011,0.001
Finland,Ammonium,2012,2.7399
Spain,Ammonium,2003,0.032
Finland,Ammonium,2011,0.194
Finland,Ammonium,2010,0.1961
Romania,Ammonium,2007,0.109
Romania,Ammonium,2013,1.536
Belgium,Ammonium,2009,0.0257
Spain,Ammonium,2012,0.025
Spain,Ammonium,2008,0.1393
Romania,Ammonium,2016,0.18263
Romania,Ammonium,2010,0.433
Estonia,Ammonium,2014,0.26
Belgium,Ammonium,2010,0.02
Spain,Ammonium,2007,0.013
Spain,Ammonium,2007,0.023
Romania,Ammonium,2006,0.378
Romania,Ammonium,2013,0.235
Spain,Ammonium,2009,0.065
Bulgaria,Dissolved oxygen,2004,7.691
Romania,Nitrite,2011,0.021
Romania,Nitrite,2007,0.03
Spain,Dissolved oxygen,2008,7.2
Romania,Nitrite,2008,0.04
Spain,Nitrite,2010,0.0273
Belgium,Nitrite,2012,0.01
Spain,Dissolved oxygen,2011,4.9
Spain,Nitrite,2011,0.0472
Hungary,Nitrite,2002,0.0231
Spain,Nitrite,2006,0.038
Spain,Dissolved oxygen,2008,12.8
Belgium,Nitrite,2007,0.009
Romania,Ammonium,2017,0.234066666666667
Romania,Ammonium,2017,5.12233
Belgium,Nitrate,2008,74.346
Spain,Nitrate,2005,0.093
Lithuania,Nitrate,2001,0.32
Romania,Dissolved oxygen,2008,4.31
Spain,Dissolved oxygen,2012,7.705
Spain,Nitrite,2011,0.1
Hungary,Nitrite,2007,0.0052
Hungary,Nitrate,2007,0.5603
Belgium,Nitrate,2009,69.1407
Romania,Nitrate,2008,14.68
Spain,Nitrate,2010,39.5
Spain,Nitrate,2011,10.5
Romania,Ammonium,2013,3.89
Bulgaria,Ammonium,2002,0.034
Romania,Ammonium,2006,0.005
Finland,Dissolved oxygen,2009,8.1
Spain,Nitrite,2011,0.023
Spain,Nitrite,2004,0.012
Belgium,Nitrite,2011,0.13
Finland,Nitrate,2010,40.04
Hungary,Nitrate,2004,0.2715
Italy,Nitrate,2012,7.0
Finland,Nitrate,2011,1.61
Spain,Ammonium,2008,0.013
Romania,Ammonium,2007,0.108
Romania,Ammonium,2017,1.08333333333333
Romania,Ammonium,2017,0.276138888888889
Romania,Ammonium,2017,0.638833333333333
Hungary,Ammonium,2007,0.4696
Belgium,Ammonium,2008,0.022
Belgium,Ammonium,2012,0.0256
Belgium,Ammonium,2006,0.0187
Belgium,Ammonium,2008,0.018
Romania,Dissolved oxygen,2006,7.35
Spain,Dissolved oxygen,2004,10.3
Spain,Ammonium,2009,0.1
Spain,Ammonium,2003,0.04
Spain,Ammonium,2004,0.04
Spain,Ammonium,2012,25.0
Spain,Ammonium,2005,2.316
Finland,Nitrate,2007,0.06
Belgium,Nitrate,2000,16.459
Finland,Nitrate,2012,4.68
Finland,Dissolved oxygen,2010,8.15
Finland,Dissolved oxygen,2012,0.98
Finland,Dissolved oxygen,2011,2.1
Finland,Dissolved oxygen,2011,8.6
Hungary,Nitrite,2007,0.0196
Finland,Nitrate,2011,41.33
Spain,Nitrate,2011,59.0
Romania,Nitrate,2016,22.04783
Spain,Nitrate,2011,10.0
Spain,Nitrate,2004,13.067
Belgium,Nitrate,2009,6.7189
Belgium,Nitrate,2002,26.808
Belgium,Nitrate,2005,22.32
Romania,Nitrate,2007,17.72
Spain,Dissolved oxygen,2011,5.3
Spain,Nitrite,2009,0.005
Finland,Dissolved oxygen,2010,3.55
Romania,Ammonium,2016,0.124
Belgium,Ammonium,2002,0.019
Hungary,Ammonium,2004,0.8718
Spain,Ammonium,2009,0.065
Hungary,Ammonium,2006,0.696
Finland,Ammonium,2000,0.0019
Romania,Dissolved oxygen,2008,7.587
Romania,Nitrite,2013,0.01
Slovakia,Nitrite,2000,0.0302
Spain,Dissolved oxygen,2008,6.298
Bulgaria,Dissolved oxygen,2001,4.897
Romania,Ammonium,2007,0.008
Romania,Ammonium,2008,0.03
Spain,Ammonium,2006,0.04
Spain,Ammonium,2010,0.065
Spain,Ammonium,2011,0.0005
Spain,Ammonium,2011,0.02
Romania,Ammonium,2016,3.5709
Romania,Ammonium,2009,0.105
Romania,Ammonium,2011,0.17
Romania,Ammonium,2013,0.116
Finland,Ammonium,2006,0.0034
Spain,Nitrate,2007,12.233
Estonia,Nitrate,2014,10.7
Belgium,Nitrate,2007,53.54
Spain,Nitrate,2009,46.0
Romania,Nitrate,2009,13.507
Romania,Nitrate,2011,14.686
Spain,Nitrate,2003,2.0
Belgium,Nitrate,2000,10.399
Belgium,Nitrite,2006,0.0081
Belgium,Nitrite,2011,0.01
Romania,Ammonium,2009,2.51
Spain,Ammonium,2010,0.0472
Romania,Ammonium,2016,1.74913
Romania,Ammonium,2011,1.5
Romania,Ammonium,2017,0.154142857142857
Romania,Ammonium,2017,0.12125
Romania,Ammonium,2017,2.59125
Slovakia,Ammonium,2000,0.0248
Romania,Ammonium,2017,0.27125
Romania,Ammonium,2017,0.194
Romania,Ammonium,2007,0.476
Spain,Ammonium,2010,0.0056
Romania,Ammonium,2011,2.55
Spain,Ammonium,2006,0.546
Spain,Ammonium,2009,0.125
Romania,Ammonium,2008,1.24
Spain,Nitrate,2005,15.85
Romania,Nitrate,2008,30.69
Romania,Nitrate,2010,1.105
Romania,Nitrate,2017,2.72642857142857
Romania,Nitrate,2017,9.1167
Romania,Dissolved oxygen,2011,4.54
Romania,Nitrite,2008,0.08
Bulgaria,Nitrite,2003,0.017
Romania,Nitrite,2010,0.096
Spain,Dissolved oxygen,2005,8.8
Spain,Nitrate,2007,51.725
Romania,Nitrate,2017,2.62293333333333
Romania,Nitrate,2017,6.238
Romania,Nitrate,2013,2.352
Romania,Nitrate,2013,13.756
Romania,Nitrate,2017,6.5348
Finland,Ammonium,2010,16.085
Romania,Ammonium,2017,0.631524999999999
Romania,Ammonium,2009,0.55
Romania,Nitrite,2016,0.0402
Romania,Dissolved oxygen,2017,3.84285714285714
Romania,Nitrite,2017,0.034
Romania,Dissolved oxygen,2017,6.19333333333333
Romania,Nitrite,2013,0.015
Spain,Ammonium,2003,1.766
Spain,Ammonium,2004,0.495
Romania,Ammonium,2006,2.16
Spain,Ammonium,2008,0.0875
Romania,Ammonium,2013,0.177
Belgium,Nitrate,2004,36.042
Romania,Nitrate,2010,56.41
Spain,Nitrate,2008,59.5
Romania,Dissolved oxygen,2013,6.082
Romania,Nitrite,2013,0.01
Romania,Dissolved oxygen,2013,3.16
Romania,Nitrite,2016,0.06435
Finland,Nitrate,2010,1.05
Finland,Nitrate,2011,1.79
Hungary,Nitrate,2003,0.8279
Hungary,Nitrate,2005,0.8197
Romania,Ammonium,2017,1.03079166666667
Slovakia,Ammonium,2000,0.1066
Estonia,Ammonium,2014,0.28
Romania,Dissolved oxygen,2017,4.236
Romania,Nitrite,2009,0.035
Romania,Dissolved oxygen,2009,5.633
Romania,Nitrite,2017,0.0167
Romania,Dissolved oxygen,2017,3.7
Romania,Nitrite,2017,0.013
Romania,Nitrite,2008,0.013
Belgium,Nitrate,2011,42.9
Belgium,Nitrate,2012,39.4
Belgium,Nitrate,2010,32.13
Romania,Nitrate,2010,10.989
Spain,Nitrate,2008,58.4
Romania,Nitrate,2006,26.54
Romania,Dissolved oxygen,2010,5.536
Spain,Nitrite,2011,0.1
Spain,Dissolved oxygen,2003,8.0
Spain,Nitrite,2012,0.06569
Romania,Dissolved oxygen,2016,5.3186
Romania,Nitrite,2006,0.03
Romania,Nitrate,2008,3.42
Romania,Nitrate,2016,20.69704
Netherlands,Nitrate,2007,68.2
Spain,Nitrate,2006,2.8
Spain,Nitrate,2008,2.35
Romania,Nitrate,2006,22.39
Romania,Nitrate,2013,35.523
Romania,Nitrate,2017,2.79081538461538
Romania,Nitrate,2017,6.45066666666666
Romania,Nitrate,2017,10.0979090909091
Spain,Dissolved oxygen,2012,8.875
Spain,Nitrite,2004,0.033
Spain,Nitrite,2006,0.16
Spain,Dissolved oxygen,2006,8.6
Romania,Nitrate,2016,0.26775
Romania,Nitrate,2017,17.6005185185185
Romania,Nitrate,2017,27.917375
Romania,Nitrate,2011,1.482
Romania,Nitrate,2017,24.571875
Belgium,Nitrate,2011,26.55
Estonia,Nitrate,2014,0.4
Romania,Dissolved oxygen,2009,7.43
Belgium,Nitrate,2010,37.67
Belgium,Nitrate,2011,59.08
Spain,Nitrate,2007,105.7
Spain,Nitrite,2010,0.0012
Spain,Nitrite,2006,0.01
Spain,Nitrite,2008,0.005
Spain,Nitrite,2011,0.1
Romania,Nitrite,2011,0.026
Romania,Dissolved oxygen,2006,6.57
Romania,Dissolved oxygen,2013,6.19
Romania,Dissolved oxygen,2013,4.2
Spain,Nitrite,2007,0.005
Romania,Dissolved oxygen,2016,5.74826
Romania,Nitrite,2017,0.0174166666666667
Romania,Dissolved oxygen,2017,5.8
Romania,Nitrite,2010,0.123
Romania,Nitrite,2011,0.022
Romania,Dissolved oxygen,2010,5.975
Romania,Nitrate,2011,20.339
Romania,Nitrate,2013,7.838
Romania,Nitrate,2016,13.0363
Romania,Nitrate,2017,2.25875
Romania,Nitrate,2017,23.04575
Romania,Nitrate,2017,0.174
Romania,Nitrite,2017,0.0251587301587301
Finland,Nitrite,2011,0.053
Finland,Dissolved oxygen,2010,0.1
Romania,Dissolved oxygen,2017,4.78275
Romania,Nitrite,2017,0.033
Romania,Nitrite,2017,0.03186
Spain,Nitrite,2012,0.06569
Romania,Nitrite,2006,0.04
Romania,Nitrite,2011,0.11
Belgium,Ammonium,2011,0.01
Romania,Ammonium,2013,0.073
Belgium,Ammonium,2000,0.023
Spain,Ammonium,2006,0.023
Spain,Dissolved oxygen,2005,7.9
Romania,Nitrite,2016,0.0216
Romania,Dissolved oxygen,2009,3.2
Finland,Dissolved oxygen,2006,10.33
Romania,Ammonium,2010,1.25
Romania,Ammonium,2009,0.802
Romania,Ammonium,2011,0.45
Romania,Ammonium,2016,0.3688
Romania,Ammonium,2017,0.382941176470588
Romania,Ammonium,2017,0.27025
Romania,Ammonium,2017,2.323109375
Hungary,Ammonium,2003,0.8037
Hungary,Ammonium,2005,0.88
Hungary,Ammonium,2007,0.465
Romania,Nitrate,2016,19.0699
Romania,Nitrate,2017,32.220325
Romania,Nitrite,2007,0.206
Romania,Dissolved oxygen,2006,5.79
Romania,Dissolved oxygen,2016,3.4615
Romania,Nitrite,2017,0.0316666666666667
Romania,Dissolved oxygen,2017,6.99407407407408
Estonia,Ammonium,2014,0.23875
Romania,Ammonium,2007,29.923
Romania,Ammonium,2009,0.271
Romania,Ammonium,2011,0.09
Belgium,Ammonium,2008,0.012
Romania,Ammonium,2013,2.822
Romania,Nitrate,2017,32.94
Romania,Nitrate,2007,3.55
Belgium,Nitrate,2006,32.0
Romania,Nitrate,2013,18.702
Romania,Nitrite,2017,0.08086
Romania,Nitrite,2017,0.1492
Romania,Dissolved oxygen,2017,4.74571428571429
Romania,Dissolved oxygen,2010,3.99
Romania,Nitrite,2011,0.032
Romania,Nitrite,2008,0.02
Romania,Ammonium,2013,0.112
Belgium,Ammonium,2009,0.0465
Spain,Ammonium,2011,0.005
Romania,Ammonium,2017,0.155142857142857
Romania,Ammonium,2017,1.25158
Romania,Ammonium,2017,1.54852777777778
Belgium,Ammonium,2007,0.0123
Romania,Nitrite,2009,0.06
Romania,Dissolved oxygen,2006,3.79
Romania,Dissolved oxygen,2007,5.62
Romania,Dissolved oxygen,2016,4.9413
Romania,Nitrite,2016,0.010457
Romania,Nitrite,2017,0.0235714285714286
Belgium,Ammonium,2010,0.04
Belgium,Ammonium,2008,0.047
Romania,Ammonium,2010,0.54
Romania,Ammonium,2011,0.31
Finland,Ammonium,2011,0.001
Slovakia,Dissolved oxygen,2000,1.0679
Romania,Dissolved oxygen,2009,5.149
Romania,Dissolved oxygen,2010,6.236
Romania,Dissolved oxygen,2007,4.98
Romania,Dissolved oxygen,2008,6.03
Romania,Ammonium,2013,0.463
Romania,Ammonium,2013,0.325
Estonia,Ammonium,2014,5.69
Belgium,Ammonium,2006,0.7394
Romania,Ammonium,2017,0.031
Romania,Nitrite,2006,0.026
Romania,Dissolved oxygen,2008,5.5
Romania,Dissolved oxygen,2011,5.77
Romania,Nitrite,2009,0.028
Romania,Nitrite,2013,0.02
Romania,Dissolved oxygen,2017,6.09
Romania,Nitrite,2017,0.012465
Romania,Dissolved oxygen,2017,5.58
Belgium,Nitrite,2009,0.0352
Belgium,Nitrite,2007,0.0082
Belgium,Ammonium,2006,0.0342
Romania,Ammonium,2013,1.21
Romania,Ammonium,2013,0.141
Estonia,Ammonium,2014,0.07
Estonia,Ammonium,2014,0.1258333333
Finland,Ammonium,2008,0.0018
Belgium,Ammonium,2006,0.0282
Romania,Dissolved oxygen,2017,5.55833333333333
Romania,Dissolved oxygen,2013,4.725
Romania,Nitrite,2013,0.073
Romania,Dissolved oxygen,2013,6.85
Romania,Nitrate,2013,13.24
Belgium,Nitrate,2011,45.1
Belgium,Nitrate,2011,7.71
Spain,Nitrate,2008,0.25
Belgium,Nitrite,2008,0.054
Spain,Nitrite,2007,0.009
Romania,Dissolved oxygen,2013,6.175
Romania,Nitrite,2013,0.034
Romania,Dissolved oxygen,2013,6.224
Belgium,Ammonium,2010,0.02
Belgium,Ammonium,2010,0.01
Romania,Ammonium,2013,0.474
Romania,Ammonium,2013,0.128
Hungary,Nitrate,2007,1.8095
Belgium,Nitrate,2005,35.02
Romania,Nitrate,2013,0.354
Romania,Nitrate,2013,26.37
Romania,Dissolved oxygen,2017,4.3825
Romania,Nitrite,2017,0.0166851851851852
Belgium,Nitrate,2015,58.7
Belgium,Nitrate,2015,41.2
Belgium,Nitrate,2015,13.1
Belgium,Nitrate,2015,14.7
Estonia,Nitrate,2014,4.1333333333
Romania,Nitrate,2017,10.254625
Romania,Dissolved oxygen,2013,6.807
Romania,Nitrite,2016,0.02297
Romania,Dissolved oxygen,2017,5.60866666666667
Romania,Nitrite,2017,0.2555
Romania,Dissolved oxygen,2017,3.245
Romania,Nitrite,2017,0.1245
Romania,Nitrite,2017,0.01
Spain,Nitrite,2012,0.005
Romania,Nitrite,2013,0.012
Romania,Dissolved oxygen,2013,4.0
Romania,Dissolved oxygen,2013,6.893
Romania,Nitrite,2013,0.065
Belgium,Nitrite,2011,0.01
Romania,Dissolved oxygen,2017,5.00583333333333
Romania,Nitrite,2017,0.01078125
Romania,Nitrite,2010,0.028
Romania,Dissolved oxygen,2011,6.38
Belgium,Nitrate,2003,24.933
Romania,Nitrate,2013,61.692
Romania,Nitrite,2013,0.013
Belgium,Nitrite,2008,0.034
Belgium,Nitrite,2010,0.008
Belgium,Nitrite,2007,0.012
Estonia,Nitrite,2014,0.004
Romania,Dissolved oxygen,2009,4.41
Belgium,Ammonium,2012,0.6695
Romania,Ammonium,2017,0.2308
Romania,Ammonium,2008,0.41
Belgium,Ammonium,2007,0.0236
Belgium,Ammonium,2010,0.03
Belgium,Ammonium,2007,0.0114
Romania,Ammonium,2013,0.031
Romania,Ammonium,2013,0.724
Belgium,Ammonium,2003,0.01
Spain,Ammonium,2010,0.115
Spain,Ammonium,2008,0.023
Estonia,Ammonium,2014,0.51
Romania,Nitrite,2017,0.01
Hungary,Nitrite,2007,0.021
Estonia,Nitrite,2014,0.004
Estonia,Nitrite,2014,0.0053333333
Belgium,Nitrite,2006,0.0066
Belgium,Nitrite,2007,0.0053
Romania,Nitrite,2013,0.033
Romania,Dissolved oxygen,2013,5.94
Romania,Nitrite,2013,0.01
Estonia,Nitrite,2014,0.004
Estonia,Nitrite,2014,0.004
Romania,Dissolved oxygen,2007,5.507
Romania,Nitrite,2017,0.187833333333333
Belgium,Nitrite,2003,0.006
Estonia,Nitrite,2014,0.0045833333
Belgium,Nitrite,2011,0.01
Spain,Dissolved oxygen,2011,7.1
Belgium,Nitrite,2006,0.0342
Belgium,Nitrite,2009,0.0059
Romania,Dissolved oxygen,2013,4.9
Romania,Dissolved oxygen,2010,5.366
Belgium,Nitrite,2010,0.005
Spain,Nitrite,2008,0.041
Belgium,Nitrite,2012,0.0099
Romania,Nitrite,2013,0.045
Romania,Dissolved oxygen,2013,6.56
Romania,Dissolved oxygen,2013,5.632
Belgium,Nitrite,2010,0.008
Belgium,Nitrite,2006,0.004
Spain,Dissolved oxygen,2012,8.43333
Spain,Nitrite,2011,0.023
Spain,Nitrite,2008,0.026
Romania,Nitrite,2013,0.023
Romania,Dissolved oxygen,2013,1.978
Romania,Nitrite,2013,0.018
Slovakia,Dissolved oxygen,2000,1.6313
Estonia,Nitrite,2014,0.004
Estonia,Nitrite,2014,0.004
Spain,Dissolved oxygen,2008,5.75
Romania,Ammonium,2013,0.259
Netherlands,Ammonium,2007,0.15
Bulgaria,Ammonium,2001,0.047
Spain,Ammonium,2005,0.023
Spain,Ammonium,2012,0.1
Belgium,Nitrite,2015,0.03
Belgium,Nitrite,2015,0.03
Belgium,Nitrite,2015,0.046
Romania,Nitrite,2013,0.01
Romania,Dissolved oxygen,2013,5.877
Romania,Nitrite,2013,0.04
Romania,Dissolved oxygen,2013,7.377
Estonia,Nitrite,2014,0.004
Romania,Ammonium,2008,0.076
Estonia,Ammonium,2014,0.07
Finland,Ammonium,2011,0.09
Finland,Ammonium,2012,8.1863
Romania,Ammonium,2006,0.127
Romania,Ammonium,2007,0.569
Romania,Ammonium,2010,0.197
Romania,Ammonium,2017,0.1246
Romania,Ammonium,2006,0.397
Romania,Ammonium,2008,0.678
Estonia,Nitrite,2014,0.004
Spain,Nitrite,2009,0.005
Romania,Dissolved oxygen,2006,5.41
Romania,Dissolved oxygen,2008,5.85
Romania,Dissolved oxygen,2011,2.59
Spain,Dissolved oxygen,2006,6.9
Spain,Nitrite,2003,0.02
Spain,Dissolved oxygen,2006,8.25
Finland,Dissolved oxygen,2003,10.65
Estonia,Ammonium,2014,0.1675
Estonia,Ammonium,2014,0.1816666667
Romania,Ammonium,2011,0.24
Finland,Dissolved oxygen,2009,11.25
Romania,Dissolved oxygen,2011,5.83
Romania,Ammonium,2013,0.046
Spain,Ammonium,2012,0.05
Spain,Ammonium,2008,0.022
Romania,Ammonium,2008,0.193
Romania,Nitrite,2013,0.023
Romania,Dissolved oxygen,2013,3.625
Romania,Nitrite,2016,0.04224
Romania,Dissolved oxygen,2016,6.28037
Romania,Nitrite,2017,0.0355404411764706
Romania,Dissolved oxygen,2017,6.8875
Romania,Nitrite,2007,0.046
Romania,Nitrite,2009,0.006
Romania,Nitrite,2017,0.01
Romania,Nitrite,2017,0.0117083333333333
Slovakia,Nitrite,2000,0.0194
Romania,Nitrite,2013,0.028
Romania,Dissolved oxygen,2013,4.183
Romania,Nitrite,2013,0.048
Finland,Dissolved oxygen,2011,0.5
Spain,Nitrite,2010,0.01
Spain,Dissolved oxygen,2012,8.6
Romania,Dissolved oxygen,2011,6.66
Spain,Dissolved oxygen,2007,7.1
Belgium,Nitrite,2011,0.1
Romania,Dissolved oxygen,2010,6.277
Finland,Dissolved oxygen,2010,7.15
Spain,Nitrite,2011,0.025
Spain,Dissolved oxygen,2012,3.45
Belgium,Nitrite,2015,0.035
Belgium,Nitrite,2015,0.037
Romania,Ammonium,2009,0.167
Hungary,Ammonium,2005,1.0019
Romania,Ammonium,2011,0.24
Romania,Ammonium,2006,0.068
Estonia,Nitrate,2014,0.4
Belgium,Nitrate,2012,17.56
Spain,Nitrate,2007,2.062
Belgium,Nitrite,2015,0.03
Belgium,Nitrite,2015,0.108
Slovakia,Nitrite,2000,0.01
Romania,Nitrite,2007,0.032
Estonia,Ammonium,2014,0.1996376812
Estonia,Ammonium,2014,0.07
Hungary,Ammonium,2001,0.8013
Finland,Ammonium,2011,0.38
Spain,Dissolved oxygen,2010,8.225
Spain,Nitrite,2009,0.038
Romania,Nitrite,2009,0.008
Romania,Dissolved oxygen,2008,5.857
Spain,Nitrite,2009,0.005
Spain,Nitrite,2011,0.025
Spain,Dissolved oxygen,2008,6.75
Finland,Dissolved oxygen,2011,3.3
Finland,Nitrite,2010,0.0394
Finland,Nitrite,2012,0.0788
Spain,Nitrite,2003,0.005
Romania,Nitrite,2008,0.016
Romania,Nitrite,2011,0.021
Romania,Nitrite,2011,0.021
Spain,Dissolved oxygen,2005,6.3
Spain,Dissolved oxygen,2006,6.2
Belgium,Nitrite,2015,0.11
Belgium,Nitrite,2015,0.034
Romania,Ammonium,2007,0.068
Belgium,Ammonium,2015,0.41
Belgium,Ammonium,2015,0.1
Netherlands,Ammonium,2001,3.03
Belgium,Ammonium,2015,0.72
Spain,Ammonium,2007,0.053
Romania,Nitrate,2009,2.02
Estonia,Nitrate,2014,0.4
Romania,Nitrate,2013,5.955
Spain,Ammonium,2009,0.091
Estonia,Ammonium,2014,0.395952381
Spain,Ammonium,2012,0.1
Spain,Ammonium,2009,0.05
Romania,Ammonium,2010,0.231
Spain,Ammonium,2009,0.05
Spain,Ammonium,2007,0.021
Romania,Ammonium,2008,0.359
Belgium,Nitrate,2003,77.533
Estonia,Nitrate,2014,0.4
Belgium,Ammonium,2010,0.62
Belgium,Ammonium,2008,0.025
Romania,Ammonium,2013,1.051
Hungary,Ammonium,2001,1.0515
Romania,Ammonium,2009,0.046
Romania,Ammonium,2011,2.19
Estonia,Nitrate,2014,0.4
Estonia,Nitrate,2014,0.4
Romania,Nitrate,2011,0.089
Belgium,Nitrate,2011,17.19
Belgium,Nitrate,2006,17.7181
Spain,Nitrate,2008,1.588
Belgium,Nitrite,2015,0.051
Romania,Dissolved oxygen,2013,6.316
Spain,Nitrite,2010,0.025
Belgium,Nitrite,2015,0.291
Romania,Nitrate,2017,17.6563888888889
Romania,Nitrate,2013,0.28
Romania,Nitrate,2013,11.318
Belgium,Nitrate,2010,18.14
Spain,Nitrate,2008,24.917
Romania,Nitrate,2013,5.546
Belgium,Nitrate,2012,42.27
Belgium,Nitrate,2008,13.183
Spain,Nitrate,2006,1.565
Spain,Nitrate,2012,9.05625
Romania,Nitrate,2013,22.571
Spain,Nitrate,2011,1.4025
Spain,Nitrate,2007,1.417
Belgium,Nitrate,2015,31.19
Belgium,Nitrate,2015,5.64
Romania,Nitrate,2013,25.887
Estonia,Nitrate,2014,0.4
Spain,Nitrate,2010,1.4775
Belgium,Nitrate,2009,27.9106
Estonia,Nitrate,2014,0.4
Romania,Nitrate,2007,6.245
Finland,Nitrate,2010,35.42
Finland,Nitrate,2012,19.19
Spain,Nitrate,2007,4.7
Belgium,Nitrite,2015,0.066
Belgium,Dissolved oxygen,2015,1.58
Montenegro,Dissolved oxygen,2006,9.4
Spain,Dissolved oxygen,2008,8.683
Belgium,Nitrite,2015,0.03
Belgium,Dissolved oxygen,2015,2.22
Belgium,Dissolved oxygen,2015,5.31
Montenegro,Dissolved oxygen,2006,9.5
Montenegro,Nitrite,2007,0.001
Spain,Dissolved oxygen,2009,7.943
Spain,Nitrite,2006,0.08
Spain,Nitrite,2007,0.016
Romania,Nitrite,2010,0.032
Romania,Dissolved oxygen,2007,2.531
Spain,Nitrite,2007,0.037
Romania,Dissolved oxygen,2013,5.326
Romania,Nitrite,2013,0.01
Estonia,Nitrite,2014,0.0044285714
Romania,Nitrite,2010,0.01
Romania,Dissolved oxygen,2007,2.9
Spain,Nitrite,2012,0.025
Belgium,Nitrite,2015,0.062
Belgium,Nitrite,2015,0.077
Belgium,Dissolved oxygen,2015,5.61
Belgium,Ammonium,2012,0.02784
Romania,Ammonium,2013,0.546
Romania,Ammonium,2013,2.287
Hungary,Ammonium,2000,1.0097
Belgium,Ammonium,2015,0.1
Belgium,Ammonium,2015,1.81
Romania,Ammonium,2013,0.052
Romania,Nitrate,2007,8.97
Romania,Nitrate,2016,0.2873
Romania,Nitrate,2017,28.975
Romania,Nitrate,2017,8.21921
Romania,Nitrate,2017,67.425135
Spain,Ammonium,2009,0.023
Spain,Ammonium,2006,0.129
Spain,Ammonium,2012,25.0
Spain,Ammonium,2006,0.023
Romania,Nitrate,2013,0.495
Estonia,Nitrate,2014,1.6166666667
Belgium,Nitrate,2014,34.9
Belgium,Nitrate,2014,41.0
Belgium,Nitrate,2013,39.7
Belgium,Ammonium,2015,0.23
Belgium,Ammonium,2015,0.23
Spain,Ammonium,2007,0.316
Spain,Ammonium,2008,0.153
Spain,Ammonium,2006,0.025
Romania,Dissolved oxygen,2017,4.94375
Belgium,Nitrite,2007,0.0082
Belgium,Nitrite,2006,0.0064
Spain,Ammonium,2011,0.021
Spain,Ammonium,2009,0.05
Slovakia,Ammonium,2000,0.3429
Belgium,Ammonium,2015,1.84
Belgium,Ammonium,2015,2.15
Belgium,Nitrate,2013,1.0
Spain,Nitrate,2006,22.7
Estonia,Nitrate,2014,22.8229508197
Hungary,Nitrate,2000,1.4345
Hungary,Nitrate,2002,1.2668
Belgium,Nitrite,2008,0.008
Belgium,Nitrite,2009,0.0058
Romania,Nitrite,2013,0.01
Romania,Dissolved oxygen,2013,5.882
Romania,Nitrite,2013,0.01
Belgium,Nitrite,2006,0.0104
Montenegro,Dissolved oxygen,2007,9.6
Montenegro,Nitrite,2007,0.001
Spain,Nitrite,2007,0.04
Spain,Nitrite,2010,0.005
Romania,Nitrate,2013,23.312
Romania,Nitrate,2010,22.105
Romania,Nitrate,2006,20.415
Spain,Nitrate,2011,2.0
Belgium,Nitrate,2015,62.8
Belgium,Nitrate,2015,15.13
Romania,Nitrate,2013,3.122
Romania,Nitrate,2013,15.319
Romania,Nitrite,2006,0.03
Spain,Nitrite,2010,0.023
Spain,Nitrite,2006,0.005
Montenegro,Nitrite,2006,0.002
Spain,Nitrite,2008,0.035
Spain,Nitrate,2012,1.8
Spain,Nitrate,2010,11.18
Spain,Nitrite,2011,0.025
Spain,Dissolved oxygen,2007,7.6
Spain,Dissolved oxygen,2012,7.175
Spain,Nitrite,2008,0.029
Montenegro,Dissolved oxygen,2006,10.4
Spain,Ammonium,2008,0.237
Belgium,Ammonium,2015,0.98
Belgium,Ammonium,2015,0.42
Belgium,Ammonium,2015,1.14
Belgium,Ammonium,2015,0.71
Montenegro,Ammonium,2006,0.3
Finland,Nitrate,2012,1.68
Spain,Nitrate,2006,134.0
Spain,Nitrate,2007,22.15
Romania,Ammonium,2017,0.57646
Hungary,Ammonium,2000,0.8765
Hungary,Ammonium,2002,0.9324
Belgium,Ammonium,2007,0.0332
Belgium,Nitrate,2015,3.41
Romania,Nitrate,2013,22.973
Belgium,Nitrate,2007,40.5236
Romania,Nitrate,2013,8.969
Hungary,Nitrate,2004,0.7272
Belgium,Nitrate,2015,56.71
Belgium,Nitrate,2015,66.73
Romania,Nitrate,2013,0.441
Spain,Nitrate,2007,13.65
Spain,Nitrate,2003,21.9
Spain,Nitrate,2011,55.6
Spain,Nitrate,2003,10.0
Spain,Nitrate,2006,0.5
Spain,Nitrate,2010,1.4
Spain,Nitrite,2009,0.016
Spain,Nitrite,2006,0.005
Spain,Nitrite,2008,0.025
Spain,Dissolved oxygen,2008,7.725
Spain,Nitrite,2003,0.005
Turkey,Nitrate,2005,0.665
Turkey,Nitrate,2007,12.5625
Montenegro,Nitrate,2006,23.92
Montenegro,Nitrate,2007,29.86
Spain,Nitrate,2010,3.565
Spain,Nitrite,2012,0.0017
Montenegro,Dissolved oxygen,2007,8.6
Spain,Nitrite,2009,0.025
Spain,Nitrite,2007,0.037
Spain,Ammonium,2009,0.065
Spain,Ammonium,2007,0.064
Spain,Ammonium,2011,0.005
Spain,Ammonium,2007,0.031
Spain,Nitrate,2006,10.3
Spain,Nitrate,2006,1.0
Hungary,Nitrate,2001,1.6145
Slovakia,Nitrate,2000,11.2548
Romania,Nitrate,2013,0.866
Estonia,Nitrite,2014,0.004
Spain,Dissolved oxygen,2009,7.825
Spain,Nitrite,2012,0.03
Romania,Ammonium,2013,1.511
Romania,Ammonium,2013,0.443
Finland,Ammonium,2009,0.0052
Belgium,Ammonium,2011,0.09
Belgium,Ammonium,2009,0.0129
Belgium,Ammonium,2011,0.03
Belgium,Ammonium,2015,0.35
Spain,Ammonium,2006,0.09
Spain,Ammonium,2003,0.023
Spain,Ammonium,2007,0.252
Spain,Ammonium,2010,0.2222
Romania,Nitrate,2013,26.433
Estonia,Nitrate,2014,0.7571428571
Spain,Nitrate,2008,7.458
Spain,Nitrate,2009,13.109
Belgium,Nitrite,2015,0.157
Belgium,Nitrite,2015,0.037
Spain,Nitrite,2010,0.0198
Spain,Nitrite,2007,0.022
Montenegro,Nitrite,2006,0.001
Montenegro,Dissolved oxygen,2006,9.3
Belgium,Nitrite,2015,0.03
Finland,Dissolved oxygen,2011,7.2
Spain,Nitrite,2008,0.025
Romania,Dissolved oxygen,2013,4.24
Spain,Nitrate,2008,5.973
Spain,Nitrate,2010,12.45
Sweden,Nitrate,2006,0.2303
Romania,Nitrite,2013,0.014
Montenegro,Nitrate,2007,4.07
Spain,Nitrate,2010,26.75
Spain,Nitrate,2012,31.36667
Belgium,Nitrate,2015,35.55
Belgium,Nitrate,2015,5.81
Finland,Nitrate,2006,0.72
Belgium,Nitrate,2001,34.416
Spain,Nitrate,2008,2.579
Sweden,Nitrate,2000,0.13
Spain,Dissolved oxygen,2011,8.3
Spain,Dissolved oxygen,2009,6.925
Montenegro,Dissolved oxygen,2007,9.0
Montenegro,Nitrite,2006,0.066
Spain,Nitrite,2008,0.035
Spain,Nitrate,2008,4.95
Belgium,Ammonium,2011,0.02
Spain,Ammonium,2010,0.025
Spain,Ammonium,2009,0.036
Spain,Nitrate,2011,4.0
Spain,Nitrate,2009,4.5
Spain,Nitrate,2007,20.5
Romania,Nitrate,2009,12.76
Romania,Nitrate,2011,99.64
Belgium,Nitrate,2007,32.7789
Finland,Nitrate,2010,6.22
Finland,Nitrate,2012,4.84
Spain,Nitrate,2009,5.878
Montenegro,Nitrate,2006,22.74
Montenegro,Nitrate,2007,26.54
Spain,Nitrate,2004,47.4
Spain,Nitrate,2006,2.5
Spain,Nitrate,2004,33.911
Spain,Nitrate,2010,25.5
Spain,Nitrite,2008,0.005
Spain,Nitrite,2006,0.011
Spain,Nitrite,2006,0.01
Spain,Nitrate,2007,31.5
Spain,Nitrate,2006,13.833
Hungary,Nitrate,2006,1.769
Hungary,Nitrate,2007,0.425
Belgium,Ammonium,2015,0.14
Montenegro,Ammonium,2007,0.21
Montenegro,Ammonium,2006,0.05
Belgium,Nitrite,2001,0.006
Belgium,Nitrite,2012,0.0096
Hungary,Ammonium,2004,1.0983
Spain,Ammonium,2010,0.05
Spain,Ammonium,2007,0.155
Spain,Ammonium,2008,0.084
Spain,Ammonium,2010,0.023
Spain,Ammonium,2012,0.65154
Spain,Ammonium,2008,0.048
Spain,Ammonium,2012,25.0
Estonia,Dissolved oxygen,2014,4.7753846154
Estonia,Nitrite,2014,0.0238333333
Estonia,Dissolved oxygen,2014,7.2352941176
Estonia,Nitrite,2014,0.0145
Romania,Dissolved oxygen,2009,5.416
Spain,Nitrite,2006,0.193
Lithuania,Dissolved oxygen,2000,1.18
Spain,Dissolved oxygen,2007,8.175
Lithuania,Nitrite,2004,0.002
Montenegro,Ammonium,2006,0.09
Spain,Ammonium,2006,0.04
Hungary,Ammonium,2003,1.02
Estonia,Ammonium,2014,0.12
Romania,Ammonium,2008,0.143
Romania,Ammonium,2010,0.239
Spain,Ammonium,2008,0.03
Spain,Ammonium,2008,0.019
Sweden,Nitrate,2001,0.09
Sweden,Nitrate,2003,0.08
Finland,Nitrate,2002,0.609
Montenegro,Nitrate,2006,0.34
Spain,Nitrite,2011,0.023
Spain,Nitrite,2011,0.025
Spain,Nitrite,2003,0.008
Spain,Nitrite,2009,0.005
Netherlands,Ammonium,2000,5.88
Spain,Ammonium,2010,0.03
Montenegro,Ammonium,2007,0.15
Spain,Ammonium,2006,0.023
Spain,Ammonium,2009,0.023
Spain,Ammonium,2007,0.023
Spain,Ammonium,2004,0.065
Spain,Ammonium,2008,0.026
Spain,Ammonium,2012,0.023
Hungary,Ammonium,2007,1.2757
Spain,Nitrite,2009,0.01
Belgium,Nitrite,2007,0.0039
Spain,Nitrite,2005,0.005
Montenegro,Nitrite,2006,0.001
Turkey,Nitrate,2006,12.34
Finland,Nitrate,2009,0.73
Belgium,Nitrate,2003,29.874
Belgium,Nitrate,2015,18.5
Belgium,Nitrate,2014,6.2
Belgium,Nitrate,2013,64.3
Belgium,Nitrate,2013,26.7
Spain,Nitrate,2009,0.6
Spain,Nitrate,2009,18.0
Spain,Nitrate,2009,1.32
Spain,Nitrate,2010,72.4
Spain,Nitrate,2007,8.5
Finland,Nitrate,2007,0.57
Finland,Nitrate,2008,0.63
Estonia,Nitrate,2014,18.7894736842
Belgium,Nitrate,2014,56.8
Spain,Nitrate,2010,50.8
Hungary,Nitrate,2007,0.6634
Belgium,Nitrate,2012,23.5
Belgium,Nitrate,2006,11.6233
Spain,Nitrate,2011,21.1
Sweden,Nitrate,2004,0.199
Spain,Nitrate,2009,10.475
Spain,Nitrate,2009,4.783
Finland,Ammonium,2012,0.3871
Spain,Nitrate,2012,51.4
Spain,Nitrate,2011,43.0
Spain,Nitrate,2006,1.1
Finland,Nitrate,2011,0.64
Belgium,Nitrate,2013,41.6
Spain,Ammonium,2012,0.025
Spain,Ammonium,2008,0.023
Belgium,Nitrate,2013,23.6
Belgium,Nitrate,2009,24.0964
Hungary,Nitrate,2007,0.5609
Belgium,Nitrate,2008,51.11
Spain,Nitrate,2012,19.5
Montenegro,Nitrate,2006,58.2
Spain,Ammonium,2010,0.065
Spain,Ammonium,2012,0.023
Spain,Ammonium,2009,0.05
Spain,Ammonium,2003,0.035
Spain,Ammonium,2007,0.04
Spain,Nitrate,2007,13.452
Spain,Nitrate,2005,64.183
Finland,Nitrate,2008,0.82
Estonia,Ammonium,2014,0.08175
Spain,Ammonium,2010,0.025
Spain,Ammonium,2007,0.023
Montenegro,Ammonium,2006,0.2
Spain,Ammonium,2009,0.025
Spain,Nitrite,2007,0.005
Spain,Nitrite,2010,0.01
Spain,Dissolved oxygen,2012,9.4
Estonia,Dissolved oxygen,2014,6.1833333333
Estonia,Dissolved oxygen,2014,5.975
Spain,Nitrite,2003,0.014
Estonia,Nitrate,2014,28.9792753623
Estonia,Nitrate,2014,18.9375
Estonia,Nitrate,2014,0.4
Belgium,Nitrate,2014,19.3
Belgium,Nitrate,2014,25.7
Spain,Ammonium,2004,0.065
Spain,Ammonium,2010,0.065
Belgium,Ammonium,2015,0.67
Belgium,Ammonium,2015,0.53
Spain,Nitrate,2008,38.55
Spain,Nitrate,2010,24.0
Montenegro,Nitrate,2006,3.04
Spain,Nitrate,2012,8.0
Belgium,Nitrate,2015,0.85
Spain,Nitrate,2009,21.4
Romania,Nitrate,2008,2.184
Montenegro,Nitrate,2006,14.58
Turkey,Nitrate,2009,11.25
Spain,Ammonium,2009,0.065
Belgium,Ammonium,2015,1.33
Belgium,Ammonium,2015,15.39
Montenegro,Ammonium,2007,0.17
Belgium,Ammonium,2010,0.04
Romania,Dissolved oxygen,2011,5.83
Spain,Nitrite,2009,0.008
Belgium,Nitrite,2015,0.03
Belgium,Nitrite,2015,0.067
Montenegro,Nitrite,2006,0.001
Spain,Nitrate,2008,0.5
Belgium,Nitrate,2009,32.434
Belgium,Nitrate,2013,6.3
Finland,Nitrate,2004,0.56
Finland,Nitrate,2010,0.66
Finland,Nitrate,2012,0.62
Spain,Nitrate,2007,10.0
Spain,Nitrate,2012,35.46
Romania,Dissolved oxygen,2006,3.69
Montenegro,Dissolved oxygen,2006,10.5
Slovakia,Dissolved oxygen,2000,1.86
Spain,Nitrite,2009,0.025
Romania,Nitrite,2013,0.04
Romania,Nitrite,2011,0.012
Romania,Dissolved oxygen,2006,7.3
Belgium,Nitrite,2015,0.084
Belgium,Nitrite,2015,0.03
Finland,Dissolved oxygen,2012,7.5
Spain,Dissolved oxygen,2003,4.5
Spain,Dissolved oxygen,2004,6.9
Spain,Dissolved oxygen,2010,5.9
Spain,Nitrite,2006,0.07
Hungary,Nitrite,2007,0.029
Spain,Nitrate,2006,37.8
Belgium,Nitrate,2001,10.2
Spain,Nitrite,2003,0.008
Spain,Nitrite,2008,0.005
Spain,Dissolved oxygen,2009,5.36
Spain,Nitrite,2006,0.012
Spain,Dissolved oxygen,2006,7.433
Spain,Dissolved oxygen,2012,8.5
Spain,Nitrite,2009,0.025
Spain,Dissolved oxygen,2011,8.4708
Spain,Dissolved oxygen,2010,5.5
Belgium,Nitrite,2010,0.005
Spain,Nitrite,2006,0.005
Spain,Nitrite,2006,0.005
Spain,Dissolved oxygen,2007,7.7
Spain,Ammonium,2010,0.065
Spain,Ammonium,2010,0.05
Spain,Ammonium,2011,0.023
Finland,Ammonium,2008,0.0013
Estonia,Ammonium,2014,0.07
Romania,Nitrite,2009,0.017
Spain,Dissolved oxygen,2004,6.8
Spain,Dissolved oxygen,2007,8.0
Estonia,Ammonium,2014,0.2344444444
Lithuania,Ammonium,2000,0.64
Finland,Ammonium,2011,0.003
Spain,Ammonium,2009,0.023
Belgium,Dissolved oxygen,2015,4.17
Montenegro,Dissolved oxygen,2006,10.5
Montenegro,Dissolved oxygen,2007,9.8
Spain,Nitrite,2008,0.025
Spain,Nitrite,2012,0.03808
Spain,Dissolved oxygen,2010,6.2
Spain,Nitrite,2009,0.02
Spain,Nitrite,2010,0.0239
Montenegro,Dissolved oxygen,2006,6.3
Spain,Nitrite,2011,0.52
Montenegro,Ammonium,2006,0.04
Belgium,Ammonium,2015,0.27
Spain,Ammonium,2010,0.0417
Spain,Ammonium,2012,0.025
Romania,Ammonium,2010,0.364
Spain,Ammonium,2006,0.064
Hungary,Ammonium,2007,0.5442
Romania,Ammonium,2007,1.255
Romania,Ammonium,2009,0.708
Spain,Ammonium,2006,0.023
Finland,Ammonium,2012,0.0013
Spain,Ammonium,2003,0.035
Spain,Nitrate,2010,2.9383
Spain,Nitrate,2012,6.08615
Spain,Nitrate,2011,10.0
Spain,Nitrate,2006,10.0
Belgium,Nitrate,2013,56.8
Belgium,Nitrate,2014,41.4
Belgium,Nitrate,2013,29.6
Belgium,Nitrate,2013,50.21
Finland,Nitrate,2006,0.61
Finland,Nitrate,2009,0.64
Spain,Dissolved oxygen,2010,7.4
Spain,Dissolved oxygen,2007,7.2
Spain,Dissolved oxygen,2011,3.5667
Spain,Dissolved oxygen,2009,8.152
Spain,Ammonium,2007,0.013
Spain,Ammonium,2009,0.064
Belgium,Ammonium,2017,1.32
Spain,Ammonium,2010,0.0296
Spain,Ammonium,2012,0.025
Hungary,Ammonium,2006,0.3704
Belgium,Ammonium,2006,0.0261
Spain,Ammonium,2011,0.005
Belgium,Ammonium,2015,0.72
Belgium,Ammonium,2015,13.1
Spain,Ammonium,2009,0.05
Hungary,Ammonium,2002,1.0252
Belgium,Ammonium,2005,0.01
Spain,Ammonium,2005,0.11
Spain,Ammonium,2007,0.019
Spain,Ammonium,2009,0.039
Spain,Nitrite,2009,0.005
Spain,Nitrite,2007,0.017
Spain,Nitrite,2008,0.022
Spain,Nitrite,2008,0.005
Spain,Ammonium,2012,0.1
Spain,Ammonium,2009,0.038
Belgium,Nitrate,2000,37.2
Belgium,Nitrate,2010,13.25
Spain,Nitrate,2003,9.4
Spain,Nitrate,2007,1.317
Spain,Ammonium,2007,0.023
Spain,Ammonium,2006,0.023
Spain,Ammonium,2010,0.025
Sweden,Nitrate,2002,0.1
Spain,Nitrate,2007,22.367
Spain,Nitrate,2003,39.433
Spain,Nitrate,2008,86.6
Montenegro,Nitrate,2006,1.85
Belgium,Nitrate,2004,31.067
Spain,Nitrate,2007,11.988
Spain,Nitrate,2009,0.25
Sweden,Nitrate,2005,0.19
Spain,Nitrate,2007,4.544
Spain,Nitrate,2009,7.315
Spain,Nitrate,2012,32.0
Spain,Nitrate,2003,49.325
Spain,Nitrate,2006,4.0
Spain,Nitrate,2007,1.3
Finland,Ammonium,2008,0.0082
Belgium,Ammonium,2000,0.01
Spain,Ammonium,2006,0.032
Belgium,Ammonium,2007,0.044
Spain,Ammonium,2012,0.025
Spain,Ammonium,2007,0.023
Spain,Ammonium,2011,0.005
Finland,Ammonium,2003,0.0013
Spain,Ammonium,2012,0.11111
Spain,Ammonium,2007,0.027
Spain,Nitrate,2009,24.3
Finland,Nitrate,2003,0.53
Finland,Nitrate,2011,0.66
Estonia,Nitrate,2014,23.1853333333
Belgium,Nitrate,2013,41.0
Belgium,Nitrate,2014,39.0
Belgium,Nitrate,2013,10.0
Belgium,Nitrate,2001,18.003
Spain,Nitrite,2009,0.005
Belgium,Nitrite,2011,0.01
Belgium,Nitrite,2010,0.007
Belgium,Nitrite,2012,0.013
Belgium,Nitrite,2017,0.03
Spain,Nitrate,2006,12.0
Spain,Nitrate,2010,21.1025
Spain,Nitrate,2011,51.0
Spain,Nitrate,2011,89.9
Belgium,Nitrate,2006,25.8088
Spain,Nitrate,2008,4.91
Hungary,Nitrate,2006,0.6742
Belgium,Nitrate,2008,7.173
Finland,Nitrate,2003,0.24
Spain,Nitrate,2011,53.0
Spain,Nitrate,2008,152.42
Malta,Nitrate,2013,72.84
Spain,Nitrite,2008,0.005
Finland,Nitrite,2010,0.0033
Estonia,Nitrite,2014,0.004
Estonia,Nitrite,2014,0.004
Estonia,Nitrite,2014,0.004
Estonia,Nitrite,2014,0.004
Finland,Nitrate,2001,0.651
Belgium,Nitrate,2013,33.8
Belgium,Nitrate,2014,4.0
Belgium,Nitrate,2013,24.2
Spain,Nitrate,2007,143.375
Spain,Nitrate,2009,10.0
Spain,Nitrate,2009,2.3
Finland,Nitrate,2011,0.02
Belgium,Nitrate,2001,34.577
Spain,Nitrite,2006,0.005
Romania,Dissolved oxygen,2007,2.448
Romania,Dissolved oxygen,2008,1.665
Finland,Nitrite,2009,0.0049
Spain,Nitrate,2009,24.5
Spain,Nitrate,2003,36.9
Montenegro,Nitrate,2006,0.7
Spain,Nitrate,2009,6.65
Spain,Nitrate,2012,15.60423
Finland,Dissolved oxygen,2007,10.8
Spain,Nitrite,2007,0.018
Spain,Dissolved oxygen,2007,2.85
Romania,Nitrate,2014,15.639
Belgium,Nitrate,2013,32.41
Belgium,Nitrate,2013,37.27
Romania,Nitrate,2014,3.323
Romania,Nitrate,2006,17.33
Spain,Ammonium,2009,0.044
Spain,Ammonium,2008,0.013
Spain,Ammonium,2007,0.103
Spain,Ammonium,2009,0.079
Spain,Nitrite,2003,0.008
Spain,Nitrite,2007,0.01
Finland,Nitrite,2012,0.0033
Belgium,Nitrite,2007,0.005
Spain,Nitrate,2012,0.5
Finland,Nitrate,2000,0.815
Montenegro,Nitrate,2007,6.69
Spain,Nitrate,2007,0.024
Finland,Nitrate,2007,0.24
Belgium,Nitrate,2013,46.92
Belgium,Nitrate,2013,56.01
Belgium,Nitrate,2013,2.48
Spain,Ammonium,2006,0.116
Spain,Ammonium,2006,0.025
Spain,Ammonium,2007,0.013
Estonia,Ammonium,2014,0.210625
Spain,Ammonium,2007,0.31
Belgium,Nitrate,2013,66.84
Belgium,Nitrate,2014,61.8
Belgium,Nitrate,2014,26.1
Spain,Nitrate,2007,4.5
Romania,Nitrate,2007,13.883
Romania,Nitrate,2009,22.759
Belgium,Nitrate,2013,49.89
Belgium,Nitrate,2013,61.71
Belgium,Nitrate,2013,32.77
Belgium,Nitrate,2012,25.27
Spain,Nitrate,2010,10.0
Belgium,Nitrate,2006,41.7336
Belgium,Nitrite,2013,0.21
Spain,Nitrite,2003,0.012
Finland,Dissolved oxygen,2011,7.5
Romania,Nitrate,2014,40.017
Belgium,Nitrate,2013,63.7
Belgium,Nitrate,2013,6.84
Romania,Nitrate,2011,16.963
Finland,Nitrate,2006,0.1
Spain,Nitrite,2004,0.005
Spain,Nitrite,2011,0.023
Spain,Nitrite,2009,0.01
Spain,Nitrite,2010,0.005
Spain,Nitrate,2009,3.0
Romania,Nitrate,2008,1.529
Belgium,Ammonium,2002,0.038
Finland,Ammonium,2001,0.0059
Hungary,Ammonium,2006,0.827
Spain,Ammonium,2011,0.02
Spain,Ammonium,2005,0.023
Montenegro,Ammonium,2007,0.18
Romania,Nitrate,2010,27.576
Belgium,Nitrate,2000,24.678
Spain,Nitrate,2006,27.0
Spain,Nitrate,2009,0.032
Spain,Nitrate,2007,18.0
Belgium,Ammonium,2009,0.0215
Romania,Ammonium,2014,0.031
Belgium,Ammonium,2008,0.015
Belgium,Ammonium,2012,0.0333
Finland,Ammonium,2002,0.001
Belgium,Ammonium,2001,0.018
Finland,Ammonium,2002,0.0064
Romania,Ammonium,2011,2.56
Finland,Ammonium,2004,0.0013
Spain,Ammonium,2004,0.842
Belgium,Ammonium,2017,0.31
Belgium,Ammonium,2017,0.36
Belgium,Ammonium,2017,13.98
Spain,Ammonium,2011,0.005
Belgium,Ammonium,2012,0.0358
Belgium,Ammonium,2011,0.02
Spain,Ammonium,2007,0.023
Spain,Ammonium,2006,0.129
Romania,Ammonium,2014,0.32
Spain,Nitrite,2003,0.008
Spain,Nitrite,2008,0.025
Spain,Nitrite,2011,0.025
Spain,Dissolved oxygen,2011,11.0
Estonia,Dissolved oxygen,2014,6.0305084746
Spain,Ammonium,2004,0.065
Spain,Ammonium,2010,0.0515
Finland,Ammonium,2006,0.0013
Spain,Ammonium,2006,0.032
Spain,Ammonium,2008,0.013
Spain,Ammonium,2010,0.01
Belgium,Ammonium,2017,0.3
Spain,Ammonium,2007,0.023
Spain,Ammonium,2008,0.028
Spain,Nitrate,2011,12.0
Spain,Nitrate,2008,9.627
Belgium,Nitrate,2011,25.48
Spain,Nitrate,2007,47.1
Spain,Ammonium,2009,0.05
Spain,Ammonium,2009,0.02
Belgium,Ammonium,2017,1.03
Malta,Ammonium,2011,55.46
Spain,Ammonium,2008,0.265
Spain,Nitrite,2010,0.0054
Spain,Nitrite,2012,0.255
Spain,Nitrite,2007,0.005
Finland,Nitrate,2007,0.1
Spain,Nitrate,2009,7.514
Latvia,Nitrate,2000,0.16
Belgium,Nitrite,2009,0.0623
Spain,Dissolved oxygen,2008,7.917
Spain,Nitrite,2011,0.023
Spain,Dissolved oxygen,2008,5.04
Belgium,Dissolved oxygen,2017,3.33
Belgium,Ammonium,2017,0.5
Belgium,Ammonium,2017,0.26
Belgium,Ammonium,2017,0.47
Spain,Ammonium,2009,0.05
Belgium,Ammonium,2004,0.013
Hungary,Ammonium,2007,1.0932
Belgium,Ammonium,2017,1.27
Belgium,Ammonium,2017,0.8
Belgium,Ammonium,2017,0.25
Belgium,Ammonium,2009,0.0175
Belgium,Ammonium,2011,0.02
Belgium,Ammonium,2010,0.05
Latvia,Nitrate,2001,0.1
Netherlands,Nitrate,2006,28.56
Belgium,Nitrate,2013,3.45
Belgium,Nitrate,2013,20.41
Romania,Nitrate,2014,0.65
Belgium,Nitrate,2011,13.6
Spain,Ammonium,2006,0.023
Romania,Ammonium,2014,0.158
Netherlands,Ammonium,2001,2.19
Netherlands,Ammonium,2002,2.05
Belgium,Dissolved oxygen,2017,1.46
Belgium,Dissolved oxygen,2017,1.34
Belgium,Dissolved oxygen,2017,1.82
Spain,Nitrite,2011,0.023
Spain,Nitrite,2009,0.005
Finland,Nitrite,2009,0.0033
Spain,Nitrate,2010,55.0
Spain,Nitrate,2004,3.3
Netherlands,Ammonium,2000,0.89
Spain,Ammonium,2003,0.126
Spain,Ammonium,2006,0.244
Spain,Ammonium,2009,0.038
Finland,Ammonium,2007,0.0184
Netherlands,Ammonium,2000,2.45
Belgium,Nitrite,2006,0.0074
Spain,Nitrite,2009,0.007
Belgium,Nitrite,2010,0.008
Belgium,Nitrite,2011,0.01
Belgium,Ammonium,2006,0.0184
Spain,Ammonium,2012,1.255
Belgium,Ammonium,2017,1.1
Belgium,Ammonium,2017,1.23
Belgium,Ammonium,2017,0.69
Spain,Ammonium,2012,25.0
Spain,Ammonium,2010,0.065
Spain,Nitrate,2007,5.661
Malta,Nitrate,2004,65.45
Spain,Nitrate,2007,19.233
Spain,Nitrate,2010,34.9
Belgium,Nitrite,2013,0.098
Belgium,Nitrite,2013,0.04
Romania,Nitrite,2008,0.02
Romania,Nitrite,2010,0.016
Spain,Dissolved oxygen,2008,7.167
Spain,Nitrate,2008,5.298
Spain,Nitrate,2011,24.6667
Malta,Nitrate,2013,46.65
Belgium,Nitrate,2018,4.78036666666667
Latvia,Nitrate,2002,0.04
Belgium,Nitrite,2002,0.008
Belgium,Nitrite,2004,0.008
Spain,Dissolved oxygen,2008,0.3
Spain,Nitrite,2012,0.0015
Romania,Ammonium,2006,0.244
Romania,Ammonium,2010,0.769
Spain,Ammonium,2008,0.105
Spain,Nitrite,2006,0.005
Montenegro,Nitrite,2007,0.001
Romania,Dissolved oxygen,2006,4.95
Malta,Ammonium,2012,0.006
Finland,Ammonium,2009,0.0013
Latvia,Nitrate,2003,0.04
Netherlands,Nitrate,2005,32.45
Spain,Nitrate,2007,4.975
Spain,Ammonium,2006,0.023
Netherlands,Ammonium,2003,0.79
Romania,Ammonium,2014,3.197
Romania,Ammonium,2015,0.2103125
Spain,Ammonium,2006,0.023
Spain,Nitrite,2012,0.0027
Belgium,Dissolved oxygen,2017,3.49
Belgium,Nitrite,2013,0.045
Spain,Dissolved oxygen,2010,7.1
Spain,Nitrite,2007,0.005
Belgium,Nitrate,2006,12.5521
Belgium,Nitrate,2002,16.002
Netherlands,Nitrate,2009,13.39
Spain,Nitrate,2007,38.75
Spain,Nitrite,2009,1.2
Spain,Nitrite,2012,0.03
Romania,Nitrite,2007,0.038
Belgium,Nitrite,2013,0.256
Romania,Nitrite,2014,0.008
Romania,Dissolved oxygen,2014,5.808
Spain,Nitrate,2009,26.078
Montenegro,Nitrate,2007,76.82
Spain,Nitrate,2012,3.815
Spain,Nitrate,2012,94.94
Spain,Nitrate,2010,5.063
Spain,Ammonium,2003,0.038
Spain,Ammonium,2003,0.033
Spain,Ammonium,2008,0.04
Spain,Ammonium,2010,0.023
Romania,Ammonium,2008,0.443
Belgium,Ammonium,2000,0.024
Belgium,Ammonium,2004,0.011
Belgium,Ammonium,2007,0.0295
Romania,Dissolved oxygen,2010,1.493
Hungary,Nitrite,2006,0.0078
Spain,Nitrite,2011,0.8525
Romania,Dissolved oxygen,2014,6.952
Belgium,Nitrite,2013,0.06
Finland,Nitrate,2012,0.04
Belgium,Nitrate,2002,12.039
Spain,Ammonium,2009,0.05
Netherlands,Ammonium,2007,2.78
Netherlands,Ammonium,2009,2.49
Spain,Ammonium,2010,0.0308
Hungary,Nitrate,2007,0.3036
Netherlands,Nitrate,2003,0.66
Belgium,Nitrite,2013,0.042
Belgium,Nitrite,2013,0.033
Belgium,Dissolved oxygen,2013,1.67
Belgium,Nitrite,2010,0.005
Spain,Nitrite,2012,0.005
Spain,Dissolved oxygen,2007,7.075
Romania,Nitrite,2009,0.09
Romania,Nitrite,2011,0.013
Finland,Nitrite,2010,0.0016
Belgium,Nitrite,2013,0.03
Belgium,Nitrite,2013,0.048
Belgium,Dissolved oxygen,2013,3.53
Belgium,Dissolved oxygen,2013,3.05
Belgium,Nitrite,2006,0.0107
Belgium,Nitrite,2012,0.0126
Spain,Nitrite,2010,0.01
Spain,Nitrate,2007,31.5
Spain,Nitrate,2008,30.0
Spain,Nitrate,2010,3.3
Belgium,Nitrate,2013,27.29
Belgium,Nitrate,2013,59.51
Spain,Ammonium,2010,0.12
Spain,Ammonium,2009,0.065
Spain,Ammonium,2010,0.05
Montenegro,Dissolved oxygen,2007,6.4
Montenegro,Dissolved oxygen,2006,7.7
Spain,Nitrite,2009,0.019
Romania,Dissolved oxygen,2011,1.66
Belgium,Nitrite,2017,0.03
Belgium,Nitrate,2011,42.84
Malta,Nitrate,2011,71.8
Malta,Nitrate,2011,53.17
Spain,Nitrate,2006,105.958
Spain,Nitrate,2009,27.55
Belgium,Nitrate,2010,25.59
Belgium,Nitrate,2003,9.014
Hungary,Nitrate,2006,0.826
Romania,Nitrate,2014,2.253
Spain,Nitrate,2012,3.85
Spain,Ammonium,2010,0.023
Hungary,Ammonium,2006,0.7352
Belgium,Ammonium,2010,0.02
Romania,Ammonium,2014,2.194
Belgium,Nitrate,2013,38.31
Belgium,Nitrate,2013,11.8
Belgium,Nitrate,2008,26.57
Belgium,Nitrate,2010,42.91
Spain,Nitrate,2004,49.1
Netherlands,Nitrate,2007,19.85
Romania,Ammonium,2015,0.2219
Belgium,Ammonium,2008,0.025
Romania,Ammonium,2014,2.332
Spain,Ammonium,2009,0.023
Lithuania,Nitrite,2001,0.158
Spain,Nitrite,2008,0.035
Spain,Nitrite,2009,0.025
Spain,Dissolved oxygen,2011,5.8
Belgium,Dissolved oxygen,2017,7.0
Belgium,Dissolved oxygen,2017,1.99
Belgium,Nitrite,2008,0.007
Spain,Dissolved oxygen,2012,8.9
Belgium,Nitrite,2017,0.042
Belgium,Dissolved oxygen,2017,2.12
Belgium,Dissolved oxygen,2017,3.2
Spain,Dissolved oxygen,2009,8.08
Belgium,Nitrite,2004,0.008
Belgium,Nitrite,2013,0.048
Belgium,Nitrite,2013,0.135
Romania,Nitrite,2014,0.014
Spain,Nitrite,2010,0.025
Belgium,Nitrite,2013,0.031
Belgium,Nitrite,2011,0.01
Spain,Ammonium,2010,0.05
Hungary,Ammonium,2006,0.4309
Belgium,Nitrite,2008,0.008
Spain,Nitrite,2011,0.023
Belgium,Nitrite,2013,0.03
Belgium,Dissolved oxygen,2017,6.29
Belgium,Dissolved oxygen,2017,2.34
Netherlands,Ammonium,2008,2.57
Belgium,Ammonium,2006,0.0365
Hungary,Ammonium,2006,1.5253
Spain,Ammonium,2007,0.218
Spain,Nitrite,2007,0.06
Spain,Nitrite,2007,0.043
Spain,Nitrite,2011,0.023
Spain,Dissolved oxygen,2009,7.7
Belgium,Ammonium,2004,0.014
Belgium,Ammonium,2017,0.14
Belgium,Ammonium,2017,2.98
Belgium,Ammonium,2017,1.51
Malta,Ammonium,2013,0.013
Spain,Nitrite,2007,0.005
Belgium,Nitrite,2000,0.005
Romania,Nitrite,2006,0.038
Romania,Nitrite,2014,0.023
Belgium,Nitrite,2013,0.03
Netherlands,Ammonium,2003,2.59
Spain,Ammonium,2006,0.185
Romania,Ammonium,2015,0.0998571428571429
Slovakia,Ammonium,2000,0.1301
Malta,Ammonium,2013,0.005
Belgium,Ammonium,2002,0.01
Spain,Ammonium,2004,0.071
Romania,Nitrate,2015,13.3044
Spain,Nitrate,2010,37.5
Spain,Nitrate,2011,42.7
Malta,Nitrate,2005,69.84
Belgium,Nitrate,2013,2.15
Belgium,Nitrate,2013,28.51
Belgium,Nitrate,2013,28.89
Belgium,Nitrate,2008,43.999
Spain,Nitrate,2009,140.125
Romania,Nitrate,2014,0.21
Finland,Nitrate,2009,0.12
Belgium,Nitrate,2006,56.96
Spain,Nitrate,2011,33.0
Spain,Nitrate,2009,85.708
Spain,Nitrate,2006,1.25
Spain,Nitrate,2012,28.16667
Spain,Nitrate,2006,27.667
Malta,Nitrate,2005,39.43
Malta,Nitrate,2008,30.5
Romania,Nitrate,2015,24.81256
Belgium,Nitrate,2015,0.76
Spain,Nitrate,2009,110.75
Belgium,Nitrite,2013,0.131
Belgium,Nitrite,2013,0.177
Belgium,Nitrite,2013,0.03
Spain,Ammonium,2010,0.05
Spain,Ammonium,2007,0.239
Montenegro,Ammonium,2006,0.01
Spain,Ammonium,2009,0.41
Spain,Ammonium,2009,0.05
Finland,Nitrate,2000,0.29
Latvia,Nitrate,2005,0.19
Spain,Dissolved oxygen,2006,9.6
Spain,Dissolved oxygen,2004,8.35
Spain,Nitrite,2010,0.025
Belgium,Nitrite,2003,0.006
Netherlands,Nitrate,2000,0.66
Spain,Nitrate,2008,3.422
Netherlands,Nitrate,2008,16.98
Belgium,Nitrate,2018,45.6666666666667
Spain,Nitrate,2007,79.362
Spain,Nitrate,2011,0.5
Romania,Nitrate,2015,3.7785
Spain,Nitrate,2006,3.4
Romania,Nitrate,2014,7.735
Spain,Nitrite,2003,1.604
Spain,Nitrite,2004,6.17
Romania,Dissolved oxygen,2009,3.531
Spain,Nitrite,2007,0.002
Spain,Nitrite,2012,0.03
Spain,Nitrite,2005,0.005
Belgium,Nitrite,2013,0.171
Spain,Dissolved oxygen,2010,8.75
Spain,Nitrite,2011,0.065
Spain,Nitrite,2011,0.023
Romania,Nitrate,2015,25.4311578947368
Belgium,Nitrate,2007,27.9093
Netherlands,Nitrate,2004,1.02
Montenegro,Dissolved oxygen,2007,7.5
Belgium,Dissolved oxygen,2013,3.65
Belgium,Dissolved oxygen,2013,4.54
Belgium,Nitrite,2008,0.011
Spain,Nitrate,2011,5.0
Spain,Nitrate,2003,27.967
Spain,Nitrate,2007,5.3
Spain,Nitrate,2009,5.8
Spain,Nitrate,2010,29.25
Romania,Nitrite,2014,0.09
Romania,Dissolved oxygen,2014,3.127
Belgium,Dissolved oxygen,2017,7.57
Belgium,Dissolved oxygen,2017,2.27
Spain,Nitrite,2011,0.023
Spain,Dissolved oxygen,2009,6.0
Spain,Dissolved oxygen,2007,7.433
Spain,Nitrite,2011,0.023
Montenegro,Ammonium,2007,0.1
Romania,Ammonium,2014,0.302
Romania,Ammonium,2014,0.286
Romania,Ammonium,2015,0.126019736842105
Spain,Nitrate,2011,45.0
Romania,Nitrate,2014,20.126
Spain,Nitrate,2011,15.0
Romania,Nitrate,2015,35.245
Malta,Ammonium,2011,0.006
Spain,Ammonium,2012,0.025
Spain,Ammonium,2004,0.098
Spain,Ammonium,2005,0.95
Spain,Ammonium,2009,0.065
Belgium,Nitrite,2013,0.039
Romania,Dissolved oxygen,2014,4.56
Romania,Nitrite,2014,0.05
Romania,Dissolved oxygen,2014,4.69
Romania,Dissolved oxygen,2015,4.3825
Romania,Dissolved oxygen,2014,5.1
Romania,Nitrite,2014,0.022
Spain,Ammonium,2009,0.058
Belgium,Ammonium,2006,0.017
Spain,Ammonium,2007,0.286
Romania,Nitrite,2015,0.013125
Romania,Dissolved oxygen,2015,5.91777777777778
Romania,Nitrite,2015,0.0124285714285714
Belgium,Dissolved oxygen,2013,5.0
Montenegro,Nitrate,2007,5.11
Romania,Nitrate,2015,20.1636206896552
Romania,Nitrate,2014,0.637
Romania,Nitrate,2015,32.648375
Romania,Nitrate,2015,13.3721428571429
Spain,Nitrate,2012,67.3
Belgium,Nitrate,2005,19.47
Spain,Ammonium,2008,0.03
Spain,Ammonium,2011,0.005
Spain,Ammonium,2012,0.025
Spain,Ammonium,2004,0.017
Spain,Ammonium,2008,0.013
Spain,Ammonium,2010,0.023
Spain,Ammonium,2007,0.023
Finland,Ammonium,2007,0.0258
Spain,Ammonium,2008,0.229
Malta,Nitrate,2003,64.12
Belgium,Nitrate,2015,33.71
Belgium,Nitrate,2015,37.26
Spain,Nitrate,2009,121.862
Spain,Nitrate,2011,80.85
Spain,Nitrate,2006,9.0
Spain,Nitrate,2005,2.85
Spain,Nitrate,2007,1.3
Romania,Nitrite,2014,0.1
Spain,Dissolved oxygen,2011,5.4
Spain,Nitrite,2009,0.033
Spain,Dissolved oxygen,2006,5.3
Slovakia,Dissolved oxygen,2000,1.6286
Spain,Ammonium,2003,0.056
Spain,Ammonium,2009,0.05
Spain,Ammonium,2004,0.14
Spain,Ammonium,2006,0.08
Spain,Ammonium,2006,0.077
Montenegro,Ammonium,2007,0.2
Finland,Ammonium,2004,0.0262
Romania,Ammonium,2015,0.031
Spain,Ammonium,2004,0.024
Belgium,Nitrite,2011,0.04
Spain,Nitrite,2008,0.029
Spain,Nitrite,2011,0.023
Spain,Dissolved oxygen,2011,7.1
Spain,Nitrite,2008,0.035
Belgium,Nitrite,2013,0.038
Belgium,Nitrite,2013,0.041
Belgium,Dissolved oxygen,2013,5.32
Romania,Dissolved oxygen,2014,3.16
Spain,Dissolved oxygen,2008,7.25
Latvia,Nitrite,2000,0.01
Spain,Dissolved oxygen,2011,7.8
Spain,Dissolved oxygen,2011,2.7
Spain,Dissolved oxygen,2008,7.85
Finland,Ammonium,2001,0.023
Romania,Ammonium,2014,0.646
Romania,Ammonium,2015,0.2515
Spain,Ammonium,2010,0.065
Romania,Ammonium,2015,0.431563218390804
Malta,Ammonium,2006,0.25
Belgium,Dissolved oxygen,2017,5.62
Belgium,Dissolved oxygen,2017,2.96
Belgium,Dissolved oxygen,2017,1.21
Montenegro,Nitrite,2007,0.023
Spain,Dissolved oxygen,2011,7.7
Spain,Nitrite,2011,0.023
Spain,Nitrite,2008,0.035
Latvia,Nitrite,2003,0.005
Hungary,Nitrite,2006,0.0113
Romania,Nitrite,2014,0.085
Romania,Dissolved oxygen,2014,3.948
Spain,Nitrite,2010,0.025
Spain,Nitrite,2006,0.005
Spain,Dissolved oxygen,2012,6.92
Belgium,Dissolved oxygen,2017,5.96
Romania,Nitrite,2014,0.01
Romania,Dissolved oxygen,2014,4.999
Hungary,Nitrate,2006,2.9764
Belgium,Dissolved oxygen,2017,0.48
Spain,Dissolved oxygen,2007,7.417
Spain,Dissolved oxygen,2011,4.15
Spain,Nitrite,2010,0.005
Belgium,Nitrate,2018,35.573
Spain,Nitrate,2011,49.35
Belgium,Nitrate,2010,74.71
Spain,Nitrate,2011,57.0
Lithuania,Ammonium,2001,0.6437
Romania,Ammonium,2015,4.45114285714286
Spain,Nitrite,2009,0.025
Montenegro,Dissolved oxygen,2006,7.8
Spain,Nitrite,2012,0.016
Belgium,Nitrite,2002,0.005
Romania,Nitrite,2014,0.1
Malta,Nitrate,2003,34.23
Romania,Nitrate,2015,10.4585454545455
Malta,Nitrate,2006,73.32
Malta,Nitrate,2006,36.52
Malta,Nitrate,2007,33.58
Belgium,Nitrate,2015,24.61
Spain,Nitrate,2011,0.5
Belgium,Nitrate,2015,38.75
Spain,Nitrate,2003,118.238
Spain,Nitrate,2011,10.0
Netherlands,Ammonium,2008,0.76
Spain,Ammonium,2006,0.03
Spain,Ammonium,2011,0.02
Spain,Ammonium,2012,25.0
Belgium,Ammonium,2003,0.011
Spain,Nitrate,2007,6.0
Spain,Nitrate,2012,48.0
Spain,Nitrate,2006,8.0
Spain,Nitrate,2008,6.4
Romania,Dissolved oxygen,2014,6.388
Romania,Nitrite,2015,0.041
Romania,Dissolved oxygen,2015,5.84
Malta,Nitrite,2007,0.25
Spain,Nitrite,2011,0.023
Belgium,Ammonium,2007,0.9127
Netherlands,Ammonium,2001,0.84
Netherlands,Ammonium,2002,1.52
Romania,Dissolved oxygen,2015,8.37
Romania,Nitrite,2015,0.01
Romania,Nitrite,2015,0.0972931034482759
Malta,Nitrite,2008,0.25
Romania,Nitrite,2015,0.0429078947368421
Spain,Nitrate,2011,17.0
Romania,Nitrate,2015,12.53075
Montenegro,Nitrate,2006,2.63
Belgium,Nitrate,2015,30.76
Romania,Dissolved oxygen,2015,5.24428571428571
Spain,Nitrite,2009,0.01
Spain,Dissolved oxygen,2008,7.067
Spain,Nitrite,2006,0.005
Romania,Nitrite,2015,0.0308
Romania,Dissolved oxygen,2015,6.34440909090909
Hungary,Ammonium,2004,0.6011
Hungary,Ammonium,2005,0.3742
Belgium,Ammonium,2017,0.21
Belgium,Ammonium,2017,16.05
Malta,Ammonium,2012,0.012
Belgium,Nitrate,2015,50.45
Belgium,Nitrate,2003,11.235
Spain,Nitrate,2008,134.975
Spain,Nitrate,2010,87.8
Spain,Dissolved oxygen,2003,5.683
Spain,Nitrite,2003,0.677
Belgium,Nitrite,2007,0.0101
Belgium,Dissolved oxygen,2017,2.28
Belgium,Dissolved oxygen,2017,4.24
Belgium,Nitrite,2002,0.006
Spain,Nitrite,2009,0.03
Spain,Nitrite,2005,0.49
Spain,Nitrate,2007,9.25
Spain,Nitrate,2009,0.467
Spain,Nitrate,2012,0.5
Spain,Nitrate,2007,105.5
Spain,Nitrate,2012,11.0
Spain,Ammonium,2006,0.023
Spain,Ammonium,2007,0.023
Spain,Ammonium,2006,0.071
Spain,Nitrite,2011,0.023
Malta,Nitrite,2006,0.25
Malta,Nitrite,2006,0.25
Romania,Nitrite,2015,0.01724
Spain,Nitrite,2009,0.005
Spain,Nitrite,2010,0.143
Spain,Nitrite,2011,0.025
Hungary,Nitrate,2006,0.3968
Spain,Nitrate,2006,184.9
Spain,Nitrate,2006,1.15
Spain,Nitrate,2008,2.5
Netherlands,Nitrate,2002,0.66
Spain,Nitrate,2012,58.0
Lithuania,Ammonium,2004,0.8497
Spain,Ammonium,2003,0.025
Romania,Nitrite,2015,0.041
Spain,Dissolved oxygen,2012,5.4
Spain,Nitrite,2007,0.059
Spain,Nitrite,2008,0.01
Spain,Nitrite,2011,0.025
Spain,Nitrite,2007,0.005
Spain,Nitrate,2012,22.0
Spain,Nitrate,2003,7.175
Spain,Nitrate,2007,8.1
Spain,Nitrate,2012,122.88
Spain,Nitrate,2008,8.626
Spain,Nitrate,2008,3.18
Spain,Nitrate,2011,30.0
Spain,Nitrate,2011,34.0
Romania,Nitrate,2015,0.613428571428571
Belgium,Nitrate,2015,53.45
Belgium,Nitrate,2015,54.79
Malta,Nitrate,2007,69.58
Latvia,Nitrate,2004,0.2
Romania,Nitrate,2014,4.606
Romania,Nitrate,2015,6.08266666666667
Spain,Nitrate,2009,3.369
Spain,Nitrate,2003,3.688
Belgium,Nitrate,2004,13.873
Spain,Nitrate,2008,0.5
Spain,Nitrate,2004,138.55
Malta,Nitrate,2008,66.13
Hungary,Nitrite,2006,0.008
Romania,Dissolved oxygen,2015,1.86
Spain,Nitrite,2007,0.01
Belgium,Nitrate,2011,63.15
Belgium,Nitrate,2012,79.12
Spain,Nitrate,2011,61.0
Spain,Nitrate,2007,129.637
Spain,Nitrite,2012,0.27
Spain,Nitrite,2012,0.01
Spain,Nitrite,2010,0.005
Spain,Dissolved oxygen,2007,6.4
Spain,Nitrate,2012,11.0
Spain,Nitrate,2008,31.95
Belgium,Nitrate,2015,48.25
Belgium,Nitrate,2015,29.85
Spain,Nitrate,2005,6.8
Spain,Nitrate,2006,103.25
Spain,Nitrate,2010,5.57
Bulgaria,Dissolved oxygen,2003,3.557
Spain,Nitrite,2009,0.024
Spain,Nitrite,2009,0.025
Spain,Dissolved oxygen,2010,7.3
Belgium,Ammonium,2004,0.01
Spain,Ammonium,2008,0.283
Spain,Ammonium,2009,0.025
Spain,Ammonium,2008,0.025
Spain,Ammonium,2006,0.032
Spain,Ammonium,2012,0.05
Spain,Ammonium,2006,0.157
Spain,Ammonium,2003,0.482
Belgium,Ammonium,2011,0.55
Spain,Nitrate,2007,48.0
Spain,Nitrate,2010,0.1389
Spain,Nitrate,2003,2.8
Romania,Ammonium,2014,0.308
Romania,Ammonium,2015,0.987863636363636
Malta,Ammonium,2007,0.25
Netherlands,Ammonium,2009,1.98
Spain,Ammonium,2005,0.015
Spain,Ammonium,2007,0.02
Spain,Ammonium,2003,0.096
Romania,Dissolved oxygen,2014,2.43
Romania,Nitrite,2014,0.014
Romania,Dissolved oxygen,2015,4.68333333333333
Romania,Nitrite,2015,0.013
Romania,Dissolved oxygen,2015,4.46454545454545
Montenegro,Dissolved oxygen,2007,6.4
Spain,Ammonium,2012,0.025
Spain,Ammonium,2003,0.032
Netherlands,Ammonium,2005,0.87
Spain,Ammonium,2003,0.035
Spain,Ammonium,2012,0.023
Belgium,Nitrite,2003,0.009
Belgium,Nitrite,2009,0.0065
Spain,Dissolved oxygen,2012,7.2
Spain,Dissolved oxygen,2010,8.7333
Romania,Dissolved oxygen,2015,6.28583157894737
Romania,Nitrite,2015,0.013
Montenegro,Dissolved oxygen,2006,7.2
Spain,Dissolved oxygen,2011,4.65
Spain,Dissolved oxygen,2011,4.1
Spain,Dissolved oxygen,2012,8.9
Spain,Nitrite,2006,0.005
Spain,Dissolved oxygen,2008,7.094
Spain,Nitrate,2011,28.5
Spain,Nitrate,2006,35.1
Spain,Nitrate,2006,149.625
Malta,Nitrate,2012,71.8
Malta,Nitrate,2012,55.45
Spain,Nitrate,2009,2.4
Spain,Nitrate,2009,29.267
Spain,Nitrate,2009,81.42
Spain,Nitrate,2011,11.5333
Spain,Nitrate,2006,47.5
Spain,Dissolved oxygen,2007,6.0
Spain,Dissolved oxygen,2011,9.5
Romania,Dissolved oxygen,2015,6.0236
Spain,Nitrite,2012,0.03
Spain,Dissolved oxygen,2006,2.8
Spain,Dissolved oxygen,2011,6.4
Hungary,Nitrite,2006,0.0125
Spain,Nitrate,2003,47.3
Spain,Nitrate,2008,3.2
Netherlands,Nitrate,2009,18.27
Spain,Nitrite,2008,2.623
Spain,Nitrite,2010,0.01
Belgium,Dissolved oxygen,2017,6.4
Belgium,Dissolved oxygen,2017,7.87
Spain,Nitrite,2009,0.005
Hungary,Nitrite,2007,0.0105
Spain,Nitrite,2009,0.005
Spain,Dissolved oxygen,2011,6.3
Spain,Nitrite,2003,0.028
Spain,Nitrate,2009,22.925
Spain,Nitrate,2007,20.652
Spain,Nitrate,2011,10.0
Spain,Nitrate,2007,22.25
Spain,Nitrate,2009,18.7
Spain,Nitrate,2009,35.788
Spain,Nitrate,2007,8.9
Spain,Nitrate,2009,2.5
Spain,Nitrate,2008,19.65
Spain,Nitrate,2010,10.3463
Spain,Ammonium,2010,0.025
Spain,Ammonium,2011,0.14
Spain,Ammonium,2007,0.243
Finland,Ammonium,2001,0.002
Spain,Nitrate,2006,5.0
Spain,Nitrate,2008,10.825
Spain,Nitrate,2011,10.0
Spain,Nitrate,2005,29.6
Spain,Nitrate,2003,3.05
Spain,Nitrate,2012,2.26
Netherlands,Nitrate,2001,0.66
Spain,Nitrite,2003,0.01
Spain,Dissolved oxygen,2010,5.85
Bulgaria,Nitrite,2005,0.009
Spain,Nitrite,2004,0.019
Spain,Nitrite,2005,0.025
Spain,Nitrite,2011,0.1
Bulgaria,Nitrite,2002,0.004
Spain,Nitrite,2006,0.042
Bulgaria,Nitrate,2003,12.394
Belgium,Nitrate,2018,56.1666666666667
Spain,Nitrate,2006,152.8
Spain,Nitrate,2008,94.344
Romania,Nitrate,2014,0.655
Spain,Nitrate,2010,4.3597
Belgium,Nitrate,2020,0.379
Belgium,Nitrate,2020,32.179
Belgium,Nitrate,2020,45.928
Romania,Ammonium,2015,0.06374
Belgium,Ammonium,2001,0.02
Netherlands,Ammonium,2005,3.1
Romania,Ammonium,2015,3.263625
Malta,Ammonium,2008,0.25
Spain,Nitrite,2010,0.0011
Spain,Nitrite,2011,0.8667
Latvia,Nitrite,2002,0.004
Latvia,Nitrite,2004,0.005
Spain,Nitrite,2010,0.0212
Spain,Nitrite,2006,0.012
Latvia,Nitrite,2001,0.01
Spain,Nitrite,2010,0.01
Belgium,Nitrate,2020,35.819
Spain,Nitrate,2004,14.4
Belgium,Nitrate,2017,33.8666666667
Belgium,Nitrate,2017,17.7368421053
Belgium,Nitrate,2016,37.77
Belgium,Nitrate,2016,42.38
Spain,Nitrate,2004,64.1
Slovakia,Ammonium,2000,0.814
Netherlands,Ammonium,2004,0.88
Netherlands,Ammonium,2006,0.57
Spain,Ammonium,2007,0.023
Spain,Nitrate,2010,92.15
Spain,Nitrate,2007,2.525
Spain,Nitrate,2009,2.5
Belgium,Nitrate,2020,1.141
Belgium,Nitrate,2020,53.498
Spain,Nitrite,2011,0.023
Spain,Nitrite,2006,0.005
Hungary,Nitrite,2007,0.0096
Spain,Nitrate,2009,9.05
Spain,Nitrate,2005,2.7
Spain,Nitrate,2008,2.5
Spain,Nitrate,2006,14.3
Spain,Nitrate,2011,9.0
Bulgaria,Dissolved oxygen,2002,4.484
Spain,Nitrite,2003,0.008
Spain,Nitrite,2005,0.025
Spain,Dissolved oxygen,2011,6.1
Spain,Nitrate,2008,8.15
Belgium,Nitrate,2010,24.87
Spain,Nitrate,2010,2.5
Belgium,Nitrate,2020,11.989
Belgium,Nitrate,2020,32.097
Belgium,Nitrate,2020,7.016
Belgium,Nitrate,2020,1.379
Belgium,Nitrate,2020,0.967
Romania,Nitrate,2015,277.302315384615
Romania,Nitrate,2015,0.1376
Spain,Nitrate,2012,5.16
Belgium,Nitrate,2007,86.8739
Lithuania,Ammonium,2003,0.5795
Romania,Ammonium,2015,0.101386363636364
Spain,Nitrite,2003,0.073
Spain,Dissolved oxygen,2012,11.0
Spain,Nitrite,2011,0.023
Belgium,Nitrite,2003,0.038
Romania,Dissolved oxygen,2015,5.933725
Romania,Nitrite,2015,0.01475
Spain,Nitrite,2007,0.037
Spain,Nitrite,2008,0.035
Spain,Nitrite,2005,0.005
Spain,Nitrite,2010,0.0275
Spain,Nitrite,2007,0.02
Spain,Dissolved oxygen,2011,5.2
Spain,Dissolved oxygen,2011,5.7
Spain,Nitrite,2004,0.06
Spain,Nitrate,2010,10.0
Belgium,Nitrate,2020,53.665
Belgium,Nitrate,2020,6.145
Belgium,Nitrate,2020,56.141
Spain,Ammonium,2009,0.018
Spain,Ammonium,2010,0.065
Spain,Ammonium,2005,0.023
Lithuania,Ammonium,2003,1.51
Spain,Ammonium,2011,0.0275
Spain,Ammonium,2006,0.024
Belgium,Ammonium,2017,2.75
Belgium,Ammonium,2017,2.33
Spain,Ammonium,2008,1.269
Spain,Ammonium,2009,0.01
Netherlands,Ammonium,2004,2.69
Spain,Ammonium,2007,0.023
Spain,Ammonium,2012,0.023
Spain,Ammonium,2007,0.023
Spain,Ammonium,2011,0.005
Spain,Ammonium,2009,0.05
Spain,Ammonium,2008,0.256
Spain,Ammonium,2006,0.023
Spain,Ammonium,2010,0.023
Spain,Ammonium,2006,0.068
Spain,Ammonium,2009,0.1
Spain,Nitrite,2009,0.005
Spain,Dissolved oxygen,2010,8.15
Spain,Dissolved oxygen,2009,4.6
Belgium,Nitrate,2020,53.538
Belgium,Nitrate,2020,1.044
Belgium,Nitrate,2020,0.691
Spain,Nitrate,2008,3.05
Netherlands,Nitrate,2005,0.66
Spain,Nitrate,2008,9.8
Spain,Ammonium,2008,0.218
Netherlands,Ammonium,2007,0.84
Spain,Ammonium,2003,0.236
Spain,Ammonium,2005,0.11
Spain,Dissolved oxygen,2011,4.2
Spain,Nitrite,2006,0.07
Spain,Nitrite,2008,0.008
Bulgaria,Nitrite,2004,0.054
Spain,Ammonium,2012,0.023
Netherlands,Ammonium,2006,2.85
Spain,Ammonium,2009,0.091
Spain,Ammonium,2007,0.241
Spain,Ammonium,2007,0.239
Spain,Nitrate,2009,25.725
Spain,Nitrate,2011,25.85
Spain,Ammonium,2008,0.2645
Spain,Ammonium,2010,0.0051
Spain,Ammonium,2006,0.04
Spain,Ammonium,2009,0.7
Spain,Ammonium,2011,0.05
Spain,Ammonium,2010,0.345
Spain,Ammonium,2010,0.065
Spain,Ammonium,2010,0.023
Spain,Ammonium,2006,0.036
Spain,Dissolved oxygen,2007,6.65
Belgium,Nitrite,2010,0.032
Spain,Nitrite,2012,3.35433
Spain,Nitrite,2006,0.011
Spain,Nitrite,2010,0.0133
Spain,Nitrate,2011,8.0
Spain,Nitrate,2009,7.92
Spain,Dissolved oxygen,2012,7.4
Spain,Nitrite,2011,0.023
Bulgaria,Dissolved oxygen,2005,5.167
Spain,Nitrite,2007,0.03
Spain,Nitrite,2010,0.005
Spain,Nitrate,2008,20.283
Belgium,Nitrate,2017,13.5
Belgium,Nitrate,2017,18.4285714286
Spain,Nitrate,2005,0.4
Spain,Nitrate,2011,49.225
Spain,Nitrate,2006,7.55
Spain,Nitrate,2010,105.6939
Spain,Nitrate,2011,2.3165
Spain,Ammonium,2009,0.023
Spain,Ammonium,2008,0.2939
Spain,Ammonium,2010,0.4617
Bulgaria,Ammonium,2005,0.023
Spain,Nitrate,2010,5.5
Belgium,Nitrate,2020,0.27
Bulgaria,Nitrate,2005,2.242
Belgium,Nitrate,2020,0.432
Belgium,Nitrate,2020,6.463
Belgium,Nitrate,2020,5.295
Spain,Nitrate,2007,229.0
Spain,Nitrate,2011,9.0965
Spain,Nitrate,2007,2.095
Spain,Nitrate,2010,11.3633
Spain,Nitrate,2007,38.5
Spain,Nitrate,2006,57.0
Spain,Nitrate,2012,4.61
Spain,Nitrate,2009,2.45
Belgium,Nitrate,2015,49.68
Spain,Nitrite,2007,0.02
Belgium,Nitrite,2007,0.0293
Belgium,Nitrite,2012,0.0299
Spain,Dissolved oxygen,2011,5.5
Belgium,Nitrite,2009,0.005
Spain,Nitrite,2008,0.005
Belgium,Dissolved oxygen,2020,0.2
Belgium,Dissolved oxygen,2020,0.978
Spain,Nitrite,2007,0.005
Spain,Nitrite,2010,0.005
Spain,Dissolved oxygen,2007,7.2
Spain,Nitrite,2012,0.0018
Spain,Dissolved oxygen,2003,4.35
Spain,Dissolved oxygen,2010,8.2
Spain,Ammonium,2010,0.05
Spain,Ammonium,2004,0.72
Spain,Ammonium,2006,0.103
Spain,Ammonium,2008,0.167
Belgium,Ammonium,2011,0.01
Bulgaria,Ammonium,2005,0.059
Spain,Ammonium,2003,0.193
Bulgaria,Ammonium,2002,0.002
Spain,Nitrate,2012,68.2
Malta,Nitrate,2004,42.53
Spain,Nitrate,2011,2.5
Belgium,Nitrate,2020,0.523
Belgium,Nitrate,2020,33.605
Belgium,Nitrate,2020,4.852
Belgium,Ammonium,2012,0.0272
Hungary,Ammonium,2006,0.5874
Romania,Ammonium,2014,1.642
Romania,Ammonium,2015,0.5346
Spain,Ammonium,2008,0.218
Spain,Dissolved oxygen,2007,4.9
Spain,Nitrite,2012,0.005
Spain,Nitrite,2011,0.023
Spain,Nitrite,2007,0.012
Spain,Nitrite,2006,0.025
Belgium,Nitrate,2020,63.827
Spain,Nitrate,2011,29.0
Belgium,Nitrate,2012,23.52
Belgium,Nitrate,2008,58.0
Spain,Nitrate,2007,5.5
Belgium,Nitrate,2009,23.7784
Belgium,Nitrate,2020,0.2
Spain,Nitrate,2011,24.0
Spain,Nitrate,2007,12.783
Spain,Nitrate,2012,4.0
Spain,Nitrate,2006,19.3
Spain,Nitrite,2010,0.0011
Spain,Nitrite,2003,0.058
Spain,Nitrite,2005,0.064
Spain,Nitrite,2008,0.005
Spain,Nitrite,2011,0.023
Spain,Nitrate,2008,16.95
Spain,Nitrate,2011,4.85
Spain,Nitrate,2012,60.32143
Spain,Nitrate,2011,115.0
Hungary,Nitrate,2006,0.45
Spain,Dissolved oxygen,2008,1.3
Spain,Nitrite,2009,0.01
Spain,Nitrite,2003,0.012
Spain,Nitrite,2011,0.0525
Spain,Dissolved oxygen,2010,6.16
Belgium,Ammonium,2000,0.013
Belgium,Ammonium,2007,0.0188
Spain,Ammonium,2009,0.065
Spain,Ammonium,2007,0.079
Spain,Ammonium,2006,0.18
Finland,Ammonium,2007,0.0023
Spain,Ammonium,2003,0.026
Spain,Dissolved oxygen,2008,7.6
Spain,Nitrite,2010,0.005
Bulgaria,Nitrite,2004,0.006
Belgium,Dissolved oxygen,2020,0.733
Belgium,Dissolved oxygen,2020,6.348
Spain,Ammonium,2007,0.09
Spain,Ammonium,2010,0.023
Spain,Ammonium,2003,0.032
Finland,Ammonium,2004,0.0035
Spain,Ammonium,2008,0.237
Spain,Ammonium,2003,0.035
Spain,Ammonium,2005,0.718
Spain,Ammonium,2003,0.75
Bulgaria,Ammonium,2002,0.082
Spain,Ammonium,2009,0.05
Spain,Ammonium,2003,0.07
Spain,Ammonium,2004,0.123
Spain,Ammonium,2006,0.142
Spain,Ammonium,2010,0.023
Belgium,Ammonium,2008,1.169
Spain,Ammonium,2003,0.072
Spain,Ammonium,2009,0.023
Montenegro,Ammonium,2006,0.02
Spain,Ammonium,2006,0.025
Spain,Ammonium,2009,0.05
Spain,Ammonium,2008,0.023
Spain,Ammonium,2010,0.05
Spain,Ammonium,2006,0.27
Spain,Ammonium,2008,0.025
Spain,Ammonium,2009,0.023
Belgium,Ammonium,2011,0.02
Spain,Ammonium,2012,0.023
Spain,Ammonium,2009,0.11
Spain,Ammonium,2012,0.1
Spain,Ammonium,2012,25.0
Spain,Ammonium,2008,0.091
Spain,Ammonium,2009,0.065
Spain,Ammonium,2009,0.07
Spain,Nitrate,2009,13.0
Belgium,Nitrate,2020,48.853
Netherlands,Nitrate,2007,0.78
Romania,Ammonium,2006,11.2
Spain,Ammonium,2006,0.023
Spain,Ammonium,2009,0.126
Spain,Ammonium,2006,0.028
Romania,Ammonium,2007,11.8
Spain,Nitrate,2010,11.5667
Spain,Nitrate,2003,10.222
Bulgaria,Nitrate,2000,31.324
Spain,Ammonium,2008,0.064
Spain,Ammonium,2007,0.129
Spain,Ammonium,2005,0.168
Belgium,Ammonium,2010,0.02
Spain,Ammonium,2010,0.0525
Spain,Nitrate,2006,3.2
Spain,Nitrate,2007,143.55
Spain,Nitrate,2010,4.0
Spain,Nitrate,2007,29.65
Netherlands,Nitrate,2006,0.66
Spain,Nitrate,2008,17.275
Spain,Nitrate,2012,33.0
Spain,Nitrate,2009,5.851
Spain,Ammonium,2007,0.032
Spain,Ammonium,2011,0.005
Spain,Ammonium,2009,0.1
Spain,Ammonium,2012,0.023
Spain,Ammonium,2012,25.0
Belgium,Nitrate,2017,53.0
Belgium,Nitrate,2017,38.2
Spain,Nitrate,2010,8.1
Belgium,Nitrate,2020,3.99
Belgium,Nitrate,2020,0.577
Belgium,Nitrate,2020,0.542
Belgium,Nitrate,2020,1.19
Spain,Ammonium,2008,0.023
Spain,Ammonium,2010,0.0525
Spain,Ammonium,2005,0.265
Hungary,Ammonium,2006,0.743
Spain,Nitrate,2003,3.6
Netherlands,Nitrate,2009,0.66
Spain,Nitrate,2005,16.44
Spain,Nitrate,2012,149.77129
Spain,Nitrate,2010,5.5175
Belgium,Nitrite,2009,0.179
Spain,Nitrite,2011,0.023
Spain,Nitrite,2011,0.025
Spain,Dissolved oxygen,2009,8.81
Spain,Nitrite,2007,0.01
Spain,Nitrate,2012,141.0
Spain,Nitrate,2011,113.6
Romania,Nitrate,2011,8.916
Bulgaria,Nitrate,2004,28.282
Belgium,Nitrate,2017,53.1818181818
Belgium,Nitrate,2017,16.25
Spain,Nitrate,2006,4.0
Spain,Nitrate,2010,26.2071
Spain,Nitrate,2011,137.5
Spain,Nitrite,2010,0.0011
Belgium,Dissolved oxygen,2020,0.665
Romania,Nitrite,2015,0.01
Romania,Dissolved oxygen,2015,6.08093103448276
Spain,Nitrate,2009,0.09
Spain,Nitrate,2012,121.0
Spain,Nitrate,2010,43.5
Spain,Nitrate,2011,29.5333
Spain,Nitrate,2010,1.0
Belgium,Ammonium,2010,0.01
Spain,Ammonium,2008,0.32
Spain,Ammonium,2006,0.116
Spain,Ammonium,2007,0.09
Spain,Nitrite,2012,0.02
Spain,Dissolved oxygen,2012,1.55
Spain,Nitrite,2011,0.023
Spain,Dissolved oxygen,2009,8.1
Spain,Dissolved oxygen,2012,7.33846
Spain,Nitrite,2006,0.028
Spain,Ammonium,2007,0.218
Spain,Ammonium,2010,0.05
Spain,Ammonium,2012,0.023
Belgium,Ammonium,2012,0.0417
Spain,Ammonium,2008,0.1225
Spain,Ammonium,2007,0.129
Spain,Ammonium,2008,0.116
Spain,Ammonium,2003,0.032
Spain,Dissolved oxygen,2012,8.55714
Spain,Nitrite,2003,0.02
Spain,Nitrite,2011,0.05
Spain,Nitrite,2006,0.145
Spain,Nitrate,2008,147.0
Spain,Nitrate,2006,35.25
Spain,Nitrate,2012,2.57778
Belgium,Nitrate,2009,58.0
Spain,Nitrate,2009,5.0
Spain,Nitrite,2011,0.023
Spain,Dissolved oxygen,2009,6.629
Spain,Dissolved oxygen,2010,7.85
Spain,Nitrite,2003,0.016
Spain,Dissolved oxygen,2011,7.35
Spain,Dissolved oxygen,2012,9.3
Spain,Nitrite,2010,0.0212
Spain,Nitrite,2008,0.005
Spain,Dissolved oxygen,2007,7.725
Belgium,Nitrate,2020,35.116
Belgium,Nitrate,2020,30.677
Belgium,Nitrate,2020,3.67
Belgium,Nitrate,2020,0.426
Belgium,Nitrate,2006,77.674
Spain,Nitrate,2011,6.0
Spain,Ammonium,2004,0.048
Spain,Ammonium,2008,0.278
Romania,Nitrite,2011,0.015
Spain,Nitrite,2011,0.025
Spain,Nitrite,2008,0.025
Belgium,Nitrite,2012,0.0174
Spain,Nitrate,2009,134.0
Spain,Nitrate,2010,114.5
Spain,Nitrate,2006,12.8
Spain,Nitrate,2007,4.5
Spain,Nitrate,2008,3.7
Belgium,Nitrite,2003,0.007
Spain,Nitrite,2004,0.065
Spain,Nitrite,2012,0.04
Spain,Dissolved oxygen,2010,7.4
Spain,Dissolved oxygen,2011,6.1
Belgium,Dissolved oxygen,2020,4.33
Belgium,Dissolved oxygen,2020,9.07
Spain,Nitrite,2008,0.005
Spain,Dissolved oxygen,2010,6.5
Spain,Nitrite,2003,0.02
Spain,Nitrite,2011,0.023
Spain,Dissolved oxygen,2011,6.5
Spain,Nitrite,2010,0.005
Spain,Nitrite,2010,0.0087
Spain,Ammonium,2006,0.215
Spain,Ammonium,2006,0.18
Spain,Ammonium,2008,0.055
Spain,Nitrate,2008,4.088
Spain,Nitrate,2008,12.758
Spain,Nitrate,2008,1.667
Spain,Nitrate,2011,49.0
Spain,Nitrite,2011,0.1
Belgium,Nitrite,2012,0.0078
Spain,Nitrite,2007,0.065
Belgium,Dissolved oxygen,2020,0.494
Belgium,Dissolved oxygen,2020,0.294
Spain,Nitrite,2006,0.005
Spain,Nitrite,2007,0.005
Spain,Dissolved oxygen,2008,8.342
Spain,Dissolved oxygen,2003,7.067
Spain,Nitrite,2003,0.02
Spain,Dissolved oxygen,2006,7.9
Bulgaria,Dissolved oxygen,2002,7.925
Belgium,Nitrite,2008,0.006
Spain,Nitrite,2006,0.138
Romania,Nitrate,2011,4.47
Bulgaria,Nitrate,2002,2.759
Spain,Nitrate,2009,3.16
Belgium,Nitrate,2016,18.5263157895
Spain,Nitrite,2012,0.03
Spain,Nitrite,2011,0.025
Spain,Dissolved oxygen,2012,8.14286
Spain,Nitrite,2008,0.028
Spain,Nitrite,2004,0.127
Spain,Nitrite,2008,0.021
Spain,Dissolved oxygen,2006,8.7
Spain,Dissolved oxygen,2011,7.3
Spain,Nitrite,2011,0.023
Spain,Nitrite,2007,0.037
Spain,Nitrite,2006,0.018
Spain,Nitrite,2003,0.01
Spain,Nitrite,2007,0.005
Spain,Dissolved oxygen,2007,7.6
Spain,Nitrite,2009,0.005
Hungary,Nitrite,2007,0.0199
Spain,Nitrite,2009,0.025
Spain,Nitrite,2008,0.034
Spain,Nitrite,2012,0.005
Spain,Nitrite,2006,0.022
Bulgaria,Dissolved oxygen,2004,6.592
Spain,Dissolved oxygen,2012,11.1
Spain,Nitrite,2009,0.025
Spain,Nitrite,2003,0.005
Spain,Nitrite,2006,0.005
Spain,Nitrite,2009,0.005
Spain,Nitrate,2007,19.867
Spain,Nitrate,2006,141.0
Spain,Nitrate,2011,92.0
Spain,Nitrate,2010,7.2767
Spain,Nitrate,2004,11.517
Romania,Nitrate,2006,3.8
Romania,Nitrate,2008,1.325
Spain,Nitrate,2008,10.763
Spain,Nitrate,2010,10.9857
Spain,Nitrate,2011,2.5
Spain,Nitrate,2004,1.2
Spain,Nitrate,2003,66.0
Spain,Nitrate,2009,42.05
Spain,Nitrate,2010,36.3873
Belgium,Nitrate,2017,34.8108108108
Lithuania,Nitrate,2002,1.09
Belgium,Dissolved oxygen,2020,0.2
Spain,Nitrite,2004,0.05
Spain,Dissolved oxygen,2011,5.8
Spain,Dissolved oxygen,2008,6.833
Spain,Nitrite,2010,0.0096
Spain,Nitrite,2003,0.008
Spain,Dissolved oxygen,2010,8.3
Spain,Nitrite,2008,0.005
Spain,Dissolved oxygen,2007,6.9
Spain,Nitrite,2009,0.025
Spain,Dissolved oxygen,2009,7.5
Spain,Nitrite,2007,0.024
Spain,Nitrite,2010,0.0313
Spain,Dissolved oxygen,2007,10.0
Spain,Nitrite,2006,0.01
Spain,Dissolved oxygen,2011,1.1
Romania,Nitrite,2006,0.02
Romania,Dissolved oxygen,2008,3.642
Spain,Dissolved oxygen,2009,5.59
Spain,Nitrite,2011,0.023
Spain,Dissolved oxygen,2011,4.05
Romania,Nitrite,2007,0.014
Romania,Dissolved oxygen,2007,6.95
Romania,Nitrite,2009,0.016
Spain,Nitrite,2012,0.06569
Spain,Nitrite,2008,0.035
Spain,Ammonium,2010,0.023
Spain,Ammonium,2006,0.023
Spain,Ammonium,2007,0.129
Spain,Ammonium,2008,0.052
Spain,Ammonium,2012,0.025
Romania,Dissolved oxygen,2010,6.264
Romania,Nitrite,2009,0.07
Romania,Nitrite,2011,0.032
Spain,Dissolved oxygen,2009,6.84
Spain,Nitrite,2008,0.031
Spain,Dissolved oxygen,2010,7.5
Bulgaria,Dissolved oxygen,2005,7.425
Spain,Dissolved oxygen,2007,9.1
Spain,Nitrite,2009,0.025
Spain,Dissolved oxygen,2011,4.6
Spain,Nitrite,2011,0.023
Spain,Nitrite,2012,0.06569
Spain,Nitrite,2003,0.019
Spain,Nitrite,2009,0.021
Spain,Dissolved oxygen,2009,6.85
Belgium,Nitrate,2017,38.4545454545
Belgium,Nitrate,2017,52.2
Belgium,Nitrate,2017,4.82142857143
Hungary,Nitrate,2006,0.6461
Hungary,Nitrate,2006,3.7321
Belgium,Nitrate,2016,26.96
Hungary,Nitrite,2006,0.005
Belgium,Nitrite,2016,0.066
Belgium,Nitrite,2016,0.106
Spain,Nitrite,2006,0.036
Belgium,Nitrate,2016,64.45
Belgium,Nitrate,2016,50.54
Belgium,Nitrate,2016,59.09
Belgium,Nitrate,2016,58.46
Belgium,Nitrate,2016,3.85
Belgium,Nitrate,2016,71.92
Lithuania,Nitrate,2005,1.9077
Belgium,Nitrite,2016,0.152
Belgium,Nitrite,2016,0.11
Belgium,Nitrite,2016,0.044
Belgium,Nitrite,2016,0.088
Spain,Nitrite,2008,0.035
Spain,Ammonium,2003,0.032
Spain,Ammonium,2006,0.023
Spain,Ammonium,2004,0.065
Spain,Ammonium,2004,0.282
Spain,Ammonium,2010,0.023
Spain,Ammonium,2004,0.116
Spain,Nitrate,2012,197.21115
Netherlands,Nitrate,2008,0.66
Spain,Nitrate,2006,6.0
Spain,Nitrate,2004,2.2
Belgium,Nitrate,2020,50.9
Belgium,Nitrate,2020,27.584
Spain,Nitrate,2009,40.45
Belgium,Nitrate,2017,22.5789473684
Belgium,Nitrate,2017,15.7083333333
Belgium,Nitrate,2017,7.71428571429
Belgium,Nitrate,2016,72.13
Spain,Nitrite,2008,0.05
Spain,Dissolved oxygen,2009,5.42
Finland,Dissolved oxygen,2004,11.25
Bulgaria,Nitrite,2001,0.014
Bulgaria,Dissolved oxygen,2005,7.979
Spain,Dissolved oxygen,2008,0.2
Spain,Nitrite,2006,0.085
Spain,Ammonium,2009,0.01
Spain,Ammonium,2003,0.026
Spain,Ammonium,2003,0.116
Hungary,Ammonium,2007,0.8501
Spain,Nitrite,2006,0.005
Spain,Nitrite,2008,0.009
Spain,Nitrite,2010,0.025
Spain,Nitrite,2008,0.005
Spain,Nitrate,2012,32.0
Belgium,Nitrate,2011,23.24
Spain,Nitrate,2010,2.9861
Spain,Nitrate,2006,20.5
Belgium,Nitrate,2020,17.627
Belgium,Nitrate,2020,57.851
Hungary,Ammonium,2006,1.0321
Hungary,Ammonium,2006,0.9007
Spain,Ammonium,2006,0.074
Belgium,Ammonium,2011,0.03
Hungary,Ammonium,2006,0.5592
Spain,Nitrite,2009,0.023
Spain,Dissolved oxygen,2008,8.3
Spain,Dissolved oxygen,2008,8.333
Spain,Dissolved oxygen,2012,8.0
Spain,Nitrite,2011,0.32
Spain,Nitrite,2005,0.005
Spain,Dissolved oxygen,2012,6.9
Romania,Dissolved oxygen,2011,4.87
Romania,Nitrite,2008,0.067
Romania,Nitrite,2010,0.02
Romania,Nitrite,2010,0.035
Spain,Dissolved oxygen,2008,10.05
Spain,Dissolved oxygen,2012,7.8
Spain,Nitrite,2008,0.023
Spain,Dissolved oxygen,2005,9.5
Spain,Dissolved oxygen,2009,10.07
Hungary,Nitrite,2006,0.0317
Belgium,Nitrite,2016,0.034
Belgium,Nitrite,2016,0.03
Belgium,Nitrite,2007,0.0067
Hungary,Nitrite,2007,0.0075
Spain,Dissolved oxygen,2012,10.3
Spain,Nitrite,2003,0.02
Bulgaria,Dissolved oxygen,2005,3.22
Spain,Dissolved oxygen,2006,9.2
Belgium,Nitrite,2016,0.03
Belgium,Nitrite,2016,0.081
Belgium,Nitrite,2002,0.01
Belgium,Nitrite,2006,0.0069
Hungary,Nitrite,2007,0.0252
Belgium,Nitrate,2020,26.872
Spain,Nitrate,2009,10.1
Spain,Nitrate,2012,54.44887
Spain,Nitrate,2004,19.09
Spain,Nitrate,2006,18.98
Spain,Nitrite,2008,0.035
Finland,Dissolved oxygen,2012,9.23
Finland,Dissolved oxygen,2007,8.45
Spain,Nitrite,2011,0.0313
Spain,Dissolved oxygen,2008,8.2
Spain,Dissolved oxygen,2009,3.63
Belgium,Nitrite,2016,0.037
Belgium,Nitrite,2016,0.03
Spain,Nitrate,2008,30.0
Spain,Nitrate,2012,108.0
Spain,Nitrate,2006,36.6
Romania,Nitrate,2007,4.1
Spain,Nitrate,2007,3.7
Belgium,Ammonium,2016,2.71
Spain,Ammonium,2010,0.05
Spain,Ammonium,2010,0.0056
Spain,Ammonium,2009,0.025
Spain,Ammonium,2007,0.32
Spain,Nitrate,2009,9.2
Spain,Nitrate,2009,3.8
Belgium,Nitrate,2017,25.5714285714
Belgium,Nitrate,2017,25.56
Spain,Ammonium,2004,0.133
Spain,Ammonium,2009,0.013
Spain,Ammonium,2012,1.255
Romania,Ammonium,2006,0.19
Spain,Ammonium,2007,0.026
Hungary,Nitrite,2006,0.1141
Romania,Nitrite,2006,0.046
Romania,Nitrite,2008,0.012
Spain,Nitrite,2010,0.0012
Belgium,Nitrite,2016,0.126
Belgium,Nitrite,2016,0.037
Belgium,Nitrite,2016,0.08
Hungary,Nitrite,2006,0.0085
Lithuania,Nitrite,2003,0.268
Belgium,Nitrite,2008,0.007
Spain,Nitrite,2007,0.05
Spain,Dissolved oxygen,2010,7.8
Belgium,Nitrite,2006,0.0087
Spain,Dissolved oxygen,2007,8.1
Spain,Nitrite,2006,0.042
Spain,Dissolved oxygen,2008,8.483
Belgium,Nitrite,2004,0.007
Belgium,Nitrite,2016,0.03
Romania,Dissolved oxygen,2009,3.57
Romania,Dissolved oxygen,2011,3.04
Spain,Nitrate,2009,12.8
Belgium,Nitrate,2017,11.4260869565
Belgium,Nitrate,2017,37.8
Belgium,Nitrate,2016,55.61
Belgium,Nitrate,2016,65.11
Spain,Nitrate,2006,7.975
Spain,Nitrate,2008,1.698
Belgium,Nitrate,2017,12.55
Belgium,Nitrate,2017,28.5833333333
Belgium,Nitrate,2016,72.79
Belgium,Nitrate,2016,43.21
Belgium,Nitrate,2000,7.779
Spain,Ammonium,2008,0.261
Belgium,Ammonium,2016,0.26
Belgium,Ammonium,2004,0.026
Lithuania,Ammonium,2002,0.8266
Spain,Nitrite,2007,0.005
Finland,Dissolved oxygen,2009,9.93
Belgium,Nitrite,2016,0.073
Spain,Nitrite,2006,0.005
Romania,Nitrite,2011,0.098
Spain,Nitrite,2005,0.005
Spain,Nitrite,2007,0.018
Spain,Dissolved oxygen,2009,8.4
Belgium,Nitrate,2016,1.5
Belgium,Nitrate,2016,4.48
Belgium,Nitrate,2002,52.186
Spain,Nitrate,2006,9.5
Belgium,Nitrate,2008,12.043
Hungary,Nitrate,2006,0.4974
Spain,Nitrate,2007,36.867
Spain,Nitrate,2011,9.1
Spain,Nitrate,2007,3.4
Spain,Nitrate,2010,27.4
Finland,Nitrate,2006,0.08
Hungary,Nitrate,2007,0.5167
Spain,Ammonium,2007,0.023
Belgium,Ammonium,2016,0.1
Belgium,Ammonium,2016,3.13
Spain,Ammonium,2006,0.022
Spain,Ammonium,2003,0.032
Spain,Ammonium,2007,0.252
Spain,Ammonium,2003,0.116
Spain,Ammonium,2003,0.044
Spain,Ammonium,2008,0.014
Spain,Ammonium,2012,0.1
Spain,Ammonium,2004,0.222
Spain,Ammonium,2006,0.04
Spain,Dissolved oxygen,2006,8.9
Bulgaria,Dissolved oxygen,2002,5.715
Spain,Dissolved oxygen,2010,7.7
Belgium,Nitrite,2016,0.055
Slovakia,Nitrite,2000,0.005
Hungary,Ammonium,2007,0.7718
Romania,Ammonium,2008,6.236
Belgium,Ammonium,2016,4.04
Belgium,Ammonium,2016,1.95
Belgium,Ammonium,2016,0.83
Spain,Ammonium,2006,0.032
Belgium,Nitrite,2002,0.007
Spain,Nitrite,2008,0.14
Spain,Nitrite,2010,0.0067
Spain,Ammonium,2007,0.013
Spain,Ammonium,2008,0.013
Hungary,Ammonium,2006,1.0318
Lithuania,Ammonium,2004,0.6582
Belgium,Ammonium,2016,0.25
Belgium,Ammonium,2016,0.88
Belgium,Ammonium,2002,0.012
Spain,Ammonium,2007,0.299
Spain,Ammonium,2010,0.01
Spain,Nitrate,2010,15.0
Romania,Nitrate,2008,4.41
Spain,Ammonium,2010,0.0046
Spain,Ammonium,2010,0.023
Belgium,Ammonium,2007,0.0156
Spain,Nitrite,2007,0.015
Spain,Nitrite,2009,0.023
Finland,Nitrite,2012,0.0016
Belgium,Nitrite,2016,0.042
Belgium,Nitrite,2009,0.005
Belgium,Nitrite,2011,0.01
Belgium,Nitrite,2016,0.081
Spain,Dissolved oxygen,2010,10.0
Spain,Dissolved oxygen,2010,6.3
Spain,Dissolved oxygen,2011,8.8
Belgium,Nitrite,2006,0.0053
Romania,Dissolved oxygen,2009,5.81
Romania,Nitrate,2010,0.387
Spain,Nitrate,2007,8.4
Bulgaria,Nitrate,2001,27.42
Bulgaria,Nitrate,2001,24.773
Spain,Nitrate,2007,2.92
Hungary,Nitrite,2007,0.0061
Spain,Nitrite,2007,0.08
Spain,Nitrite,2009,0.008
Spain,Nitrite,2012,0.03
Hungary,Nitrite,2006,0.0498
Belgium,Nitrite,2011,0.01
Spain,Ammonium,2008,0.1197
Belgium,Ammonium,2009,0.0132
Spain,Ammonium,2011,0.005
Belgium,Ammonium,2016,0.58
Spain,Nitrite,2004,0.04
Spain,Nitrite,2010,0.025
Spain,Dissolved oxygen,2012,7.9
Spain,Nitrite,2008,0.005
Belgium,Dissolved oxygen,2021,5.878
Spain,Ammonium,2012,0.023
Spain,Ammonium,2006,0.032
Belgium,Nitrate,2017,4.25
Belgium,Nitrate,2017,30.3333333333
Belgium,Nitrate,2017,16.6666666667
Belgium,Nitrate,2016,0.2
Belgium,Nitrate,2016,33.57
Belgium,Nitrate,2016,40.92
Belgium,Nitrate,2009,11.793
Spain,Ammonium,2009,0.1
Hungary,Ammonium,2007,1.0189
Belgium,Ammonium,2016,0.61
Belgium,Ammonium,2016,0.34
Spain,Dissolved oxygen,2007,8.3
Spain,Nitrite,2009,0.005
Spain,Dissolved oxygen,2008,7.55
Spain,Ammonium,2012,0.1
Spain,Ammonium,2009,0.644
Spain,Ammonium,2008,0.023
Spain,Ammonium,2007,0.09
Spain,Ammonium,2010,0.023
Spain,Ammonium,2007,0.013
Belgium,Ammonium,2008,0.056
Lithuania,Ammonium,2005,0.27
Romania,Ammonium,2009,1.98
Romania,Ammonium,2011,8.28
Spain,Ammonium,2008,0.077
Belgium,Ammonium,2008,0.026
Spain,Ammonium,2012,6.5
Spain,Ammonium,2004,0.163
Spain,Nitrate,2009,12.0
Spain,Nitrate,2008,14.6
Spain,Nitrate,2010,48.625
Spain,Nitrate,2007,6.83
Spain,Nitrate,2009,8.884
Spain,Nitrate,2008,8.125
Spain,Ammonium,2008,0.218
Spain,Ammonium,2008,0.04
Spain,Ammonium,2010,0.025
Romania,Ammonium,2010,1.19
Hungary,Ammonium,2007,0.761
Spain,Nitrate,2003,8.375
Spain,Nitrate,2008,4.2
Spain,Nitrate,2010,1.5
Romania,Nitrate,2007,1.506
Romania,Nitrate,2009,1.067
Belgium,Nitrite,2006,0.0155
Spain,Nitrite,2008,0.042
Spain,Dissolved oxygen,2007,7.7
Spain,Dissolved oxygen,2011,7.1
Belgium,Dissolved oxygen,2021,0.69
Belgium,Ammonium,2016,0.76
Belgium,Ammonium,2016,0.92
Lithuania,Ammonium,2005,0.424
Spain,Ammonium,2009,0.045
Romania,Nitrate,2008,28.62
Romania,Nitrate,2010,59.6301
Spain,Nitrate,2006,69.75
Spain,Nitrate,2008,77.0
Belgium,Nitrate,2010,43.5
Romania,Nitrite,2008,0.074
Spain,Nitrite,2010,0.005
Spain,Nitrite,2007,0.017
Spain,Nitrite,2008,0.037
Bulgaria,Nitrate,2004,7.878
Belgium,Nitrate,2017,28.3571428571
Belgium,Nitrate,2016,20.36
Spain,Dissolved oxygen,2008,8.1375
Belgium,Nitrite,2008,0.006
Spain,Nitrite,2003,0.02
Romania,Dissolved oxygen,2010,5.54
Spain,Nitrite,2011,0.025
Spain,Nitrite,2007,0.005
Spain,Dissolved oxygen,2010,4.4
Spain,Dissolved oxygen,2010,6.125
Spain,Nitrate,2009,8.575
Spain,Nitrate,2007,2.2
Belgium,Nitrate,2018,24.3448888888889
Spain,Nitrate,2010,4.835
Spain,Nitrate,2008,57.05
Spain,Nitrite,2008,0.008
Romania,Dissolved oxygen,2011,3.69
Romania,Nitrite,2006,0.038
Spain,Dissolved oxygen,2009,4.6
Spain,Dissolved oxygen,2012,7.8
Belgium,Nitrate,2017,40.5172413793
Belgium,Nitrate,2017,26.125
Belgium,Nitrate,2017,42.2608695652
Belgium,Nitrate,2017,12.1666666667
Belgium,Nitrate,2017,16.8333333333
Belgium,Nitrate,2016,54.2
Belgium,Nitrate,2016,18.32
Spain,Ammonium,2006,0.032
Spain,Ammonium,2009,0.023
Spain,Ammonium,2011,0.0333
Spain,Ammonium,2009,0.05
Belgium,Nitrate,2006,38.7052
Spain,Nitrate,2007,2.5
Spain,Ammonium,2007,0.013
Spain,Ammonium,2012,0.1
Spain,Ammonium,2005,0.023
Spain,Ammonium,2007,0.023
Spain,Nitrite,2009,0.026
Spain,Nitrite,2010,0.025
Spain,Nitrite,2003,0.005
Belgium,Ammonium,2002,0.013
Belgium,Ammonium,2011,0.01
Romania,Ammonium,2008,0.468
Romania,Ammonium,2009,0.454
Spain,Ammonium,2006,0.093
Spain,Ammonium,2007,0.103
Spain,Ammonium,2009,0.013
Belgium,Ammonium,2007,0.0359
Spain,Ammonium,2010,0.0225
Spain,Ammonium,2010,0.023
Spain,Nitrate,2006,8.0
Spain,Nitrate,2012,9.195
Spain,Nitrate,2007,1.2
Spain,Nitrate,2012,5.0
Belgium,Dissolved oxygen,2021,6.741
Belgium,Dissolved oxygen,2021,0.64
Spain,Nitrite,2010,0.0298
Belgium,Nitrite,2011,0.01
Spain,Nitrite,2010,0.0237
Spain,Ammonium,2006,0.023
Spain,Ammonium,2012,0.05
Spain,Ammonium,2003,0.064
Romania,Ammonium,2007,0.054
Spain,Nitrate,2006,2.1
Finland,Nitrate,2004,0.24
Belgium,Nitrate,2010,43.58
Belgium,Nitrate,2012,55.42
Spain,Nitrate,2008,2.5
Spain,Nitrite,2008,0.005
Spain,Nitrite,2007,0.04
Belgium,Nitrite,2016,0.038
Spain,Dissolved oxygen,2007,3.2
Spain,Nitrate,2009,13.585
Spain,Nitrate,2006,2.8
Spain,Nitrate,2008,46.833
Spain,Nitrate,2006,2.8
Romania,Ammonium,2010,0.484
Finland,Ammonium,2004,0.0017
Finland,Ammonium,2007,0.0013
Spain,Ammonium,2004,0.022
Spain,Ammonium,2007,0.028
Belgium,Nitrate,2018,53.7831304347826
Belgium,Nitrate,2007,10.4419
Spain,Nitrate,2003,13.6
Spain,Nitrate,2009,1.062
Spain,Nitrate,2008,111.7
Spain,Nitrite,2011,0.023
Belgium,Nitrite,2004,0.076
Finland,Nitrite,2009,0.0016
Spain,Nitrate,2009,55.45
Spain,Nitrate,2006,52.0
Finland,Nitrate,2000,0.0363
Spain,Nitrate,2012,1.0
Spain,Nitrate,2010,15.45
Spain,Nitrate,2011,36.7
Spain,Nitrate,2008,28.988
Romania,Nitrate,2006,3.245
Finland,Nitrate,2002,0.2
Spain,Nitrate,2010,8.35
Finland,Ammonium,2010,0.0013
Finland,Ammonium,2010,0.0069
Spain,Ammonium,2008,0.032
Spain,Ammonium,2009,0.111
Spain,Ammonium,2006,0.023
Spain,Nitrate,2009,33.067
Spain,Nitrate,2003,1.05
Spain,Nitrate,2006,7.1
Spain,Nitrate,2008,5.2
Spain,Nitrate,2008,30.0
Belgium,Nitrite,2010,0.014
Belgium,Nitrite,2008,0.008
Spain,Nitrite,2007,0.045
Spain,Nitrite,2003,0.008
Spain,Nitrite,2006,0.011
Belgium,Dissolved oxygen,2021,6.266
Belgium,Dissolved oxygen,2021,0.52
Spain,Nitrite,2010,0.029
Spain,Nitrite,2008,0.035
Spain,Nitrite,2007,0.016
Spain,Nitrite,2009,0.023
Spain,Dissolved oxygen,2007,8.8
Spain,Nitrite,2011,0.023
Spain,Dissolved oxygen,2008,4.8
Spain,Nitrate,2010,32.5
Romania,Nitrate,2009,7.19
Romania,Nitrate,2010,6.03
Spain,Nitrate,2006,57.95
Spain,Nitrate,2012,4.67667
Belgium,Nitrate,2008,46.438
Hungary,Nitrite,2006,0.0215
Hungary,Nitrite,2007,0.053
Spain,Dissolved oxygen,2004,9.45
Spain,Nitrite,2012,0.03
Spain,Nitrite,2008,0.005
Spain,Nitrate,2007,7.825
Spain,Nitrate,2012,56.0
Spain,Nitrate,2004,8.35
Spain,Nitrate,2008,7.056
Spain,Nitrate,2010,17.8017
Spain,Nitrite,2011,0.025
Spain,Nitrite,2006,0.005
Spain,Nitrite,2007,0.02
Spain,Nitrite,2011,0.023
Spain,Nitrite,2008,0.038
Spain,Nitrite,2011,0.023
Spain,Nitrite,2011,0.023
Spain,Nitrite,2009,0.005
Belgium,Ammonium,2006,0.0347
Spain,Ammonium,2004,0.074
Spain,Ammonium,2006,0.113
Spain,Ammonium,2008,0.026
Spain,Ammonium,2009,0.025
Spain,Ammonium,2003,0.032
Spain,Ammonium,2008,0.032
Spain,Ammonium,2010,0.025
Spain,Ammonium,2008,0.106
Spain,Nitrite,2011,0.1
Spain,Nitrite,2007,0.014
Spain,Nitrite,2012,0.5
Spain,Dissolved oxygen,2007,8.925
Spain,Nitrite,2009,0.02
Spain,Nitrite,2008,0.005
Spain,Nitrite,2005,0.202
Spain,Nitrite,2010,0.0141
Belgium,Nitrite,2003,0.007
Spain,Nitrate,2011,127.25
Hungary,Nitrate,2007,0.3592
Belgium,Nitrate,2007,14.4747
Spain,Nitrate,2007,9.26
Spain,Nitrate,2009,9.605
Belgium,Nitrite,2009,0.0082
Spain,Dissolved oxygen,2008,8.825
Spain,Nitrite,2010,0.0168
Spain,Nitrite,2012,0.03
Spain,Dissolved oxygen,2008,7.025
Spain,Nitrate,2011,2.25
Spain,Nitrate,2009,9.25
Spain,Nitrate,2004,123.0
Spain,Nitrate,2006,79.0
Spain,Nitrate,2011,121.0
Spain,Dissolved oxygen,2005,63.7
Spain,Dissolved oxygen,2008,7.8
Spain,Nitrite,2007,0.018
Spain,Dissolved oxygen,2006,8.45
Spain,Nitrite,2006,0.005
Spain,Nitrite,2007,0.005
Spain,Nitrite,2012,0.005
Spain,Nitrite,2009,0.039
Spain,Nitrite,2009,0.025
Spain,Nitrate,2003,40.0
Spain,Nitrate,2009,1.952
Spain,Nitrate,2007,104.458
Finland,Nitrate,2003,0.059
Finland,Nitrate,2009,0.05
Spain,Nitrate,2009,60.6
Spain,Nitrate,2012,84.0
Spain,Nitrate,2012,2.34
Spain,Nitrate,2006,69.5
Spain,Nitrate,2012,11.06684
Spain,Nitrate,2009,30.917
Belgium,Nitrate,2003,9.05
Spain,Nitrate,2009,91.0
Spain,Nitrate,2009,2.6
Spain,Ammonium,2006,0.27
Belgium,Ammonium,2016,1.47
Belgium,Ammonium,2016,1.88
Spain,Ammonium,2003,0.021
Spain,Ammonium,2006,0.055
Spain,Nitrate,2011,22.4
Spain,Nitrate,2010,0.1389
Spain,Nitrate,2010,3.0
Finland,Nitrate,2008,0.14
Spain,Nitrate,2009,57.102
Spain,Nitrate,2010,40.825
Spain,Nitrate,2007,41.0
Spain,Nitrate,2009,24.25
Spain,Nitrate,2007,12.25
Spain,Nitrate,2006,9.75
Spain,Nitrate,2012,9.31
Spain,Nitrate,2007,0.5
Spain,Nitrate,2003,2.2
Spain,Nitrate,2007,23.85
Spain,Nitrate,2009,37.5
Spain,Nitrate,2007,65.5
Belgium,Nitrate,2018,38.3776666666667
Spain,Nitrate,2012,15.11429
Spain,Nitrate,2004,6.3
Spain,Nitrate,2006,2.0
Belgium,Ammonium,2008,0.012
Belgium,Ammonium,2008,0.021
Spain,Ammonium,2011,0.009
Belgium,Ammonium,2002,0.01
Hungary,Ammonium,2007,1.5681
Belgium,Ammonium,2010,0.02
Belgium,Ammonium,2009,0.0238
Spain,Ammonium,2007,0.125
Spain,Ammonium,2007,0.129
Spain,Ammonium,2008,0.013
Spain,Nitrite,2010,0.0239
Spain,Dissolved oxygen,2003,8.65
Spain,Nitrite,2007,0.187
Spain,Nitrite,2007,0.012
Spain,Nitrate,2010,2.042
Belgium,Nitrate,2007,45.6478
Spain,Nitrate,2009,61.25
Spain,Dissolved oxygen,2009,10.89
Spain,Nitrite,2008,0.019
Spain,Nitrite,2011,0.023
Spain,Dissolved oxygen,2008,5.95
Spain,Nitrite,2009,0.363
Belgium,Dissolved oxygen,2021,1.465
Belgium,Dissolved oxygen,2021,1.134
Belgium,Dissolved oxygen,2021,5.612
Spain,Nitrite,2010,0.2735
Spain,Nitrite,2009,0.005
Spain,Nitrate,2011,75.5
Spain,Nitrate,2009,3.495
Belgium,Nitrate,2003,15.279
Spain,Nitrate,2007,1.892
Spain,Dissolved oxygen,2008,1.4
Spain,Nitrite,2008,0.026
Spain,Nitrite,2009,0.024
Spain,Nitrite,2012,2.51
Spain,Nitrite,2009,0.008
Spain,Ammonium,2011,0.02
Finland,Ammonium,2009,0.0354
Spain,Ammonium,2008,0.248
Spain,Nitrate,2011,84.0
Spain,Nitrate,2006,4.0
Spain,Nitrate,2007,4.0
Spain,Nitrate,2009,3.333
Belgium,Nitrite,2010,0.014
Spain,Nitrite,2006,0.05
Spain,Dissolved oxygen,2008,4.85
Spain,Dissolved oxygen,2009,10.3
Spain,Nitrite,2009,0.005
Spain,Dissolved oxygen,2009,8.15
Spain,Nitrite,2008,0.005
Spain,Nitrite,2010,0.025
Spain,Nitrate,2007,8.7
Spain,Nitrate,2007,39.7
Belgium,Nitrate,2000,26.906
Spain,Nitrate,2006,13.5
Spain,Nitrate,2012,23.0
Spain,Nitrate,2006,22.7
Belgium,Nitrate,2006,18.1529
Belgium,Nitrate,2008,19.078
Belgium,Nitrate,2012,13.11
Romania,Nitrate,2015,5.77651666666667
Belgium,Nitrate,2011,12.8
Spain,Nitrate,2006,22.5
Spain,Nitrate,2007,31.75
Spain,Nitrate,2006,64.0
Spain,Nitrate,2012,35.65
Belgium,Nitrate,2001,26.999
Belgium,Nitrite,2007,0.0237
Belgium,Nitrite,2001,0.007
Belgium,Nitrite,2016,0.03
Spain,Nitrite,2010,0.0092
Spain,Ammonium,2007,0.005
Spain,Ammonium,2008,0.068
Spain,Ammonium,2009,0.038
Spain,Ammonium,2007,0.023
Spain,Ammonium,2011,0.005
Belgium,Ammonium,2012,0.0304
Spain,Ammonium,2007,0.243
Spain,Dissolved oxygen,2012,7.59444
Spain,Nitrite,2008,0.026
Spain,Dissolved oxygen,2006,11.8
Belgium,Nitrite,2009,0.0102
Spain,Dissolved oxygen,2006,8.2
Spain,Ammonium,2009,0.023
Spain,Ammonium,2009,0.023
Spain,Ammonium,2010,0.035
Spain,Ammonium,2008,0.122
Spain,Ammonium,2012,0.023
Spain,Ammonium,2009,0.065
Spain,Ammonium,2010,0.023
Spain,Ammonium,2009,0.1
Spain,Nitrite,2009,1.352
Spain,Nitrite,2011,0.025
Spain,Dissolved oxygen,2012,10.9
Spain,Dissolved oxygen,2007,8.1
Spain,Dissolved oxygen,2009,8.0
Spain,Nitrite,2006,0.085
Spain,Nitrite,2008,0.005
Spain,Nitrite,2011,0.023
Spain,Nitrite,2007,0.035
Spain,Ammonium,2011,0.01
Belgium,Ammonium,2012,0.0269
Spain,Ammonium,2003,0.055
Spain,Ammonium,2011,0.014
Spain,Ammonium,2011,0.02
Spain,Nitrate,2007,61.75
Spain,Nitrate,2008,0.936
Spain,Nitrate,2009,0.968
Spain,Nitrate,2006,46.0
Spain,Nitrite,2005,0.018
Belgium,Nitrite,2011,0.01
Belgium,Nitrite,2011,0.01
Belgium,Nitrite,2004,0.006
Belgium,Nitrite,2010,0.008
Spain,Ammonium,2009,0.01
Spain,Ammonium,2009,0.04
Spain,Ammonium,2006,0.023
Belgium,Nitrate,2008,28.854
Belgium,Nitrate,2009,43.976
Belgium,Nitrate,2006,18.9069
Belgium,Nitrate,2006,25.9241
Belgium,Nitrate,2018,15.04
Spain,Nitrate,2010,1.7
Spain,Nitrate,2011,38.5
Spain,Nitrate,2004,58.225
Spain,Nitrate,2009,40.0
Romania,Dissolved oxygen,2015,3.13033333333333
Belgium,Nitrite,2008,0.009
Spain,Dissolved oxygen,2008,1.7
Spain,Dissolved oxygen,2010,8.2
Belgium,Nitrite,2001,0.037
Spain,Ammonium,2008,0.023
Belgium,Ammonium,2000,0.027
Belgium,Ammonium,2016,0.34
Belgium,Ammonium,2016,0.49
Spain,Nitrate,2009,9.9
Belgium,Nitrate,2009,15.7119
Belgium,Nitrate,2002,12.338
Spain,Nitrate,2008,24.0
Spain,Nitrate,2009,2.2
Spain,Nitrate,2007,1.98
Belgium,Nitrate,2006,4.5733
Belgium,Nitrite,2012,0.0106
Romania,Nitrite,2015,0.0175161290322581
Romania,Dissolved oxygen,2015,2.79875
Belgium,Nitrite,2000,0.009
Spain,Nitrite,2009,0.005
Spain,Ammonium,2006,0.025
Spain,Ammonium,2007,0.023
Spain,Ammonium,2008,0.021
Spain,Ammonium,2006,0.023
Spain,Ammonium,2011,0.005
Belgium,Ammonium,2000,0.061
Spain,Ammonium,2008,0.013
Spain,Ammonium,2006,0.382
Spain,Ammonium,2006,0.023
Spain,Ammonium,2011,0.005
Belgium,Nitrite,2007,0.0062
Belgium,Nitrite,2006,0.0113
Lithuania,Nitrite,2000,0.065
Spain,Nitrite,2009,0.012
Spain,Ammonium,2008,0.256
Belgium,Ammonium,2011,0.03
Belgium,Ammonium,2001,0.01
Belgium,Ammonium,2006,0.026
Spain,Nitrite,2008,0.005
Finland,Dissolved oxygen,2010,9.1
Romania,Dissolved oxygen,2006,5.77
Spain,Nitrite,2009,0.005
Spain,Nitrite,2012,0.003
Spain,Nitrite,2006,0.005
Spain,Dissolved oxygen,2006,8.8
Spain,Nitrite,2003,0.052
Spain,Dissolved oxygen,2010,4.1
Spain,Nitrite,2003,0.005
Spain,Dissolved oxygen,2012,9.0
Spain,Dissolved oxygen,2009,7.95
Spain,Nitrite,2007,0.065
Belgium,Dissolved oxygen,2021,4.306
Spain,Dissolved oxygen,2007,8.8
Spain,Nitrite,2004,0.01
Belgium,Nitrite,2008,0.006
Belgium,Nitrite,2010,0.008
Spain,Dissolved oxygen,2009,7.53
Spain,Dissolved oxygen,2011,8.05
Spain,Nitrate,2008,49.0
Belgium,Nitrate,2018,39.3703389830508
Spain,Nitrate,2009,8.1
Spain,Nitrate,2009,30.5
Spain,Nitrate,2011,34.0
Belgium,Ammonium,2006,0.0993
Spain,Ammonium,2012,2.5
Spain,Ammonium,2006,0.033
Spain,Ammonium,2007,0.245
Spain,Ammonium,2008,0.337
Spain,Nitrite,2005,0.005
Belgium,Dissolved oxygen,2021,0.747
Belgium,Dissolved oxygen,2021,3.097
Spain,Dissolved oxygen,2011,10.0
Belgium,Nitrite,2008,0.011
Spain,Nitrate,2008,2.031
Belgium,Nitrate,2011,42.07
Finland,Nitrate,2001,0.36
Romania,Nitrate,2011,51.09
Belgium,Ammonium,2010,0.04
Spain,Ammonium,2007,0.023
Belgium,Ammonium,2011,0.02
Spain,Ammonium,2012,2.5
Spain,Ammonium,2011,0.0256
Spain,Ammonium,2010,0.05
Belgium,Ammonium,2009,0.0122
Belgium,Ammonium,2011,0.01
Belgium,Nitrite,2000,0.024
Spain,Dissolved oxygen,2010,5.4
Belgium,Nitrite,2012,0.0108
Spain,Nitrite,2011,0.1
Spain,Nitrite,2003,0.015
Spain,Ammonium,2009,0.018
Spain,Ammonium,2010,0.02
Spain,Ammonium,2007,0.091
Spain,Nitrate,2009,30.95
Spain,Nitrate,2011,19.25
Spain,Nitrate,2008,173.0
Spain,Nitrate,2007,109.0
Spain,Nitrate,2006,115.5
Spain,Nitrate,2007,3.1
Spain,Nitrate,2007,6.0
Spain,Nitrate,2008,0.75
Spain,Nitrate,2008,2.5
Spain,Nitrate,2004,3.0
Spain,Nitrate,2008,2.433
Belgium,Nitrate,2018,1.0
Belgium,Ammonium,2010,0.01
Belgium,Ammonium,2007,0.0114
Spain,Ammonium,2008,0.013
Spain,Ammonium,2012,0.023
Romania,Ammonium,2015,0.196866666666667
Belgium,Nitrate,2018,25.1143333333333
Belgium,Nitrate,2010,13.2
Spain,Nitrate,2008,11.69
Belgium,Ammonium,2001,0.374
Belgium,Ammonium,2012,0.0325
Spain,Ammonium,2006,0.077
Spain,Ammonium,2007,0.013
Spain,Ammonium,2010,0.065
Spain,Ammonium,2008,0.097
Spain,Nitrate,2011,54.0
Spain,Nitrate,2012,23.5
Spain,Nitrate,2010,3.0
Spain,Nitrate,2007,27.95
Spain,Nitrate,2008,19.3
Spain,Nitrate,2006,24.0
Spain,Nitrate,2006,7.1
Romania,Nitrate,2009,37.293
Belgium,Nitrate,2018,24.2032692307692
Spain,Nitrate,2009,7.9
Slovakia,Ammonium,2000,0.8043
Spain,Ammonium,2012,25.0
Spain,Ammonium,2011,0.045
Spain,Ammonium,2008,0.027
Spain,Ammonium,2004,0.038
Spain,Nitrite,2007,0.02
Spain,Nitrite,2008,0.021
Spain,Dissolved oxygen,2012,5.8
Spain,Nitrite,2010,0.01
Spain,Nitrite,2011,0.023
Spain,Dissolved oxygen,2011,8.2
Romania,Dissolved oxygen,2008,3.45
Romania,Nitrite,2010,0.051
Bulgaria,Dissolved oxygen,2004,6.425
Spain,Nitrite,2012,0.07883
Netherlands,Ammonium,2002,4.25
Spain,Ammonium,2006,0.023
Hungary,Ammonium,2007,0.8533
Romania,Ammonium,2006,33.069
Spain,Ammonium,2006,0.129
Spain,Nitrite,2007,0.005
Spain,Dissolved oxygen,2011,7.25
Spain,Dissolved oxygen,2012,8.9
Spain,Dissolved oxygen,2003,10.45
Spain,Dissolved oxygen,2004,17.7
Spain,Dissolved oxygen,2006,2.0
Spain,Nitrite,2011,0.8
Spain,Nitrite,2011,0.023
Spain,Dissolved oxygen,2011,5.0
Spain,Nitrite,2010,0.0011
Spain,Nitrate,2009,49.3
Belgium,Nitrate,2001,10.323
Belgium,Nitrate,2010,21.92
Spain,Nitrate,2005,2.025
Spain,Nitrate,2011,62.75
Spain,Nitrite,2008,0.005
Spain,Nitrite,2011,0.023
Spain,Dissolved oxygen,2011,6.25
Spain,Dissolved oxygen,2009,8.1
Romania,Nitrate,2006,218.467
Spain,Nitrate,2009,20.8
Spain,Nitrate,2012,2.0
Spain,Nitrate,2007,51.812
Spain,Nitrate,2003,56.219
Spain,Nitrate,2010,20.846
Belgium,Nitrate,2001,0.513
Belgium,Nitrate,2004,71.16
Spain,Nitrate,2006,44.538
Spain,Nitrate,2012,27.0
Spain,Nitrate,2006,29.05
Spain,Nitrate,2007,69.8
Spain,Nitrate,2012,2.0
Spain,Ammonium,2010,0.023
Belgium,Ammonium,2012,0.0238
Spain,Ammonium,2011,0.01
Spain,Ammonium,2004,0.19
Spain,Nitrate,2007,48.3
Spain,Nitrate,2009,47.4
Spain,Nitrate,2009,2.8
Spain,Nitrate,2007,8.7
Spain,Nitrate,2012,9.0
Spain,Nitrate,2009,2.5
Spain,Nitrate,2011,2.5
Belgium,Nitrate,2009,28.0173
Spain,Nitrate,2010,56.7
Spain,Nitrate,2009,142.0
Spain,Nitrite,2006,0.005
Spain,Nitrite,2008,0.005
Spain,Nitrite,2006,0.04
Spain,Dissolved oxygen,2011,2.8
Spain,Nitrite,2011,0.023
Spain,Nitrite,2008,0.005
Spain,Dissolved oxygen,2011,7.4
Spain,Nitrite,2011,0.023
Spain,Nitrate,2006,25.5
Spain,Nitrate,2008,1.7
Spain,Nitrate,2010,0.75
Spain,Nitrate,2012,0.5
Spain,Nitrate,2008,24.812
Spain,Ammonium,2006,0.07
Spain,Ammonium,2008,0.023
Spain,Ammonium,2004,0.065
Spain,Ammonium,2005,0.04
Spain,Ammonium,2003,0.103
Spain,Nitrite,2012,5.0
Spain,Nitrite,2010,0.01
Spain,Nitrite,2009,0.005
Spain,Nitrite,2012,0.5
Romania,Nitrite,2007,0.007
Spain,Ammonium,2007,0.028
Belgium,Ammonium,2005,0.01
Spain,Ammonium,2005,0.025
Spain,Nitrate,2010,1.5
Spain,Nitrate,2011,5.5
Belgium,Nitrate,2011,48.33
Spain,Nitrate,2010,1.0
Spain,Nitrate,2012,18.64
Spain,Nitrate,2009,17.475
Spain,Nitrate,2003,82.6
Spain,Nitrate,2006,22.0
Spain,Nitrate,2007,25.85
Spain,Nitrate,2011,21.5
Romania,Dissolved oxygen,2010,3.845
Spain,Nitrite,2003,0.03
Spain,Nitrite,2005,0.073
Spain,Nitrite,2009,0.008
Spain,Dissolved oxygen,2008,8.0
Spain,Ammonium,2007,0.034
Netherlands,Ammonium,2000,12.16
Spain,Ammonium,2009,0.058
Spain,Ammonium,2012,0.025
Spain,Ammonium,2007,0.206
Netherlands,Ammonium,2001,12.05
Spain,Ammonium,2006,0.02
Spain,Ammonium,2010,0.023
Spain,Nitrate,2008,2.3
Spain,Nitrate,2007,6.1
Spain,Nitrate,2008,3.2
Belgium,Nitrate,2011,20.64
Spain,Nitrate,2009,35.081
Spain,Nitrite,2011,0.025
Spain,Dissolved oxygen,2009,8.5
Spain,Dissolved oxygen,2012,7.3
Spain,Nitrite,2011,0.025
Spain,Nitrite,2006,0.005
Spain,Nitrite,2008,0.005
Spain,Nitrite,2004,0.012
Spain,Nitrite,2006,0.28
Romania,Nitrite,2009,0.012
Spain,Nitrite,2009,0.005
Spain,Ammonium,2012,0.023
Spain,Ammonium,2003,0.045
Belgium,Ammonium,2007,0.0362
Belgium,Ammonium,2004,0.014
Spain,Ammonium,2006,0.023
Spain,Ammonium,2009,0.1
Spain,Ammonium,2011,0.02
Spain,Ammonium,2004,0.065
Spain,Ammonium,2008,0.1801
Spain,Ammonium,2009,0.015
Spain,Ammonium,2007,0.155
Spain,Ammonium,2009,0.05
Belgium,Ammonium,2003,0.027
Belgium,Ammonium,2008,0.012
Belgium,Ammonium,2010,0.03
Spain,Ammonium,2009,0.05
Spain,Ammonium,2009,0.038
Belgium,Ammonium,2009,0.0157
Spain,Nitrite,2009,0.005
Spain,Nitrite,2003,0.262
Spain,Dissolved oxygen,2007,6.7
Spain,Nitrite,2006,0.005
Spain,Ammonium,2007,0.013
Spain,Ammonium,2008,0.013
Spain,Ammonium,2006,0.032
Spain,Ammonium,2009,0.958
Spain,Ammonium,2003,0.108
Spain,Nitrate,2003,33.3
Spain,Nitrate,2012,111.28819
Spain,Nitrate,2011,5.5
Spain,Nitrate,2006,63.0
Spain,Dissolved oxygen,2006,10.0
Spain,Nitrite,2012,0.06569
Spain,Dissolved oxygen,2011,5.6
Spain,Nitrite,2007,0.025
Spain,Dissolved oxygen,2006,8.1
Spain,Ammonium,2006,0.361
Spain,Ammonium,2007,0.98
Spain,Ammonium,2010,0.025
Spain,Ammonium,2010,0.0056
Spain,Ammonium,2003,1.861
Spain,Nitrate,2008,109.55
Spain,Nitrate,2004,4.0
Belgium,Nitrate,2001,12.236
Spain,Nitrate,2009,20.591
Romania,Dissolved oxygen,2007,5.03
Bulgaria,Dissolved oxygen,2001,4.946
Spain,Nitrite,2006,0.025
Spain,Nitrite,2011,0.1
Spain,Ammonium,2005,0.116
Spain,Ammonium,2006,0.023
Spain,Ammonium,2006,0.023
Spain,Ammonium,2007,0.023
Spain,Ammonium,2009,0.01
Spain,Nitrate,2004,29.9
Spain,Nitrate,2010,7.8
Spain,Ammonium,2006,0.18
Spain,Ammonium,2006,0.262
Spain,Ammonium,2009,0.01
Spain,Ammonium,2012,0.078
Bulgaria,Ammonium,2005,0.042
Spain,Nitrite,2003,0.02
Spain,Nitrite,2003,0.008
Spain,Dissolved oxygen,2010,6.5
Spain,Nitrite,2008,0.005
Spain,Dissolved oxygen,2010,9.17
Spain,Ammonium,2008,0.013
Spain,Ammonium,2010,0.023
Spain,Ammonium,2012,0.1
Spain,Ammonium,2011,0.0048
Spain,Ammonium,2005,0.064
Spain,Nitrate,2003,33.046
Spain,Nitrate,2009,1.444
Spain,Ammonium,2012,0.92333
Spain,Ammonium,2008,0.013
Spain,Ammonium,2007,0.013
Spain,Ammonium,2007,0.013
Spain,Ammonium,2005,2.345
Spain,Nitrate,2006,1.125
Spain,Nitrate,2009,1.225
Spain,Nitrate,2007,0.25
Belgium,Nitrate,2012,0.72
Spain,Nitrate,2009,2.6
Belgium,Nitrite,2012,0.0102
Spain,Nitrite,2006,0.005
Spain,Dissolved oxygen,2010,6.8
Belgium,Dissolved oxygen,2021,1.037
Spain,Dissolved oxygen,2006,7.7
Spain,Ammonium,2008,0.303
Spain,Ammonium,2008,0.09
Romania,Ammonium,2011,0.32
Spain,Ammonium,2006,0.18
Spain,Nitrate,2010,31.6
Spain,Nitrate,2009,1.85
Spain,Nitrate,2005,8.065
Spain,Nitrate,2011,2.0
Spain,Ammonium,2004,0.022
Spain,Ammonium,2003,0.035
Spain,Ammonium,2003,0.035
Spain,Ammonium,2005,0.095
Spain,Ammonium,2008,0.1083
Spain,Nitrate,2010,0.5
Spain,Nitrate,2011,50.5
Spain,Nitrate,2011,12.0
Spain,Nitrate,2007,5.1
Spain,Nitrate,2010,17.15
Belgium,Ammonium,2012,0.1375
Belgium,Ammonium,2012,0.071
Spain,Ammonium,2006,0.023
Spain,Ammonium,2007,0.129
Spain,Nitrate,2008,18.3
Spain,Nitrate,2012,38.6
Spain,Nitrate,2010,46.0833
Spain,Nitrate,2006,17.5
Spain,Nitrate,2008,7.45
Spain,Ammonium,2008,0.148
Spain,Ammonium,2012,0.025
Spain,Ammonium,2011,0.01
Spain,Ammonium,2003,0.025
Belgium,Ammonium,2009,0.0109
Spain,Dissolved oxygen,2010,9.7
Spain,Dissolved oxygen,2012,11.0
Spain,Nitrite,2006,0.59
Spain,Dissolved oxygen,2008,7.1
Spain,Dissolved oxygen,2009,8.7
Spain,Dissolved oxygen,2005,34.0
Spain,Nitrite,2004,0.01
Spain,Nitrite,2006,0.053
Spain,Dissolved oxygen,2006,7.5
Spain,Nitrate,2009,30.867
Spain,Nitrate,2011,40.35
Spain,Nitrate,2006,34.45
Spain,Nitrate,2007,298.1
Spain,Nitrate,2008,8.45
Spain,Nitrate,2011,9.0
Spain,Nitrate,2007,1.9
Spain,Nitrate,2011,6.0
Spain,Ammonium,2009,0.065
Belgium,Ammonium,2011,0.18
Spain,Ammonium,2012,0.023
Spain,Ammonium,2012,2.5
Spain,Nitrate,2012,12.11
Spain,Nitrate,2007,41.0
Spain,Nitrate,2006,2.7
Spain,Nitrate,2007,106.919
Spain,Nitrate,2010,21.125
Spain,Nitrite,2006,0.005
Spain,Nitrite,2009,0.005
Belgium,Nitrite,2001,0.006
Belgium,Nitrite,2006,0.0089
Spain,Nitrate,2009,23.779
Spain,Nitrate,2007,17.333
Spain,Nitrate,2011,74.0
Spain,Nitrate,2012,95.0
Spain,Nitrate,2009,3.5
Spain,Nitrite,2005,0.01
Spain,Dissolved oxygen,2008,7.067
Romania,Nitrite,2007,0.022
Spain,Dissolved oxygen,2009,6.45
Belgium,Nitrite,2007,0.0102
Spain,Ammonium,2009,0.015
Spain,Ammonium,2006,0.025
Spain,Ammonium,2010,0.0212
Spain,Ammonium,2004,0.04
Spain,Ammonium,2005,0.04
Belgium,Ammonium,2006,0.2417
Spain,Ammonium,2007,0.064
Spain,Ammonium,2008,0.187
Spain,Ammonium,2006,0.2
Spain,Ammonium,2009,0.025
Spain,Ammonium,2009,0.021
Belgium,Nitrate,2006,49.1375
Spain,Nitrate,2012,126.074
Spain,Nitrate,2012,1.0
Spain,Nitrate,2006,30.167
Spain,Nitrate,2011,20.55
Romania,Ammonium,2015,0.354
Netherlands,Ammonium,2003,12.38
Spain,Ammonium,2006,0.023
Spain,Ammonium,2006,0.064
Belgium,Ammonium,2012,0.2253
Spain,Ammonium,2008,0.013
Spain,Ammonium,2010,0.01
Spain,Ammonium,2010,0.025
Spain,Ammonium,2008,0.261
Spain,Ammonium,2008,0.013
Spain,Ammonium,2007,0.174
Spain,Ammonium,2008,0.03
Spain,Ammonium,2004,0.065
Spain,Ammonium,2012,25.0
Belgium,Nitrate,2011,39.31
Spain,Nitrate,2006,1.617
Spain,Nitrate,2005,63.0
Spain,Nitrate,2007,20.35
Spain,Nitrate,2011,5.9
Spain,Ammonium,2005,0.26
Spain,Ammonium,2007,0.288
Spain,Ammonium,2009,0.013
Belgium,Ammonium,2010,0.02
Belgium,Ammonium,2010,0.11
Spain,Dissolved oxygen,2011,8.6
Belgium,Nitrite,2010,0.01
Belgium,Nitrite,2008,0.014
Belgium,Nitrite,2009,0.0096
Belgium,Nitrite,2009,0.0068
Spain,Nitrate,2009,5.6
Spain,Nitrate,2003,24.0
Belgium,Nitrate,2007,36.1276
Spain,Nitrate,2006,6.688
Spain,Nitrate,2010,8.0
Spain,Nitrate,2011,132.445
Spain,Nitrate,2005,11.6
Spain,Nitrate,2010,12.0
Spain,Nitrate,2003,58.45
Belgium,Nitrite,2011,0.01
Spain,Dissolved oxygen,2010,6.5
Spain,Nitrite,2005,0.005
Spain,Nitrite,2008,0.005
Spain,Dissolved oxygen,2008,9.05
Spain,Nitrate,2010,113.6829
Spain,Nitrate,2008,138.517
Spain,Nitrate,2004,28.762
Spain,Nitrate,2007,131.7
Spain,Nitrite,2010,0.1275
Romania,Nitrite,2015,0.01
Lithuania,Dissolved oxygen,2003,1.1517
Belgium,Nitrite,2012,0.025
Belgium,Nitrite,2000,0.006
Spain,Ammonium,2007,0.012
Spain,Ammonium,2009,0.06
Belgium,Ammonium,2009,0.0309
Spain,Nitrate,2005,32.683
Spain,Nitrate,2006,26.4
Spain,Nitrate,2009,104.75
Spain,Nitrate,2008,20.75
Spain,Nitrite,2006,0.017
Spain,Dissolved oxygen,2006,4.05
Spain,Nitrate,2007,1.697
Spain,Nitrate,2003,32.767
Spain,Nitrate,2010,39.2875
Spain,Nitrate,2009,18.2
Spain,Nitrate,2003,119.7
Belgium,Ammonium,2011,0.1
Belgium,Ammonium,2011,0.05
Spain,Ammonium,2011,0.005
Spain,Ammonium,2007,0.166
Spain,Ammonium,2009,0.013
Spain,Dissolved oxygen,2010,6.05
Spain,Nitrite,2009,0.005
Spain,Nitrite,2009,0.008
Spain,Nitrite,2007,0.043
Spain,Ammonium,2008,0.1452
Spain,Ammonium,2008,0.206
Spain,Ammonium,2009,0.232
Spain,Ammonium,2010,0.0056
Spain,Ammonium,2010,0.025
Spain,Nitrite,2009,0.09
Spain,Nitrite,2008,0.045
Spain,Dissolved oxygen,2010,6.4
Spain,Nitrite,2011,0.023
Spain,Nitrate,2007,29.7
Spain,Nitrate,2003,30.225
Spain,Nitrate,2007,27.754
Spain,Nitrate,2008,26.57
Spain,Nitrate,2004,37.9
Spain,Nitrate,2005,91.7
Spain,Nitrate,2011,35.3
Spain,Nitrate,2010,30.7
Belgium,Phosphate,2020,0.753
Spain,Ammonium,2007,0.023
Spain,Ammonium,2006,0.037
Spain,Ammonium,2009,0.05
Spain,Ammonium,2010,0.05
Spain,Dissolved oxygen,2011,7.075
Spain,Dissolved oxygen,2012,7.85
Spain,Dissolved oxygen,2005,9.3
Spain,Nitrite,2007,0.006
Spain,Dissolved oxygen,2012,8.9
Spain,Nitrate,2012,7.92
Spain,Nitrate,2007,0.532
Spain,Nitrate,2004,19.925
Spain,Nitrate,2011,137.887
Spain,Nitrate,2009,91.58
Spain,Nitrate,2006,4.8
Spain,Nitrate,2008,19.156
Belgium,Nitrate,2011,3.58
Spain,Nitrate,2006,84.133
Spain,Nitrate,2011,7.75
Spain,Nitrite,2010,0.0233
Spain,Nitrite,2007,0.2
Spain,Nitrite,2005,0.025
Spain,Dissolved oxygen,2011,6.4
Spain,Nitrite,2006,0.005
Spain,Ammonium,2010,0.07
Spain,Ammonium,2010,0.065
Spain,Ammonium,2008,0.013
Spain,Ammonium,2009,0.172
Spain,Ammonium,2010,0.023
Spain,Nitrite,2009,0.005
Spain,Nitrite,2008,0.032
Spain,Nitrite,2010,0.005
Spain,Nitrite,2008,0.005
Spain,Ammonium,2007,0.207
Spain,Ammonium,2008,0.063
Spain,Ammonium,2010,0.05
Spain,Ammonium,2009,0.05
Spain,Nitrite,2011,0.05
Spain,Nitrite,2011,0.1
Spain,Dissolved oxygen,2009,5.25
Spain,Dissolved oxygen,2007,5.9
Spain,Nitrite,2007,0.005
Spain,Ammonium,2010,0.025
Spain,Ammonium,2006,0.097
Spain,Ammonium,2007,0.024
Spain,Ammonium,2008,0.022
Spain,Ammonium,2006,0.103
Spain,Ammonium,2010,0.023
Spain,Ammonium,2012,0.26
Spain,Ammonium,2009,0.1
Spain,Ammonium,2009,0.065
Spain,Ammonium,2010,0.065
Spain,Ammonium,2007,0.129
Spain,Ammonium,2012,0.023
Spain,Ammonium,2011,0.04
Spain,Nitrite,2011,0.025
Spain,Nitrite,2011,0.023
Belgium,Nitrite,2012,0.01
Spain,Dissolved oxygen,2006,5.3
Spain,Nitrite,2008,0.005
Spain,Dissolved oxygen,2009,4.9
Spain,Nitrite,2006,0.005
Spain,Nitrite,2004,0.02
Spain,Nitrite,2006,0.009
Spain,Nitrite,2008,0.005
Spain,Dissolved oxygen,2008,0.5
Belgium,Nitrite,2006,0.0482
Spain,Dissolved oxygen,2009,8.95
Spain,Nitrite,2009,0.005
Spain,Nitrite,2008,0.005
Belgium,Nitrite,2002,0.006
Belgium,Nitrite,2008,0.013
Spain,Dissolved oxygen,2010,8.6038
Spain,Nitrite,2011,0.05
Spain,Nitrite,2010,0.0011
Spain,Dissolved oxygen,2010,1.3
Spain,Nitrite,2010,0.005
Spain,Dissolved oxygen,2012,7.7
Spain,Nitrite,2011,0.023
Spain,Nitrite,2012,0.005
Spain,Nitrite,2006,0.02
Spain,Nitrite,2012,0.06569
Spain,Dissolved oxygen,2008,7.6
Spain,Nitrite,2008,0.025
Spain,Nitrite,2010,1.0565
Spain,Nitrite,2012,0.0725
Spain,Nitrite,2007,0.03
Spain,Dissolved oxygen,2011,8.5
Spain,Nitrite,2012,2.6375
Spain,Dissolved oxygen,2007,9.1
Spain,Nitrite,2011,0.025
Spain,Nitrite,2005,0.102
Spain,Nitrite,2007,0.048
Spain,Dissolved oxygen,2010,2.0
Spain,Nitrite,2003,0.01
Spain,Nitrite,2005,0.15
Spain,Nitrite,2008,0.035
Spain,Nitrite,2012,0.0031
Spain,Dissolved oxygen,2011,4.275
Spain,Nitrite,2011,0.023
Spain,Nitrite,2007,0.072
Spain,Nitrite,2009,0.284
Spain,Dissolved oxygen,2007,8.5
Belgium,Nitrite,2007,0.007
Spain,Dissolved oxygen,2011,5.1
Spain,Nitrite,2003,0.575
Spain,Dissolved oxygen,2012,7.1
Spain,Nitrite,2006,0.005
Spain,Nitrite,2007,0.043
Spain,Nitrite,2009,0.018
Spain,Nitrite,2011,0.025
Spain,Nitrite,2011,0.025
Spain,Nitrite,2008,0.006
Spain,Nitrite,2008,0.005
Spain,Nitrite,2010,0.209
Spain,Dissolved oxygen,2009,7.9
Spain,Nitrite,2006,0.005
Spain,Nitrite,2010,0.005
Spain,Nitrite,2006,0.005
Spain,Nitrite,2011,0.0356
Spain,Dissolved oxygen,2010,6.9
Spain,Nitrite,2005,0.063
Spain,Dissolved oxygen,2010,5.5
Spain,Nitrite,2007,0.02
Spain,Nitrite,2007,0.15
Spain,Nitrite,2009,0.025
Spain,Nitrite,2008,0.01
Spain,Nitrite,2010,0.01
Spain,Nitrite,2011,0.023
Spain,Nitrite,2007,0.005
Belgium,Ammonium,2012,0.023
Spain,Ammonium,2006,0.129
Spain,Ammonium,2003,0.055
Spain,Ammonium,2006,0.032
Belgium,Ammonium,2003,0.02
Spain,Ammonium,2010,0.065
Spain,Ammonium,2009,0.01
Spain,Ammonium,2006,0.142
Spain,Ammonium,2010,0.1
Spain,Ammonium,2003,0.035
Spain,Ammonium,2012,25.0
Spain,Ammonium,2006,0.032
Belgium,Ammonium,2012,0.0404
Spain,Ammonium,2010,0.0201
Spain,Ammonium,2010,0.023
Spain,Ammonium,2004,1.97
Spain,Ammonium,2012,25.0
Spain,Ammonium,2003,0.129
Spain,Ammonium,2007,0.023
Spain,Ammonium,2009,0.025
Spain,Nitrite,2011,0.023
Spain,Dissolved oxygen,2011,7.2
Belgium,Nitrite,2012,0.0118
Spain,Nitrite,2004,0.053
Spain,Nitrite,2012,0.0034
Belgium,Ammonium,2009,0.0136
Belgium,Ammonium,2008,0.039
Belgium,Ammonium,2011,0.03
Spain,Ammonium,2003,0.018
Spain,Ammonium,2006,0.025
Spain,Ammonium,2009,0.01
Belgium,Ammonium,2012,0.0246
Belgium,Ammonium,2002,0.011
Spain,Nitrite,2011,0.025
Spain,Nitrite,2011,0.1
Spain,Nitrite,2009,0.005
Spain,Dissolved oxygen,2010,5.3
Spain,Ammonium,2007,0.282
Spain,Ammonium,2007,0.043
Belgium,Ammonium,2012,0.0289
Belgium,Ammonium,2011,0.01
Spain,Ammonium,2007,0.033
Spain,Ammonium,2006,0.167
Spain,Ammonium,2011,0.005
Spain,Nitrite,2009,0.005
Spain,Dissolved oxygen,2010,5.4
Spain,Nitrite,2008,0.005
Spain,Nitrite,2007,0.021
Belgium,Ammonium,2008,0.075
Spain,Ammonium,2007,0.252
Spain,Ammonium,2011,0.005
Spain,Ammonium,2008,0.013
Spain,Ammonium,2010,0.05
Spain,Dissolved oxygen,2009,8.25
Belgium,Nitrite,2010,0.008
Belgium,Nitrite,2012,0.0129
Belgium,Nitrite,2012,0.0135
Spain,Nitrite,2006,0.01
Spain,Ammonium,2003,0.06
Spain,Ammonium,2012,0.023
Spain,Ammonium,2009,4.247
Spain,Ammonium,2009,0.1
Spain,Ammonium,2007,0.023
Spain,Ammonium,2008,0.142
Spain,Ammonium,2010,0.023
Belgium,Ammonium,2012,0.02531
Spain,Nitrite,2008,0.005
Spain,Nitrite,2007,0.005
Spain,Dissolved oxygen,2012,2.1
Spain,Nitrite,2009,0.025
Spain,Nitrate,2007,28.533
Belgium,Nitrate,2003,24.064
Spain,Nitrate,2008,42.273
Spain,Nitrate,2008,26.2
Spain,Dissolved oxygen,2008,1.85
Spain,Nitrite,2012,0.005
Spain,Nitrite,2009,0.005
Spain,Nitrite,2011,0.05
Spain,Nitrite,2006,0.656
Spain,Nitrate,2006,10.0
Spain,Nitrate,2011,16.0
Spain,Nitrate,2009,1.425
Spain,Nitrate,2011,46.0
Belgium,Nitrate,2012,31.76
Spain,Nitrite,2005,0.005
Spain,Nitrite,2006,0.005
Spain,Dissolved oxygen,2007,8.025
Spain,Dissolved oxygen,2010,6.7
Romania,Nitrate,2007,185.72
Bulgaria,Nitrate,2003,2.131
Spain,Nitrate,2007,4.3
Spain,Nitrate,2012,138.20274
Spain,Nitrate,2012,100.0
Spain,Nitrite,2007,0.043
Spain,Nitrite,2007,0.07
Spain,Nitrite,2010,0.005
Spain,Nitrite,2009,0.025
Spain,Nitrate,2004,45.5
Spain,Nitrate,2008,32.733
Spain,Nitrate,2010,12.0
Spain,Nitrate,2012,1.0
Spain,Nitrate,2007,12.7
Spain,Ammonium,2007,0.155
Spain,Ammonium,2011,0.005
Spain,Ammonium,2009,0.1
Spain,Ammonium,2011,0.005
Spain,Ammonium,2011,0.005
Romania,Ammonium,2022,0.214
Spain,Ammonium,2003,0.039
Spain,Ammonium,2007,0.013
Belgium,Ammonium,2021,0.285
Spain,Nitrate,2008,42.0
Spain,Nitrate,2012,0.22
Spain,Nitrate,2004,60.05
Spain,Nitrate,2008,1.645
Spain,Nitrate,2009,2.3
Spain,Nitrite,2003,0.009
Spain,Dissolved oxygen,2011,6.7
Spain,Nitrite,2008,0.048
Belgium,Nitrite,2018,0.035
Belgium,Nitrite,2018,0.034
Belgium,Ammonium,2021,0.729
Belgium,Ammonium,2021,0.666
Spain,Ammonium,2008,0.167
Belgium,Ammonium,2008,0.038
Belgium,Ammonium,2008,0.069
Spain,Ammonium,2009,0.27
Spain,Nitrate,2006,13.3
Spain,Nitrate,2008,15.075
Belgium,Nitrate,2010,13.09
Romania,Nitrate,2015,1.673875
Lithuania,Nitrate,2004,0.37
Spain,Ammonium,2009,0.025
Spain,Ammonium,2008,0.03
Spain,Ammonium,2010,0.025
Spain,Ammonium,2009,0.023
Belgium,Nitrite,2019,0.03
Belgium,Nitrite,2019,0.073
Spain,Dissolved oxygen,2010,6.05
Spain,Nitrite,2003,0.008
Spain,Nitrite,2009,0.025
Spain,Nitrate,2008,17.45
Spain,Nitrate,2010,11.0
Belgium,Nitrate,2012,9.69
Belgium,Nitrate,2009,15.9481
Belgium,Nitrate,2006,52.5
Spain,Nitrate,2009,6.05
Belgium,Nitrate,2000,34.024
Belgium,Nitrate,2012,40.55
Spain,Nitrate,2006,215.3
Romania,Ammonium,2022,0.245
Belgium,Ammonium,2021,0.164
Spain,Ammonium,2007,0.013
Spain,Ammonium,2010,0.05
Spain,Ammonium,2010,0.025
Spain,Nitrate,2003,4.9
Spain,Nitrate,2009,123.0
Spain,Nitrate,2006,8.7
Spain,Nitrate,2009,17.25
Spain,Nitrate,2006,0.8
Spain,Nitrate,2006,6.6
Spain,Nitrate,2007,77.04
Spain,Nitrate,2012,40.0
Spain,Nitrate,2009,67.1
Spain,Nitrate,2007,8.0
Belgium,Phosphate,2020,0.335
Spain,Nitrate,2008,8.575
Spain,Ammonium,2011,0.005
Spain,Ammonium,2007,0.032
Belgium,Ammonium,2021,0.571
Spain,Ammonium,2008,0.218
Spain,Nitrite,2007,0.043
Spain,Nitrite,2011,0.023
Spain,Nitrite,2011,0.025
Spain,Nitrite,2012,0.005
Spain,Dissolved oxygen,2009,7.813
Spain,Nitrate,2010,9.0
Belgium,Nitrate,2012,5.57
Malta,Nitrate,2022,50.8875
Spain,Ammonium,2008,0.013
Spain,Ammonium,2011,0.0175
Belgium,Ammonium,2021,0.097
Belgium,Ammonium,2021,0.354
Spain,Nitrite,2010,0.025
Spain,Dissolved oxygen,2005,8.3
Belgium,Nitrite,2018,0.112
Spain,Nitrite,2010,0.005
Spain,Nitrite,2006,0.005
Spain,Nitrate,2008,6.0
Spain,Nitrate,2011,101.3667
Spain,Nitrate,2008,2.0
Spain,Nitrate,2003,2.9
Spain,Nitrate,2006,114.1
Spain,Nitrate,2010,10.8
Spain,Nitrate,2008,57.85
Spain,Nitrate,2011,63.0
Spain,Dissolved oxygen,2008,4.035
Spain,Nitrite,2009,0.045
Spain,Dissolved oxygen,2010,4.45
Spain,Ammonium,2009,0.05
Spain,Ammonium,2012,0.025
Spain,Ammonium,2003,1.32
Spain,Ammonium,2010,0.0761
Spain,Ammonium,2008,0.013
Spain,Nitrate,2008,9.8
Spain,Nitrate,2007,13.475
Spain,Nitrate,2007,8.6
Spain,Ammonium,2008,0.013
Spain,Ammonium,2012,0.05
Spain,Ammonium,2006,0.023
Spain,Ammonium,2009,0.026
Belgium,Ammonium,2021,0.271
Spain,Nitrate,2009,9.6
Belgium,Nitrate,2011,6.1
Spain,Nitrate,2008,5.627
Spain,Nitrate,2003,0.847
Spain,Nitrate,2007,17.25
Spain,Nitrate,2008,3.95
Spain,Nitrate,2003,74.45
Spain,Nitrate,2004,85.3
Belgium,Nitrate,2009,40.3527
Spain,Nitrate,2006,120.483
Spain,Nitrite,2009,0.005
Spain,Nitrite,2009,0.005
Spain,Nitrite,2009,0.005
Spain,Nitrite,2008,0.005
Spain,Nitrite,2006,0.005
Spain,Dissolved oxygen,2009,3.4
Spain,Nitrite,2009,0.019
Spain,Nitrite,2011,0.06
Belgium,Nitrite,2018,0.091
Belgium,Nitrite,2019,0.105
Belgium,Nitrite,2019,0.112
Spain,Dissolved oxygen,2012,2.3
Spain,Nitrite,2010,0.025
Spain,Dissolved oxygen,2010,4.4
Spain,Nitrite,2008,0.035
Spain,Dissolved oxygen,2007,9.0
Spain,Nitrite,2010,0.025
Spain,Nitrite,2011,0.023
Belgium,Phosphate,2020,1.666
Belgium,Phosphate,2020,6.725
Spain,Nitrate,2007,59.0
Spain,Nitrate,2009,3.55
Belgium,Phosphate,2020,2.816
Romania,Dissolved oxygen,2022,5.148
Romania,Nitrite,2022,0.017
Spain,Nitrite,2009,0.014
Spain,Nitrite,2012,0.005
Spain,Dissolved oxygen,2008,8.15
Spain,Dissolved oxygen,2008,13.95
Spain,Ammonium,2008,0.023
Romania,Ammonium,2022,0.525
Spain,Ammonium,2003,0.007
Spain,Ammonium,2006,0.02
Spain,Ammonium,2008,0.05
Belgium,Phosphate,2020,0.635
Belgium,Phosphate,2020,0.06
Spain,Nitrate,2008,0.645
Spain,Nitrate,2006,0.809
Spain,Nitrate,2009,0.171
Belgium,Phosphate,2020,0.515
Spain,Nitrate,2007,11.5
Romania,Nitrate,2022,6.868
Spain,Nitrate,2012,60.54759
Spain,Nitrate,2009,4.7
Spain,Nitrate,2003,16.255
Spain,Ammonium,2012,2.22456
Spain,Ammonium,2012,0.023
Spain,Ammonium,2008,0.167
Spain,Ammonium,2010,0.023
Belgium,Ammonium,2021,1.205
Belgium,Nitrite,2011,0.01
Belgium,Nitrite,2010,0.013
Spain,Nitrite,2004,0.04
Spain,Nitrite,2010,0.005
Spain,Dissolved oxygen,2008,1.4
Spain,Nitrate,2010,8.2
Spain,Nitrate,2009,84.5
Spain,Nitrate,2009,9.3
Spain,Nitrate,2011,1.4
Belgium,Nitrite,2019,0.039
Romania,Nitrite,2022,0.041
Romania,Dissolved oxygen,2022,4.271
Spain,Dissolved oxygen,2009,8.7
Spain,Dissolved oxygen,2004,4.7
Spain,Nitrite,2012,2.6275
Spain,Nitrate,2004,63.65
Spain,Nitrate,2006,3.4
Spain,Nitrate,2007,2.95
Romania,Nitrate,2022,47.185
Belgium,Phosphate,2020,0.579
Belgium,Phosphate,2020,4.642
Belgium,Phosphate,2020,0.06
Spain,Nitrate,2007,0.928
Spain,Nitrate,2010,1.95
Spain,Nitrate,2004,0.451
Spain,Nitrite,2006,0.005
Spain,Dissolved oxygen,2007,6.8
Spain,Dissolved oxygen,2011,3.9
Spain,Dissolved oxygen,2006,8.8
Romania,Nitrite,2011,0.019
Romania,Dissolved oxygen,2022,7.944
Spain,Dissolved oxygen,2004,5.471
Spain,Dissolved oxygen,2005,9.4
Spain,Nitrite,2010,0.005
Malta,Nitrite,2007,0.25
Spain,Nitrite,2011,0.05
Belgium,Nitrite,2018,0.03
Belgium,Nitrite,2018,0.03
Belgium,Nitrite,2019,0.04
Belgium,Nitrite,2019,0.098
Spain,Nitrate,2011,29.625
Spain,Nitrate,2004,20.412
Malta,Nitrate,2022,151.483333333333
Romania,Nitrate,2022,4.108
Spain,Nitrate,2003,4.5
Spain,Dissolved oxygen,2011,6.4
Spain,Nitrite,2008,0.035
Spain,Nitrite,2009,0.025
Spain,Nitrite,2008,0.005
Spain,Nitrate,2010,2.385
Spain,Nitrate,2012,0.5
Romania,Nitrate,2006,11.829
Romania,Nitrate,2008,28.979
Spain,Nitrate,2008,6.696
Spain,Nitrate,2004,15.3
Spain,Nitrate,2010,17.8
Spain,Nitrate,2010,79.0
Spain,Nitrate,2007,19.25
Spain,Dissolved oxygen,2008,8.5
Romania,Dissolved oxygen,2022,4.615
Spain,Nitrite,2010,0.02
Spain,Dissolved oxygen,2008,4.067
Spain,Nitrite,2012,0.005
Spain,Nitrate,2011,1.809
Spain,Nitrate,2006,74.0
Belgium,Phosphate,2020,0.422
Belgium,Phosphate,2020,0.262
Belgium,Phosphate,2020,1.157
Belgium,Ammonium,2021,0.09
Spain,Ammonium,2006,0.032
Spain,Ammonium,2009,0.05
Spain,Ammonium,2007,0.252
Spain,Dissolved oxygen,2007,8.8
Belgium,Nitrite,2019,0.03
Romania,Nitrite,2022,0.159
Spain,Dissolved oxygen,2007,6.0
Spain,Nitrite,2003,0.008
Spain,Nitrate,2010,2.0
Spain,Nitrate,2008,212.0
Spain,Nitrate,2012,30.7
Spain,Nitrate,2010,4.218
Romania,Nitrate,2007,14.416
Spain,Ammonium,2010,0.05
Romania,Ammonium,2022,0.186
Belgium,Ammonium,2009,0.0109
Belgium,Ammonium,2006,0.0167
Spain,Ammonium,2007,0.206
Spain,Dissolved oxygen,2012,8.5
Spain,Dissolved oxygen,2008,3.69
Belgium,Nitrite,2019,0.038
Belgium,Nitrite,2019,0.05
Romania,Dissolved oxygen,2022,4.496
Romania,Nitrite,2022,0.013
Spain,Nitrite,2007,0.02
Spain,Nitrate,2006,18.25
Spain,Nitrate,2009,2.45
Spain,Nitrate,2006,32.0
Belgium,Phosphate,2020,0.604
Belgium,Phosphate,2020,0.214
Spain,Nitrite,2010,0.005
Spain,Nitrite,2008,0.031
Spain,Nitrite,2010,0.005
Spain,Nitrite,2010,0.01
Spain,Nitrate,2008,3.45
Spain,Nitrate,2006,51.5
Malta,Nitrate,2022,142.0
Malta,Nitrate,2022,202.6
Spain,Nitrate,2004,32.79
Spain,Nitrite,2003,0.05
Spain,Nitrite,2005,0.712
Spain,Nitrite,2008,0.391
Spain,Dissolved oxygen,2008,8.463
Belgium,Phosphate,2020,0.54
Spain,Nitrate,2008,0.839
Malta,Nitrate,2022,52.4
Malta,Nitrate,2022,118.15
Romania,Nitrate,2022,13.791
Spain,Nitrate,2011,2.374
Spain,Ammonium,2010,0.023
Spain,Ammonium,2004,0.113
Spain,Ammonium,2004,0.065
Spain,Ammonium,2010,0.05
Spain,Ammonium,2011,0.06
Spain,Ammonium,2006,0.09
Spain,Ammonium,2008,0.288
Spain,Ammonium,2008,0.026
Romania,Nitrate,2022,2.32
Spain,Nitrate,2008,13.133
Spain,Nitrate,2007,0.67
Spain,Nitrate,2007,7.3
Spain,Nitrate,2009,7.7
Spain,Ammonium,2008,0.023
Spain,Ammonium,2006,0.025
Spain,Ammonium,2003,0.04
Spain,Ammonium,2008,0.031
Spain,Nitrite,2007,0.09
Spain,Dissolved oxygen,2010,7.3
Spain,Nitrite,2011,0.023
Spain,Nitrite,2007,0.005
Belgium,Ammonium,2021,1.012
Spain,Ammonium,2011,0.005
Romania,Ammonium,2022,0.179
Romania,Ammonium,2022,0.309
Spain,Ammonium,2004,0.02
Spain,Ammonium,2007,0.218
Spain,Ammonium,2012,0.023
Spain,Ammonium,2004,0.065
Spain,Ammonium,2007,0.062
Spain,Ammonium,2008,0.013
Spain,Ammonium,2010,0.023
Spain,Dissolved oxygen,2007,8.1
Spain,Dissolved oxygen,2012,6.36667
Spain,Nitrite,2008,0.035
Spain,Nitrite,2009,0.025
Spain,Dissolved oxygen,2007,7.0
Spain,Ammonium,2004,0.055
Romania,Ammonium,2022,0.084
Spain,Ammonium,2010,0.05
Spain,Ammonium,2010,0.052
Spain,Ammonium,2009,0.01
Belgium,Nitrate,2012,24.2
Belgium,Nitrate,2009,50.585
Belgium,Nitrate,2010,56.89
Spain,Nitrate,2006,6.75
Spain,Nitrate,2005,70.0
Spain,Nitrate,2006,73.0
Romania,Ammonium,2022,1.509
Romania,Ammonium,2022,0.145
Finland,Ammonium,2009,0.0032
Romania,Dissolved oxygen,2008,2.452
Romania,Dissolved oxygen,2010,3.291
Romania,Nitrite,2022,0.071
Romania,Dissolved oxygen,2022,7.55
Spain,Nitrite,2003,0.038
Spain,Nitrite,2010,0.005
Spain,Nitrate,2011,3.32
Spain,Nitrate,2010,10.58
Spain,Nitrate,2005,7.173
Spain,Nitrate,2007,7.7
Spain,Ammonium,2003,0.193
Belgium,Ammonium,2006,0.018
Belgium,Ammonium,2006,0.0127
Spain,Ammonium,2008,0.03
Spain,Nitrate,2009,7.636
Spain,Nitrate,2008,50.542
Spain,Nitrate,2007,4.599
Spain,Nitrate,2003,9.222
Spain,Nitrate,2010,40.0
Spain,Nitrate,2004,7.458
Spain,Nitrate,2007,53.0
Spain,Nitrate,2010,62.975
Romania,Nitrate,2022,8.573
Romania,Nitrate,2022,9.131
Spain,Nitrate,2007,43.7
Spain,Nitrate,2008,53.5
Spain,Nitrate,2012,24.42032
Spain,Nitrate,2012,2.61
Spain,Nitrate,2006,2.0
Spain,Nitrate,2010,1.93
Belgium,Phosphate,2020,0.21
Belgium,Phosphate,2020,0.305
Spain,Nitrate,2006,1.688
Spain,Nitrate,2007,11.287
Spain,Nitrate,2009,0.25
Spain,Nitrate,2005,32.0
Spain,Nitrate,2007,23.0
Belgium,Phosphate,2020,0.477
Spain,Nitrate,2011,171.5
Spain,Nitrate,2008,99.022
Spain,Nitrate,2008,78.187
Spain,Nitrate,2003,14.4
Belgium,Phosphate,2020,0.12
Spain,Nitrate,2009,0.855
Spain,Nitrate,2008,13.267
Spain,Nitrate,2007,14.6
Spain,Nitrate,2008,25.625
Spain,Nitrate,2009,54.125
Romania,Nitrate,2022,13.989
Spain,Nitrate,2008,17.475
Spain,Nitrate,2008,4.162
Spain,Nitrate,2006,9.567
Spain,Nitrate,2005,0.488
Spain,Nitrate,2006,0.573
Spain,Nitrate,2011,7.0
Spain,Nitrate,2006,53.0
Spain,Nitrate,2009,3.776
Spain,Nitrate,2011,4.4033
Spain,Nitrate,2007,16.1
Spain,Nitrate,2011,14.0
Spain,Nitrate,2007,128.0
Spain,Nitrate,2003,5.0
Spain,Nitrate,2012,0.7
Spain,Nitrate,2009,1.6
Spain,Nitrate,2012,1.47
Belgium,Phosphate,2020,0.856
Belgium,Phosphate,2020,1.242
Belgium,Phosphate,2020,2.522
Spain,Nitrate,2007,5.0
Spain,Nitrate,2006,5.0
Spain,Nitrate,2011,37.5
Spain,Nitrate,2008,244.3
Spain,Nitrate,2006,1.0
Spain,Nitrate,2011,18.0
Spain,Nitrate,2009,36.125
Spain,Nitrate,2010,100.725
Spain,Nitrate,2007,2.3
Spain,Nitrate,2011,7.0
Spain,Nitrate,2008,18.0
Spain,Nitrate,2010,4.5
Spain,Nitrate,2008,9.54
Finland,Nitrate,2007,0.63
Spain,Nitrate,2009,83.0
Spain,Nitrate,2003,5.85
Romania,Nitrate,2007,6.706
Spain,Nitrate,2010,58.0
Spain,Nitrate,2012,146.0
Finland,Nitrate,2004,1.05
Finland,Nitrate,2003,0.23
Spain,Nitrate,2003,7.333
Estonia,Nitrate,2013,22.2571428571
Spain,Nitrate,2011,211.0
Spain,Nitrate,2007,3.533
Romania,Ammonium,2009,0.146
Romania,Ammonium,2011,0.26
Romania,Ammonium,2007,0.235
Spain,Ammonium,2008,0.052
Spain,Ammonium,2006,0.206
Spain,Ammonium,2008,17.07
Spain,Ammonium,2006,0.09
Spain,Ammonium,2003,0.032
Spain,Ammonium,2009,0.965
Spain,Ammonium,2011,0.01
Spain,Ammonium,2006,0.064
Spain,Nitrate,2004,5.2
Spain,Nitrate,2009,96.3
Spain,Nitrate,2008,24.95
Spain,Ammonium,2011,0.0059
Spain,Ammonium,2007,0.077
Spain,Ammonium,2007,0.013
Spain,Nitrate,2005,67.0
Spain,Nitrate,2007,249.1
Spain,Nitrate,2008,236.15
Spain,Nitrate,2010,8.06
Spain,Nitrate,2010,70.5
Spain,Nitrate,2008,7.873
Spain,Nitrate,2006,72.69
Spain,Nitrate,2008,305.0
Belgium,Ammonium,2021,0.247
Belgium,Ammonium,2021,0.666
Spain,Ammonium,2004,0.032
Spain,Ammonium,2011,0.005
Romania,Ammonium,2010,0.0506
Romania,Ammonium,2008,0.148
Romania,Ammonium,2010,0.108
Estonia,Ammonium,2013,0.0738571429
Estonia,Ammonium,2014,0.376969697
Spain,Ammonium,2011,0.005
Spain,Ammonium,2003,0.122
Spain,Ammonium,2004,0.116
Romania,Ammonium,2022,0.2
Romania,Ammonium,2022,1.208
Spain,Ammonium,2007,0.023
Spain,Ammonium,2010,0.023
Spain,Ammonium,2011,0.005
Spain,Ammonium,2004,0.094
Spain,Ammonium,2009,0.018
Spain,Ammonium,2009,0.013
Spain,Ammonium,2007,0.013
Finland,Nitrate,2000,0.41
Finland,Nitrate,2006,0.29
Netherlands,Ammonium,2010,2.0
Netherlands,Ammonium,2012,2.25
Spain,Ammonium,2011,0.0065
Malta,Ammonium,2006,0.25
Spain,Nitrate,2004,10.267
Spain,Nitrate,2011,43.3
Spain,Nitrate,2004,81.519
Spain,Nitrite,2011,0.023
Romania,Nitrite,2006,0.006
Romania,Nitrite,2022,0.033
Spain,Nitrite,2009,0.005
Spain,Dissolved oxygen,2010,4.7
Spain,Nitrite,2010,0.005
Spain,Dissolved oxygen,2009,7.42
Spain,Ammonium,2003,0.048
Spain,Ammonium,2010,0.005
Spain,Ammonium,2008,0.02
Spain,Ammonium,2010,0.05
Spain,Ammonium,2008,0.023
Spain,Ammonium,2006,0.032
Spain,Ammonium,2007,0.265
Spain,Ammonium,2010,0.023
Spain,Nitrate,2007,62.144
Spain,Nitrate,2008,12.7
Romania,Nitrate,2022,29.375
Spain,Nitrate,2006,0.8
Spain,Dissolved oxygen,2012,7.41923
Belgium,Nitrite,2019,0.065
Romania,Dissolved oxygen,2022,5.65
Romania,Nitrite,2022,0.0122
Spain,Nitrite,2006,0.005
Spain,Nitrite,2003,0.004
Spain,Nitrite,2008,0.005
Romania,Nitrite,2022,0.01
Romania,Dissolved oxygen,2022,5.81
Spain,Nitrite,2011,0.05
Spain,Dissolved oxygen,2010,8.55
Spain,Ammonium,2009,0.05
Spain,Ammonium,2007,0.013
Spain,Ammonium,2010,0.01
Spain,Ammonium,2012,1.255
Spain,Ammonium,2006,0.023
Spain,Nitrate,2007,0.7
Spain,Nitrate,2004,40.458
Spain,Nitrate,2011,60.0
Spain,Nitrate,2003,76.288
Spain,Nitrate,2007,144.3
Spain,Nitrate,2007,5.0
Spain,Nitrate,2008,3.4
Netherlands,Nitrate,2011,0.03
Netherlands,Nitrate,2012,0.04
Spain,Dissolved oxygen,2012,8.84
Spain,Nitrite,2005,0.83
Spain,Nitrite,2011,0.023
Romania,Dissolved oxygen,2009,4.903
Romania,Dissolved oxygen,2011,3.29
Norway,Nitrate,2003,2.68
Spain,Nitrate,2008,35.167
Spain,Nitrate,2009,79.383
Spain,Nitrate,2008,1.175
Spain,Nitrate,2009,7.0
Spain,Nitrate,2009,8.409
Spain,Ammonium,2008,0.013
Spain,Ammonium,2009,0.023
Spain,Ammonium,2007,0.142
Spain,Ammonium,2010,0.023
Romania,Nitrite,2006,0.068
Romania,Nitrite,2011,0.029
Spain,Nitrite,2006,0.005
Spain,Nitrite,2008,0.028
Spain,Dissolved oxygen,2010,6.6
Spain,Ammonium,2010,0.025
Belgium,Ammonium,2021,0.133
Belgium,Ammonium,2021,0.446
Spain,Ammonium,2007,0.09
Spain,Ammonium,2004,0.015
Spain,Nitrate,2006,46.4
Spain,Nitrate,2009,73.0
Spain,Nitrate,2012,48.8
Spain,Nitrate,2011,8.175
Spain,Nitrate,2012,51.49771
Spain,Nitrate,2007,118.133
Spain,Nitrate,2008,23.133
Spain,Nitrate,2004,4.612
Spain,Nitrate,2009,5.9
Belgium,Nitrate,2004,20.645
Belgium,Nitrite,2012,0.0125
Belgium,Nitrite,2011,0.01
Belgium,Nitrite,2018,0.038
Spain,Dissolved oxygen,2010,5.0667
Spain,Nitrite,2003,0.018
Romania,Nitrate,2010,37.753
Romania,Nitrate,2011,22.995
Spain,Nitrate,2007,16.442
Spain,Nitrate,2008,15.938
Hungary,Nitrate,2006,0.8417
Spain,Ammonium,2004,0.155
Spain,Ammonium,2012,0.023
Hungary,Ammonium,2007,0.8117
Netherlands,Ammonium,2010,1.21
Netherlands,Ammonium,2011,1.57
Romania,Dissolved oxygen,2009,2.55
Romania,Dissolved oxygen,2011,5.45
Spain,Nitrite,2006,0.005
Spain,Nitrite,2010,0.0145
Spain,Nitrite,2007,0.01
Spain,Nitrite,2010,0.005
Spain,Dissolved oxygen,2008,7.992
Spain,Dissolved oxygen,2010,6.9667
Spain,Nitrite,2007,0.005
Spain,Nitrate,2012,8.93333
Spain,Nitrate,2005,132.0
Spain,Nitrate,2006,54.0
Spain,Nitrate,2007,75.5
Spain,Nitrate,2009,172.0
Spain,Nitrate,2010,134.0
Spain,Nitrate,2006,4.2
Spain,Nitrate,2009,6.3
Spain,Nitrite,2006,0.09
Spain,Nitrite,2011,0.2751
Spain,Nitrite,2006,0.005
Spain,Nitrite,2004,0.005
Spain,Dissolved oxygen,2009,3.65
Spain,Dissolved oxygen,2010,5.2
Spain,Dissolved oxygen,2010,6.8
Spain,Nitrate,2011,45.0
Spain,Nitrate,2008,17.85
Spain,Nitrate,2006,4.4
Spain,Nitrate,2008,20.9
Spain,Ammonium,2012,0.025
Spain,Ammonium,2007,0.09
Spain,Ammonium,2004,0.032
Spain,Ammonium,2006,0.032
Spain,Ammonium,2009,0.013
Finland,Nitrate,2009,0.17
Netherlands,Nitrate,2011,0.1
Romania,Dissolved oxygen,2008,5.779
Spain,Dissolved oxygen,2012,6.7
Spain,Nitrite,2011,0.023
Spain,Nitrite,2010,0.01
Spain,Dissolved oxygen,2012,10.5
Spain,Nitrite,2007,0.047
Spain,Nitrite,2004,0.024
Spain,Nitrite,2007,0.04
Romania,Dissolved oxygen,2022,5.491
Spain,Nitrite,2005,0.008
Spain,Ammonium,2007,0.116
Spain,Ammonium,2003,0.032
Spain,Ammonium,2008,0.013
Norway,Nitrate,2001,0.09
Spain,Nitrate,2011,77.0
Spain,Nitrate,2011,5.0
Spain,Nitrite,2006,0.006
Spain,Dissolved oxygen,2007,47.341
Spain,Nitrite,2003,0.008
Spain,Nitrite,2009,0.02283
Spain,Nitrite,2012,0.04
Spain,Dissolved oxygen,2010,6.9
Spain,Nitrite,2012,0.255
Spain,Dissolved oxygen,2010,10.1
Belgium,Nitrite,2019,0.035
Belgium,Nitrite,2019,0.05
Romania,Nitrite,2022,0.021
Romania,Dissolved oxygen,2022,5.072
Romania,Nitrite,2022,0.033
Spain,Nitrite,2007,0.053
Spain,Nitrite,2008,0.005
Spain,Nitrite,2004,0.005
Spain,Nitrite,2010,0.005
Spain,Nitrite,2003,0.008
Spain,Nitrite,2009,0.025
Spain,Nitrite,2011,0.025
Spain,Nitrite,2012,0.02
Spain,Dissolved oxygen,2011,9.1
Spain,Nitrite,2011,0.023
Spain,Dissolved oxygen,2004,9.53
Belgium,Nitrite,2019,0.03
Spain,Nitrite,2009,0.005
Spain,Nitrite,2008,0.018
Spain,Dissolved oxygen,2008,5.0
Spain,Nitrite,2004,0.01
Spain,Nitrite,2007,0.005
Spain,Nitrite,2010,0.005
Spain,Nitrite,2006,0.005
Spain,Nitrite,2006,0.35
Spain,Nitrite,2012,0.06569
Spain,Dissolved oxygen,2007,9.767
Spain,Nitrite,2009,0.025
Spain,Nitrite,2011,0.023
Spain,Dissolved oxygen,2011,5.15
Spain,Dissolved oxygen,2005,24.2
Spain,Nitrite,2007,0.005
Spain,Nitrite,2003,0.02
Spain,Nitrite,2003,0.005
Spain,Dissolved oxygen,2012,8.5
Spain,Nitrite,2003,0.005
Spain,Dissolved oxygen,2011,10.05
Spain,Dissolved oxygen,2010,6.9
Spain,Nitrite,2012,0.005
Spain,Dissolved oxygen,2012,6.05
Spain,Dissolved oxygen,2008,10.2
Spain,Nitrite,2011,0.023
Spain,Nitrite,2012,0.005
Spain,Nitrite,2008,0.01
Spain,Nitrite,2010,0.01
Spain,Nitrite,2011,0.023
Spain,Nitrite,2004,0.03
Spain,Nitrite,2007,0.046
Spain,Nitrite,2004,0.01
Spain,Nitrite,2007,0.02
Spain,Nitrite,2006,0.005
Spain,Nitrite,2011,0.023
Spain,Nitrite,2010,0.025
Spain,Nitrite,2009,0.005
Spain,Nitrite,2011,0.05
Spain,Nitrite,2006,0.19
Spain,Nitrite,2008,0.005
Spain,Nitrate,2011,8.35
Romania,Nitrate,2022,4.181
Romania,Nitrate,2022,20.812
Spain,Nitrate,2007,23.525
Spain,Dissolved oxygen,2011,5.7
Spain,Nitrite,2008,0.042
Spain,Dissolved oxygen,2008,4.6
Spain,Nitrate,2003,43.833
Spain,Nitrate,2008,6.322
Belgium,Nitrite,2000,0.012
Spain,Nitrite,2009,0.005
Spain,Ammonium,2008,0.261
Spain,Ammonium,2007,0.023
Spain,Ammonium,2007,0.269
Spain,Ammonium,2010,0.0844
Spain,Nitrate,2008,4.3
Spain,Nitrate,2012,4.48
Spain,Nitrate,2009,9.469
Spain,Nitrate,2008,6.2
Spain,Nitrate,2006,309.4
Spain,Nitrite,2007,0.041
Spain,Dissolved oxygen,2009,7.63
Spain,Nitrite,2010,0.025
Spain,Nitrite,2006,0.005
Hungary,Nitrate,2006,0.47
Spain,Nitrate,2009,37.2
Spain,Nitrate,2010,26.6881
Belgium,Nitrate,2004,11.5
Spain,Nitrite,2004,0.06
Belgium,Nitrite,2019,0.076
Romania,Dissolved oxygen,2022,3.499
Romania,Nitrite,2022,0.011
Romania,Dissolved oxygen,2022,7.429
Belgium,Nitrate,2001,15.183
Spain,Nitrate,2006,3.0
Spain,Nitrate,2008,128.0
Spain,Ammonium,2008,0.013
Spain,Ammonium,2009,0.013
Romania,Ammonium,2022,1.122
Spain,Ammonium,2010,0.023
Spain,Ammonium,2011,0.02
Spain,Nitrate,2006,17.2
Spain,Nitrate,2006,7.867
Spain,Nitrate,2010,50.5
Spain,Nitrate,2009,0.71
Spain,Nitrite,2009,0.013
Spain,Nitrite,2009,0.025
Spain,Dissolved oxygen,2012,7.5
Spain,Nitrite,2011,0.025
Spain,Nitrite,2008,0.06
Spain,Nitrate,2006,3.4
Romania,Nitrate,2009,23.823
Estonia,Nitrate,2013,24.793220339
Spain,Nitrate,2012,35.15
Spain,Nitrate,2008,66.327
Spain,Nitrate,2006,70.0
Spain,Nitrate,2012,161.0
Spain,Nitrate,2011,9.09
Spain,Nitrate,2006,10.529
Spain,Nitrate,2010,11.3389
Spain,Nitrate,2010,5.15
Spain,Nitrate,2011,2.25
Spain,Nitrite,2010,0.025
Spain,Nitrite,2009,0.058
Spain,Dissolved oxygen,2008,4.2
Spain,Nitrite,2010,0.01
Spain,Nitrate,2005,32.767
Spain,Nitrate,2009,68.8
Spain,Nitrate,2004,22.55
Spain,Nitrate,2012,205.99085
Spain,Nitrate,2004,5.025
Spain,Nitrate,2003,10.9
Spain,Nitrate,2010,117.0
Belgium,Nitrate,2008,13.332
Spain,Nitrate,2008,2.5
Estonia,Nitrate,2014,3.3
Romania,Nitrate,2009,21.691
Romania,Nitrate,2010,23.765
Estonia,Nitrate,2014,0.4
Spain,Nitrate,2009,105.667
Spain,Nitrate,2008,54.495
Spain,Ammonium,2003,0.032
Spain,Ammonium,2008,1.793
Romania,Ammonium,2007,0.194
Romania,Ammonium,2006,0.167
Spain,Ammonium,2010,0.023
Spain,Ammonium,2003,0.045
Spain,Ammonium,2009,0.05
Spain,Nitrate,2006,6.128
Spain,Nitrate,2010,9.4143
Spain,Nitrate,2003,124.325
Spain,Nitrate,2006,2.75
Belgium,Nitrate,2010,12.05
Belgium,Nitrate,2007,51.4597
Spain,Nitrate,2011,7.0
Belgium,Nitrate,2009,12.2893
Spain,Nitrate,2008,3.89
Romania,Nitrate,2006,10.608
Belgium,Nitrate,2002,37.33
Spain,Nitrate,2007,387.0
Spain,Nitrate,2006,0.5
Spain,Nitrate,2008,4.815
Spain,Nitrate,2012,66.0
Spain,Nitrate,2003,33.288
Spain,Nitrate,2009,4.608
Spain,Nitrate,2004,5.633
Spain,Nitrate,2007,20.4
Spain,Nitrite,2011,0.023
Spain,Nitrite,2007,0.005
Spain,Nitrite,2008,0.005
Romania,Dissolved oxygen,2010,5.51
Estonia,Dissolved oxygen,2013,5.45
Spain,Ammonium,2010,0.05
Netherlands,Ammonium,2012,2.58
Spain,Ammonium,2003,0.08
Spain,Ammonium,2010,0.023
Spain,Ammonium,2009,1.7
Belgium,Ammonium,2001,0.032
Spain,Ammonium,2011,0.02
Spain,Nitrate,2006,77.0
Spain,Nitrate,2012,7.0475
Spain,Nitrate,2010,37.5
Spain,Nitrate,2009,13.65
Spain,Nitrate,2009,23.331
Spain,Nitrate,2009,5.638
Spain,Nitrate,2009,5.467
Belgium,Nitrate,2017,60.33
Belgium,Nitrate,2007,12.9462
Spain,Nitrate,2004,9.9
Spain,Nitrate,2011,170.0
Spain,Nitrate,2011,50.6
Spain,Nitrate,2006,31.5
Spain,Nitrate,2005,9.3
Spain,Nitrate,2007,8.9
Spain,Nitrate,2009,1.5
Spain,Nitrate,2009,10.25
Hungary,Nitrate,2006,0.4911
Spain,Nitrate,2012,40.0
Spain,Nitrate,2006,12.2
Spain,Nitrate,2011,272.0
Spain,Nitrate,2006,29.7
Spain,Nitrate,2003,7.298
Spain,Nitrate,2010,6.72
Spain,Nitrate,2006,18.9
Spain,Nitrate,2012,183.0
Romania,Nitrate,2008,14.139
Estonia,Ammonium,2013,0.1127777778
Estonia,Ammonium,2014,0.085
Spain,Ammonium,2008,0.18
Spain,Ammonium,2008,0.1158
Spain,Ammonium,2003,0.028
Estonia,Nitrite,2014,0.004
Spain,Nitrite,2009,0.005
Spain,Nitrite,2010,0.005
Spain,Dissolved oxygen,2011,6.7
Spain,Nitrite,2006,0.02
Romania,Nitrate,2011,30.751
Estonia,Nitrate,2013,22.4701333333
Estonia,Nitrate,2013,0.4
Estonia,Nitrate,2014,0.5666666667
Estonia,Ammonium,2014,0.129
Estonia,Ammonium,2014,0.1175
Spain,Ammonium,2009,0.05
Spain,Ammonium,2008,0.103
Spain,Ammonium,2004,0.23
Belgium,Nitrate,2018,15.0776666666667
Belgium,Nitrate,2018,11.847625
Spain,Nitrate,2011,26.5714
Spain,Nitrate,2006,27.211
Spain,Nitrite,2010,0.005
Spain,Dissolved oxygen,2011,6.2
Spain,Ammonium,2012,0.05
Belgium,Ammonium,2008,0.012
Malta,Ammonium,2007,0.25
Spain,Ammonium,2010,0.023
Spain,Ammonium,2010,0.022
Spain,Ammonium,2012,0.023
Spain,Ammonium,2011,0.0098
Romania,Ammonium,2011,0.08
Spain,Ammonium,2009,0.045
Spain,Ammonium,2009,0.013
Spain,Dissolved oxygen,2008,8.083
Belgium,Nitrite,2001,0.007
Spain,Ammonium,2009,0.108
Spain,Ammonium,2011,0.0054
Spain,Ammonium,2008,0.021
Netherlands,Ammonium,2011,2.06
Spain,Ammonium,2010,0.05
Spain,Nitrite,2007,0.043
Spain,Nitrite,2012,5.0
Estonia,Nitrite,2013,0.0041111111
Estonia,Nitrite,2014,0.0063333333
Estonia,Nitrite,2014,0.005
Spain,Ammonium,2003,0.1
Spain,Ammonium,2006,0.025
Spain,Ammonium,2008,0.023
Spain,Ammonium,2009,0.225
Spain,Ammonium,2010,0.0949
Spain,Nitrate,2009,16.7
Estonia,Nitrate,2014,0.4
Spain,Nitrate,2011,7.21
Spain,Nitrate,2012,32.25
Spain,Nitrate,2008,3.924
Spain,Ammonium,2006,0.232
Spain,Ammonium,2010,0.023
Spain,Ammonium,2012,0.023
Spain,Ammonium,2008,2.2225
Spain,Ammonium,2010,1.7667
Spain,Nitrite,2008,0.005
Belgium,Nitrite,2006,0.0081
Spain,Nitrite,2006,0.005
Belgium,Ammonium,2010,0.01
Spain,Ammonium,2010,0.05
Estonia,Ammonium,2014,1.6008333333
Spain,Ammonium,2006,0.27
Spain,Ammonium,2012,0.05
Spain,Ammonium,2008,0.023
Spain,Ammonium,2010,0.023
Spain,Ammonium,2007,0.206
Spain,Ammonium,2003,0.122
Spain,Ammonium,2006,0.18
Spain,Ammonium,2007,0.228
Spain,Ammonium,2012,1.5
Estonia,Ammonium,2014,0.185
Spain,Nitrite,2009,0.09
Belgium,Nitrite,2010,0.006
Estonia,Nitrite,2014,0.004
Spain,Nitrite,2011,0.025
Spain,Nitrite,2009,0.005
Romania,Ammonium,2009,0.299
Spain,Ammonium,2012,0.023
Spain,Ammonium,2011,0.0051
Spain,Ammonium,2006,0.032
Belgium,Ammonium,2010,0.02
Belgium,Nitrite,2001,0.022
Spain,Nitrite,2006,0.005
Spain,Nitrite,2008,0.036
Spain,Ammonium,2010,0.05
Spain,Ammonium,2007,0.206
Spain,Ammonium,2011,0.02
Spain,Ammonium,2012,0.1
Belgium,Ammonium,2009,0.0122
Spain,Nitrite,2008,0.02
Spain,Nitrite,2011,0.023
Romania,Nitrite,2010,0.0496
Estonia,Nitrite,2013,0.004
Spain,Nitrite,2011,0.025
Spain,Nitrate,2007,7.307
Spain,Nitrate,2005,393.0
Spain,Nitrate,2009,0.25
Belgium,Nitrate,2018,42.6367391304348
Belgium,Nitrate,2018,44.6007272727273
Spain,Nitrite,2009,0.025
Spain,Nitrite,2010,0.025
Spain,Nitrite,2011,0.023
Belgium,Nitrate,2011,11.3
Belgium,Nitrate,2008,58.799
Spain,Nitrate,2010,2.0
Estonia,Nitrate,2014,0.4
Estonia,Nitrate,2014,2.6
Estonia,Nitrate,2014,0.4
Spain,Nitrate,2010,306.0
Belgium,Nitrate,2012,11.45
Spain,Nitrate,2008,39.525
Spain,Nitrate,2009,351.0
Spain,Nitrate,2009,19.2
Spain,Nitrate,2007,5.214
Belgium,Nitrite,2009,0.0072
Belgium,Nitrite,2012,0.0109
Spain,Nitrite,2007,0.01
Spain,Nitrite,2010,0.005
Spain,Dissolved oxygen,2012,4.95
Spain,Nitrite,2009,0.005
Spain,Nitrite,2010,0.0011
Spain,Nitrite,2011,0.025
Spain,Nitrite,2011,0.023
Spain,Ammonium,2008,0.029
Hungary,Ammonium,2007,1.9482
Spain,Ammonium,2007,0.206
Spain,Dissolved oxygen,2010,10.9
Spain,Nitrite,2010,0.035
Spain,Nitrite,2012,0.005
Estonia,Dissolved oxygen,2013,6.9610169492
Estonia,Nitrite,2013,0.0123333333
Estonia,Nitrite,2014,0.0048333333
Estonia,Nitrite,2014,0.004
Spain,Dissolved oxygen,2008,3.05
Spain,Dissolved oxygen,2007,6.1
Spain,Nitrite,2010,0.0165
Spain,Dissolved oxygen,2009,5.8
Estonia,Dissolved oxygen,2013,7.3470588235
Estonia,Nitrite,2013,0.004
Estonia,Nitrite,2014,0.004
Spain,Nitrite,2008,0.025
Spain,Nitrite,2010,0.005
Estonia,Nitrite,2014,0.004
Spain,Nitrite,2004,0.04
Spain,Dissolved oxygen,2012,7.26111
Spain,Nitrite,2008,0.005
Spain,Dissolved oxygen,2008,6.1
Spain,Nitrite,2008,0.035
Spain,Nitrite,2009,0.005
Romania,Nitrite,2010,0.0189
Estonia,Nitrite,2013,0.0464285714
Belgium,Nitrite,2010,0.015
Spain,Nitrite,2010,0.005
Spain,Nitrite,2006,0.005
Spain,Nitrite,2008,0.005
Spain,Nitrite,2010,0.025
Spain,Dissolved oxygen,2007,5.0
Spain,Dissolved oxygen,2012,7.2
Spain,Nitrite,2003,0.237
Spain,Nitrite,2005,0.042
Spain,Dissolved oxygen,2009,7.735
Spain,Nitrate,2011,39.3
Spain,Nitrate,2006,50.4
Spain,Nitrate,2005,6.351
Spain,Nitrate,2010,43.72
Spain,Nitrate,2003,11.3
Spain,Nitrate,2007,2.0
Spain,Nitrate,2007,9.05
Spain,Dissolved oxygen,2007,8.28
Spain,Nitrite,2009,0.009
Spain,Nitrite,2008,0.032
Poland,Nitrite,2001,0.06
Spain,Nitrate,2006,4.4
Spain,Nitrate,2010,6.735
Spain,Nitrate,2010,14.0
Spain,Nitrate,2008,20.325
Poland,Nitrite,2003,0.01
Spain,Nitrite,2009,0.005
Spain,Dissolved oxygen,2009,6.96
Spain,Nitrite,2009,0.01
Spain,Nitrate,2006,42.161
Spain,Nitrate,2010,0.25
Spain,Nitrate,2009,0.138
Spain,Nitrate,2012,13.0
Spain,Nitrate,2004,24.7
Hungary,Nitrite,2006,0.0237
Spain,Nitrite,2006,0.026
Spain,Dissolved oxygen,2006,5.6
Spain,Dissolved oxygen,2006,10.7
Netherlands,Nitrate,2010,0.03
Netherlands,Nitrate,2012,0.08
Norway,Nitrate,2000,0.72
Norway,Nitrate,2002,0.1
Spain,Nitrate,2007,124.0
Spain,Nitrate,2003,24.35
Spain,Nitrate,2005,16.9
Spain,Nitrate,2007,10.188
Spain,Nitrate,2011,5.805
Spain,Nitrate,2003,4.217
Spain,Nitrate,2004,15.217
Spain,Nitrate,2008,39.5
Spain,Nitrate,2007,41.696
Belgium,Nitrate,2017,51.94
Poland,Nitrate,2000,0.72
Spain,Nitrate,2003,36.475
Spain,Nitrate,2003,14.4
Spain,Nitrate,2004,30.35
Spain,Nitrate,2006,6.867
Belgium,Nitrate,2017,69.57
Belgium,Nitrate,2017,22.93
Spain,Nitrate,2007,97.5
Spain,Nitrate,2008,181.0
Spain,Nitrate,2010,5.182
Spain,Nitrate,2007,5.537
Spain,Nitrite,2008,0.005
Spain,Nitrite,2009,0.005
Belgium,Nitrite,2011,0.01
Poland,Nitrate,2001,0.91
Spain,Nitrate,2007,1.217
Spain,Nitrate,2006,0.25
Belgium,Nitrate,2017,46.18
Belgium,Nitrate,2017,34.81
Spain,Nitrite,2009,0.005
Spain,Nitrite,2011,0.023
Spain,Nitrite,2007,0.06
Belgium,Nitrite,2008,0.011
Spain,Nitrate,2009,39.819
Spain,Nitrate,2008,4.05
Spain,Nitrate,2007,9.108
Belgium,Nitrate,2017,0.1
Poland,Nitrate,2003,0.5
Belgium,Nitrite,2008,0.008
Malta,Nitrite,2008,0.25
Spain,Nitrite,2012,2.802
Spain,Dissolved oxygen,2012,8.3625
Spain,Nitrite,2006,0.24
Spain,Nitrite,2010,0.0011
Spain,Nitrate,2011,2.0
Spain,Nitrate,2007,2.0
Belgium,Nitrate,2017,55.42
Belgium,Nitrate,2017,72.85
Belgium,Nitrate,2017,40.06
Belgium,Nitrate,2017,5.02
Spain,Dissolved oxygen,2009,6.575
Spain,Nitrite,2010,0.03
Spain,Dissolved oxygen,2009,8.35
Spain,Nitrite,2003,0.02
Spain,Nitrite,2008,0.035
Spain,Dissolved oxygen,2007,8.983
Spain,Nitrite,2004,0.034
Belgium,Nitrate,2017,0.1
Finland,Nitrate,2001,0.0407
Spain,Nitrate,2006,4.65
Belgium,Nitrate,2021,1.099
Spain,Nitrate,2007,2.833
Spain,Nitrate,2004,23.575
Spain,Nitrate,2006,34.75
Spain,Nitrate,2011,34.0
Belgium,Nitrate,2017,70.25
Spain,Nitrate,2011,0.5
Belgium,Nitrate,2021,1.515
Spain,Nitrate,2012,45.15
Spain,Nitrate,2007,9.833
Belgium,Nitrite,2014,0.155
Belgium,Nitrite,2014,0.038
Belgium,Dissolved oxygen,2014,3.36
Spain,Nitrite,2009,0.01
Poland,Nitrite,2000,0.01
Belgium,Nitrate,2017,51.38
Belgium,Nitrate,2017,4.53
Spain,Nitrate,2004,29.6
Spain,Nitrate,2007,26.0
Belgium,Nitrate,2021,0.852
Belgium,Nitrate,2021,1.148
Belgium,Nitrite,2014,0.032
Belgium,Nitrite,2014,0.146
Belgium,Dissolved oxygen,2014,2.51
Spain,Dissolved oxygen,2008,0.3
Belgium,Nitrite,2014,0.035
Spain,Nitrate,2003,5.675
Spain,Nitrate,2006,11.983
Spain,Nitrate,2007,29.067
Spain,Nitrate,2004,19.0
Spain,Nitrate,2005,5.892
Belgium,Nitrite,2014,0.118
Belgium,Nitrite,2014,0.107
Belgium,Nitrite,2014,0.03
Belgium,Nitrite,2017,0.03
Belgium,Nitrite,2017,0.045
Belgium,Nitrite,2017,0.093
Belgium,Nitrite,2017,0.102
Belgium,Nitrite,2017,0.074
Belgium,Dissolved oxygen,2016,6.56
Belgium,Dissolved oxygen,2014,5.88
Belgium,Dissolved oxygen,2014,1.69
Finland,Dissolved oxygen,2008,7.87
Spain,Nitrite,2011,0.023
Hungary,Nitrite,2006,0.0216
Belgium,Nitrite,2017,0.034
Belgium,Nitrite,2017,0.05
Belgium,Dissolved oxygen,2016,4.3
Belgium,Dissolved oxygen,2016,6.96
Finland,Dissolved oxygen,2011,9.3
Spain,Nitrite,2005,0.225
Spain,Nitrite,2011,0.3
Spain,Nitrite,2007,0.005
Spain,Nitrite,2010,0.01
Belgium,Nitrite,2014,0.059
Belgium,Nitrite,2014,0.032
Belgium,Nitrite,2014,0.089
Belgium,Nitrite,2014,0.041
Belgium,Dissolved oxygen,2014,3.58
Belgium,Dissolved oxygen,2014,1.53
Spain,Nitrite,2009,0.025
Belgium,Nitrite,2014,0.079
Belgium,Nitrite,2014,0.391
Belgium,Dissolved oxygen,2014,2.1
Spain,Nitrite,2009,0.008
Spain,Nitrite,2011,0.023
Spain,Nitrite,2006,0.01
Belgium,Dissolved oxygen,2016,2.34
Spain,Dissolved oxygen,2003,7.925
Belgium,Nitrite,2017,0.185
Belgium,Nitrite,2017,0.053
Belgium,Dissolved oxygen,2016,5.39
Belgium,Dissolved oxygen,2016,6.67
Belgium,Dissolved oxygen,2016,4.0
Spain,Nitrite,2011,0.095
Spain,Nitrite,2004,0.047
Belgium,Nitrite,2014,0.241
Belgium,Nitrite,2014,0.036
Belgium,Nitrite,2014,0.03
Belgium,Nitrite,2014,0.03
Spain,Nitrate,2007,7.329
Spain,Nitrate,2009,4.65
Spain,Nitrate,2006,22.0
Belgium,Nitrate,2017,38.26
Spain,Ammonium,2008,0.013
Spain,Ammonium,2006,0.72
Spain,Ammonium,2008,0.155
Spain,Ammonium,2006,0.129
Spain,Ammonium,2009,0.05
Belgium,Dissolved oxygen,2014,2.4
Belgium,Dissolved oxygen,2016,1.44
Spain,Nitrite,2012,0.00562
Belgium,Nitrite,2020,0.03
Spain,Dissolved oxygen,2011,9.88
Spain,Nitrite,2005,0.006
Estonia,Ammonium,2013,0.07
Estonia,Ammonium,2013,0.07
Spain,Ammonium,2005,0.04
Spain,Ammonium,2006,0.032
Hungary,Ammonium,2006,0.8181
Spain,Nitrate,2009,34.0
Belgium,Nitrate,2017,45.13
Estonia,Nitrate,2013,0.4
Estonia,Nitrate,2014,0.4
Spain,Nitrate,2011,10.0
Spain,Nitrite,2011,0.023
Spain,Dissolved oxygen,2011,4.4
Spain,Nitrite,2011,0.023
Hungary,Ammonium,2006,1.1644
Spain,Ammonium,2007,0.023
Spain,Ammonium,2009,0.023
Belgium,Ammonium,2009,0.0331
Estonia,Ammonium,2014,0.07
Spain,Ammonium,2012,0.03375
Spain,Ammonium,2009,0.03
Spain,Nitrite,2003,0.015
Belgium,Dissolved oxygen,2016,7.92
Belgium,Dissolved oxygen,2016,2.45
Belgium,Dissolved oxygen,2016,2.3
Spain,Dissolved oxygen,2012,9.56
Belgium,Nitrite,2007,0.0079
Spain,Ammonium,2011,0.005
Spain,Ammonium,2008,0.233
Spain,Ammonium,2006,0.092
Spain,Dissolved oxygen,2008,7.95
Spain,Dissolved oxygen,2012,9.3
Spain,Dissolved oxygen,2012,0.5
Spain,Nitrite,2007,0.005
Spain,Nitrite,2009,0.005
Hungary,Nitrate,2006,0.7667
Hungary,Nitrate,2007,1.3099
Spain,Nitrate,2011,4.42
Spain,Nitrate,2009,19.0
Spain,Ammonium,2009,0.129
Spain,Ammonium,2010,0.1165
Spain,Ammonium,2006,0.023
Spain,Ammonium,2009,0.01
Spain,Ammonium,2009,0.023
Belgium,Nitrite,2020,0.03
Belgium,Nitrite,2020,0.078
Belgium,Nitrite,2020,0.105
Belgium,Nitrite,2020,0.058
Belgium,Nitrite,2020,0.03
Belgium,Nitrite,2020,0.03
Spain,Nitrite,2006,0.034
Spain,Dissolved oxygen,2011,5.5
Spain,Nitrite,2006,0.18
Spain,Dissolved oxygen,2011,5.2
Spain,Nitrite,2010,0.02
Spain,Ammonium,2009,0.042
Spain,Ammonium,2008,0.038
Spain,Ammonium,2012,25.0
Spain,Ammonium,2008,0.023
Spain,Ammonium,2011,0.0337
Spain,Nitrate,2003,22.758
Spain,Nitrate,2004,31.156
Spain,Nitrate,2011,3.0
Spain,Nitrate,2005,46.067
Spain,Nitrate,2008,4.983
Spain,Nitrate,2009,23.6
Spain,Nitrate,2010,0.25
Belgium,Nitrate,2020,21.534
Belgium,Nitrate,2021,3.133
Spain,Nitrate,2008,15.4
Belgium,Nitrite,2020,0.03
Belgium,Nitrite,2020,0.03
Belgium,Nitrite,2020,0.03
Belgium,Nitrite,2020,0.03
Belgium,Nitrite,2020,0.03
Belgium,Nitrite,2020,0.095
Spain,Nitrite,2004,0.06
Spain,Nitrate,2006,40.869
Spain,Nitrate,2008,31.312
Spain,Nitrate,2012,1.25
Spain,Nitrate,2010,7.0
Belgium,Nitrate,2021,51.935
Spain,Dissolved oxygen,2010,3.85
Belgium,Nitrite,2020,0.048
Belgium,Nitrite,2020,0.03
Belgium,Nitrite,2020,0.031
Belgium,Nitrite,2020,0.03
Spain,Nitrite,2011,0.023
Spain,Nitrate,2010,39.0
Spain,Nitrate,2008,33.0
Spain,Nitrate,2005,141.65
Spain,Nitrate,2011,6.05
Spain,Nitrate,2006,8.167
Belgium,Nitrate,2011,55.69
Spain,Nitrate,2009,4.6
Spain,Nitrate,2012,3.0
Spain,Nitrate,2012,53.0
Spain,Nitrate,2011,29.5
Spain,Ammonium,2009,0.023
Belgium,Ammonium,2014,0.99
Belgium,Ammonium,2014,0.16
Belgium,Ammonium,2014,1.31
Spain,Ammonium,2006,0.032
Spain,Ammonium,2007,0.023
Belgium,Ammonium,2016,2.18
Belgium,Ammonium,2020,0.159
Spain,Ammonium,2010,0.0056
Spain,Ammonium,2008,0.1101
Spain,Dissolved oxygen,2010,8.2167
Spain,Nitrite,2007,0.03
Spain,Dissolved oxygen,2011,7.15
Spain,Nitrite,2011,0.025
Poland,Nitrite,2002,0.021
Belgium,Nitrite,2017,0.03
Belgium,Dissolved oxygen,2016,3.66
Belgium,Dissolved oxygen,2016,2.1
Spain,Nitrite,2003,0.02
Finland,Dissolved oxygen,2008,7.97
Spain,Dissolved oxygen,2008,7.1
Spain,Dissolved oxygen,2010,8.825
Spain,Nitrite,2003,0.017
Spain,Dissolved oxygen,2008,7.0125
Spain,Dissolved oxygen,2003,6.65
Spain,Ammonium,2008,0.036
Spain,Ammonium,2007,0.155
Spain,Ammonium,2009,0.155
Belgium,Ammonium,2016,0.39
Belgium,Ammonium,2014,0.1
Spain,Dissolved oxygen,2009,6.95
Spain,Nitrite,2009,0.016
Spain,Dissolved oxygen,2004,5.7
Spain,Dissolved oxygen,2006,8.0
Spain,Nitrite,2007,0.005
Spain,Dissolved oxygen,2012,7.84
Belgium,Nitrite,2014,0.071
Belgium,Nitrite,2014,0.057
Belgium,Dissolved oxygen,2014,4.41
Spain,Dissolved oxygen,2003,5.3
Belgium,Nitrite,2017,0.03
Spain,Nitrate,2012,19.0
Spain,Nitrate,2008,16.4
Spain,Nitrate,2003,18.3
Poland,Nitrate,2002,0.826
Spain,Nitrate,2009,49.05
Spain,Ammonium,2004,0.355
Spain,Ammonium,2008,0.023
Spain,Ammonium,2011,0.007
Belgium,Ammonium,2020,0.278
Spain,Ammonium,2006,0.04
Spain,Ammonium,2008,0.077
Spain,Ammonium,2012,0.023
Belgium,Ammonium,2008,0.025
Romania,Ammonium,2006,0.271
Spain,Ammonium,2006,0.053
Spain,Ammonium,2009,0.065
Spain,Ammonium,2009,0.023
Spain,Ammonium,2006,0.09
Spain,Ammonium,2009,0.1
Spain,Ammonium,2009,0.35
Spain,Ammonium,2008,0.116
Spain,Ammonium,2006,0.032
Spain,Ammonium,2006,0.062
Spain,Ammonium,2012,0.025
Spain,Nitrate,2010,27.7
Spain,Nitrate,2003,8.912
Spain,Nitrate,2010,4.0
Spain,Nitrate,2010,22.0
Spain,Nitrate,2005,165.0
Spain,Ammonium,2006,0.083
Belgium,Ammonium,2014,0.27
Belgium,Ammonium,2014,0.66
Belgium,Ammonium,2014,1.79
Spain,Ammonium,2008,0.013
Spain,Nitrate,2004,7.083
Spain,Nitrate,2003,15.975
Spain,Nitrate,2005,30.581
Belgium,Nitrate,2017,25.64
Belgium,Nitrate,2017,64.69
Spain,Ammonium,2009,0.025
Spain,Ammonium,2012,2.5
Spain,Ammonium,2008,0.06
Belgium,Ammonium,2016,18.63
Romania,Ammonium,2008,0.008
Estonia,Ammonium,2013,0.07
Estonia,Ammonium,2014,0.1416666667
Spain,Ammonium,2009,0.023
Spain,Ammonium,2011,0.005
Hungary,Ammonium,2007,1.0211
Spain,Ammonium,2008,0.265
Spain,Ammonium,2009,0.167
Spain,Ammonium,2008,0.03
Spain,Ammonium,2008,0.115
Spain,Ammonium,2005,0.01
Spain,Ammonium,2007,0.128
Belgium,Ammonium,2020,0.354
Belgium,Ammonium,2020,0.415
Spain,Ammonium,2012,25.0
Spain,Ammonium,2009,0.023
Spain,Ammonium,2009,0.142
Spain,Ammonium,2006,0.04
Spain,Ammonium,2008,0.0844
Spain,Ammonium,2003,0.232
Spain,Ammonium,2010,0.023
Spain,Ammonium,2006,1.037
Spain,Ammonium,2008,0.032
Spain,Ammonium,2008,0.013
Spain,Ammonium,2003,0.028
Spain,Ammonium,2007,0.023
Belgium,Ammonium,2016,12.41
Belgium,Ammonium,2014,0.17
Belgium,Ammonium,2014,0.6
Belgium,Ammonium,2014,2.15
Spain,Ammonium,2010,0.023
Spain,Ammonium,2011,0.005
Spain,Ammonium,2008,0.013
Spain,Ammonium,2008,0.076
Belgium,Ammonium,2020,0.331
Spain,Ammonium,2010,0.023
Spain,Ammonium,2007,0.023
Spain,Ammonium,2006,0.032
Belgium,Nitrite,2017,0.06
Belgium,Dissolved oxygen,2014,1.89
Belgium,Dissolved oxygen,2014,1.36
Belgium,Dissolved oxygen,2016,2.65
Belgium,Dissolved oxygen,2016,1.71
Spain,Nitrite,2006,0.005
Belgium,Nitrate,2017,0.92
Spain,Nitrate,2011,16.0
Belgium,Nitrate,2021,8.844
Spain,Nitrate,2003,29.425
Hungary,Nitrate,2006,0.455
Spain,Nitrate,2006,16.9
Spain,Nitrate,2004,38.744
Spain,Nitrate,2006,405.0
Spain,Nitrate,2003,127.0
Spain,Nitrate,2006,5.673
Spain,Nitrate,2003,21.525
Spain,Nitrate,2007,35.812
Spain,Nitrate,2011,172.0
Spain,Nitrate,2008,423.0
Spain,Nitrite,2009,0.025
Belgium,Dissolved oxygen,2014,4.06
Belgium,Dissolved oxygen,2014,5.67
Belgium,Dissolved oxygen,2014,3.36
Spain,Nitrite,2003,0.02
Spain,Nitrite,2009,0.013
Spain,Nitrate,2008,17.0
Belgium,Nitrate,2018,29.21575
Belgium,Nitrate,2017,57.74
Belgium,Nitrate,2017,56.71
Spain,Nitrate,2012,45.25
Spain,Nitrate,2007,46.2
Spain,Nitrate,2003,125.39
Spain,Nitrate,2006,13.5
Spain,Nitrate,2009,1.5
Spain,Nitrate,2012,0.25
Spain,Nitrite,2006,0.005
Belgium,Dissolved oxygen,2021,1.36
Belgium,Nitrite,2020,0.041
Belgium,Nitrite,2020,0.03
Belgium,Nitrite,2020,0.03
Belgium,Nitrite,2020,0.06
Belgium,Nitrite,2020,0.03
Belgium,Nitrate,2018,29.5430578512397
Belgium,Nitrate,2018,14.3553
Belgium,Nitrate,2018,33.1648333333333
Belgium,Nitrate,2018,20.4069285714286
Belgium,Nitrate,2005,31.52
Belgium,Ammonium,2020,0.128
Spain,Ammonium,2006,0.855
Spain,Ammonium,2003,0.039
Estonia,Ammonium,2014,0.21
Belgium,Ammonium,2001,0.018
Belgium,Nitrite,2020,0.03
Spain,Nitrite,2005,2.075
Spain,Nitrite,2006,0.062
Spain,Nitrite,2007,0.01
Spain,Dissolved oxygen,2010,7.4
Belgium,Ammonium,2007,0.0172
Belgium,Ammonium,2002,0.016
Spain,Ammonium,2005,0.053
Spain,Ammonium,2008,0.0872
Belgium,Nitrate,2011,34.32
Spain,Nitrate,2007,18.25
Spain,Nitrate,2005,12.5
Spain,Nitrate,2009,2.5
Estonia,Nitrite,2014,0.004
Spain,Nitrite,2003,0.025
Spain,Dissolved oxygen,2012,7.63333
Spain,Nitrite,2011,0.023
Spain,Dissolved oxygen,2009,7.822
Spain,Ammonium,2006,0.032
Spain,Ammonium,2008,0.013
Spain,Ammonium,2011,0.0124
Spain,Ammonium,2009,0.025
Spain,Nitrite,2006,0.005
Estonia,Nitrite,2014,0.015
Belgium,Nitrite,2002,0.007
Belgium,Nitrite,2003,0.007
Belgium,Nitrite,2009,0.0074
Spain,Nitrite,2008,0.005
Spain,Nitrite,2007,0.018
Spain,Nitrite,2010,0.005
Spain,Nitrite,2009,0.021
Spain,Nitrate,2006,2.312
Spain,Nitrate,2008,1.25
Spain,Nitrate,2003,21.25
Spain,Nitrite,2008,0.005
Spain,Dissolved oxygen,2011,7.7
Spain,Nitrite,2007,0.1
Spain,Dissolved oxygen,2010,8.4
Belgium,Nitrite,2020,0.03
Belgium,Nitrite,2020,0.03
Belgium,Nitrite,2020,0.112
Belgium,Nitrite,2020,0.07
Spain,Dissolved oxygen,2009,3.8
Spain,Nitrite,2011,0.025
Spain,Nitrate,2012,32.0
Spain,Nitrate,2010,1.5
Spain,Nitrate,2008,13.3
Spain,Nitrate,2008,3.77
Spain,Nitrate,2010,10.0
Belgium,Nitrate,2010,34.34
Spain,Nitrate,2011,6.4665
Belgium,Nitrate,2012,33.77
Spain,Ammonium,2007,0.025
Spain,Ammonium,2006,0.135
Spain,Ammonium,2011,0.0134
Spain,Ammonium,2011,0.005
Spain,Nitrate,2004,182.42
Spain,Nitrate,2012,14.0
Spain,Nitrate,2006,16.5
Spain,Nitrate,2008,245.15
Belgium,Nitrate,2021,0.227
Spain,Nitrate,2011,54.0
Spain,Nitrate,2012,13.0
Spain,Nitrate,2012,9.0
Spain,Nitrate,2008,8.65
Spain,Nitrate,2007,242.6
Belgium,Nitrate,2018,25.0837843137255
Belgium,Nitrate,2018,51.3081
Romania,Nitrate,2016,3.7388
Spain,Nitrate,2008,15.0
Spain,Nitrate,2007,6.35
Spain,Nitrate,2009,11.15
Belgium,Nitrate,2021,64.122
Belgium,Nitrate,2021,27.189
Spain,Nitrate,2007,37.5
Spain,Nitrate,2004,145.025
Spain,Nitrate,2010,5.0
Spain,Nitrate,2012,3.7
Spain,Nitrate,2009,25.05
Spain,Nitrate,2011,11.2
Spain,Ammonium,2006,0.063
Spain,Ammonium,2012,0.023
Spain,Ammonium,2012,0.1
Spain,Ammonium,2008,0.058
Belgium,Ammonium,2003,0.904
Spain,Ammonium,2006,0.023
Belgium,Ammonium,2014,0.93
Belgium,Ammonium,2014,0.65
Belgium,Ammonium,2014,11.48
Belgium,Ammonium,2014,14.74
Spain,Ammonium,2009,0.013
Spain,Nitrite,2006,0.005
Belgium,Nitrite,2014,0.03
Belgium,Dissolved oxygen,2014,2.13
Belgium,Dissolved oxygen,2014,1.37
Spain,Dissolved oxygen,2003,9.55
Belgium,Dissolved oxygen,2014,1.68
Belgium,Nitrite,2017,0.03
Spain,Nitrite,2006,0.005
Belgium,Dissolved oxygen,2016,4.53
Belgium,Ammonium,2004,0.01
Belgium,Ammonium,2006,0.0356
Spain,Ammonium,2011,0.005
Spain,Ammonium,2006,0.116
Belgium,Dissolved oxygen,2016,0.2
Belgium,Dissolved oxygen,2016,1.86
Spain,Nitrite,2009,0.005
Spain,Nitrite,2010,0.005
Belgium,Nitrite,2020,0.084
Belgium,Nitrite,2020,0.03
Spain,Nitrite,2003,0.12
Spain,Dissolved oxygen,2012,8.7
Spain,Nitrite,2009,0.005
Romania,Dissolved oxygen,2016,4.84
Spain,Dissolved oxygen,2008,1.93
Spain,Ammonium,2010,0.023
Spain,Ammonium,2010,0.0056
Spain,Ammonium,2009,0.13
Belgium,Ammonium,2003,0.011
Spain,Nitrite,2006,0.005
Belgium,Nitrite,2004,0.032
Belgium,Nitrite,2003,0.032
Spain,Nitrite,2008,0.025
Romania,Nitrate,2016,1.8045
Spain,Nitrate,2012,6.0
Spain,Nitrate,2009,3.8
Spain,Nitrate,2005,5.013
Spain,Nitrate,2010,30.7453
Spain,Nitrite,2009,0.005
Belgium,Nitrite,2010,0.01
Spain,Nitrite,2007,0.005
Spain,Nitrite,2011,0.023
Spain,Dissolved oxygen,2012,4.75333
Belgium,Nitrate,2018,18.1717727272727
Belgium,Nitrate,2018,35.9625666666667
Romania,Nitrate,2016,2.665
Spain,Nitrate,2003,5.528
Spain,Nitrate,2007,0.49
Spain,Nitrate,2008,17.3
Spain,Nitrate,2006,8.4
Spain,Nitrate,2006,13.0
Spain,Nitrate,2012,13.0
Spain,Nitrate,2007,13.6
Spain,Ammonium,2012,0.023
Belgium,Ammonium,2004,0.367
Belgium,Ammonium,2007,0.0275
Spain,Nitrite,2008,0.005
Belgium,Dissolved oxygen,2014,4.7
Belgium,Dissolved oxygen,2014,1.25
Spain,Dissolved oxygen,2010,8.25
Spain,Nitrite,2007,0.02
Belgium,Phosphate,2021,0.686
Belgium,Phosphate,2021,0.06
Malta,Nitrate,2021,185.0
Belgium,Nitrate,2014,24.0
Belgium,Nitrate,2013,14.2
Belgium,Nitrate,2014,17.2
Belgium,Nitrate,2014,7.3
Spain,Nitrate,2008,6.3
Spain,Nitrate,2009,6.0
Spain,Nitrate,2006,5.0
Spain,Nitrate,2006,15.0
Malta,Nitrate,2021,195.0
Spain,Nitrite,2007,0.005
Belgium,Nitrite,2008,0.008
Spain,Nitrite,2009,0.005
Spain,Dissolved oxygen,2009,7.967
Spain,Dissolved oxygen,2011,7.1
Belgium,Nitrate,2014,25.1
Belgium,Nitrate,2013,29.4
Belgium,Nitrate,2014,14.8
Belgium,Nitrate,2013,16.4
Belgium,Nitrate,2013,32.1
Belgium,Nitrate,2014,36.3
Belgium,Phosphate,2021,0.417
Spain,Ammonium,2009,0.1
Spain,Ammonium,2009,0.129
Spain,Ammonium,2004,0.054
Spain,Nitrate,2011,15.0
Spain,Nitrate,2006,5.2
Spain,Nitrate,2011,23.65
Spain,Nitrate,2012,85.87871
Belgium,Phosphate,2021,1.711
Spain,Ammonium,2010,0.1026
Spain,Ammonium,2011,0.02
Spain,Ammonium,2006,0.541
Spain,Ammonium,2007,0.219
Spain,Ammonium,2012,0.05
Spain,Nitrite,2003,0.805
Spain,Dissolved oxygen,2011,5.65
Spain,Nitrite,2006,0.08
Spain,Nitrite,2007,0.03
Belgium,Nitrite,2020,0.03
Belgium,Nitrite,2020,0.072
Belgium,Nitrite,2020,0.03
Belgium,Nitrite,2020,0.03
Spain,Dissolved oxygen,2009,6.1
Spain,Nitrite,2007,0.012
Belgium,Nitrite,2014,0.03
Spain,Nitrite,2007,0.1
Spain,Nitrite,2003,0.032
Spain,Nitrite,2004,0.02
Spain,Nitrite,2012,0.5
Spain,Nitrite,2008,0.005
Spain,Nitrite,2009,0.005
Spain,Nitrite,2010,0.025
Spain,Nitrite,2012,5.0
Spain,Nitrite,2009,0.005
Belgium,Nitrate,2018,25.9668666666667
Belgium,Nitrate,2018,12.7322857142857
Belgium,Nitrate,2018,24.7455
Romania,Nitrate,2016,38.9626
Spain,Nitrate,2011,7.92
Spain,Nitrate,2008,13.433
Spain,Nitrate,2007,6.6
Spain,Nitrate,2006,3.0
Spain,Nitrate,2008,2.4
Spain,Nitrate,2006,29.45
Belgium,Phosphate,2021,0.308
Romania,Nitrite,2016,0.01
Spain,Nitrite,2011,0.025
Spain,Nitrite,2007,0.043
Spain,Nitrite,2010,0.025
Spain,Dissolved oxygen,2009,7.0
Spain,Nitrate,2011,87.0
Spain,Nitrate,2007,28.0
Spain,Nitrate,2004,9.488
Spain,Nitrate,2004,8.45
Spain,Nitrate,2004,23.6
Spain,Dissolved oxygen,2012,10.0
Belgium,Nitrite,2012,0.012
Spain,Nitrite,2009,0.005
Spain,Dissolved oxygen,2009,8.0
Spain,Nitrite,2008,0.025
Romania,Nitrite,2016,0.0216
Spain,Dissolved oxygen,2011,5.8
Spain,Nitrite,2004,0.005
Romania,Nitrite,2016,0.0111
Romania,Dissolved oxygen,2016,5.3669
Spain,Nitrite,2003,0.02
Belgium,Nitrite,2017,0.036
Belgium,Nitrite,2017,0.059
Belgium,Nitrite,2017,0.03
Belgium,Dissolved oxygen,2016,2.28
Belgium,Dissolved oxygen,2016,3.33
Spain,Dissolved oxygen,2009,9.1
Spain,Dissolved oxygen,2006,6.85
Belgium,Dissolved oxygen,2014,1.66
Belgium,Dissolved oxygen,2014,2.41
Spain,Nitrite,2008,0.005
Spain,Nitrite,2010,0.01
Spain,Nitrite,2003,0.005
Spain,Nitrate,2007,14.7
Spain,Nitrate,2003,105.0
Spain,Nitrate,2011,18.0
Spain,Nitrate,2012,5.0
Spain,Nitrate,2007,10.5
Belgium,Ammonium,2020,0.447
Romania,Dissolved oxygen,2016,4.385
Spain,Nitrite,2012,0.005
Spain,Nitrite,2003,0.02
Spain,Dissolved oxygen,2010,10.4
Spain,Nitrite,2006,0.005
Spain,Nitrate,2011,75.0
Spain,Nitrate,2008,39.6
Spain,Nitrate,2010,15.5
Spain,Nitrate,2009,0.25
Spain,Ammonium,2012,0.023
Spain,Ammonium,2011,0.01
Spain,Ammonium,2009,0.05
Spain,Ammonium,2010,0.023
Spain,Ammonium,2009,0.05
Belgium,Nitrate,2020,1.602
Spain,Nitrate,2003,2.15
Spain,Nitrate,2007,26.848
Estonia,Nitrate,2014,0.4
Estonia,Nitrate,2014,0.4
Spain,Nitrate,2008,53.5
Spain,Ammonium,2007,0.023
Belgium,Ammonium,2014,0.28
Belgium,Ammonium,2014,0.73
Belgium,Ammonium,2014,0.37
Spain,Ammonium,2008,0.167
Spain,Ammonium,2007,0.142
Spain,Ammonium,2003,0.039
Spain,Ammonium,2007,0.167
Spain,Ammonium,2006,0.023
Spain,Ammonium,2006,0.126
Spain,Dissolved oxygen,2009,6.8
Spain,Nitrite,2007,0.04
Spain,Nitrite,2008,0.005
Spain,Nitrite,2003,0.038
Spain,Nitrite,2011,0.0449
Spain,Nitrite,2006,0.05
Spain,Nitrite,2009,0.005
Spain,Nitrite,2006,0.005
Spain,Nitrite,2006,0.005
Belgium,Dissolved oxygen,2021,0.636
Spain,Dissolved oxygen,2005,6.0
Spain,Dissolved oxygen,2009,9.4
Spain,Nitrite,2007,0.03
Spain,Nitrite,2006,0.15
Spain,Nitrate,2008,8.6
Belgium,Nitrate,2013,47.6
Belgium,Nitrate,2013,55.0
Belgium,Nitrate,2014,11.4
Belgium,Nitrate,2014,12.0
Spain,Nitrate,2008,9.85
Spain,Ammonium,2009,0.05
Spain,Ammonium,2010,0.025
Belgium,Ammonium,2014,0.43
Belgium,Ammonium,2014,1.2
Spain,Ammonium,2007,0.256
Spain,Nitrite,2006,0.005
Belgium,Nitrite,2017,0.03
Belgium,Nitrite,2017,0.126
Belgium,Nitrite,2017,0.106
Belgium,Dissolved oxygen,2016,5.93
Belgium,Dissolved oxygen,2016,3.13
Spain,Nitrite,2006,0.005
Spain,Ammonium,2004,0.032
Spain,Ammonium,2012,2.5
Spain,Ammonium,2006,0.309
Spain,Ammonium,2006,0.155
Romania,Ammonium,2016,0.121
Spain,Ammonium,2007,0.322
Spain,Ammonium,2010,0.0056
Spain,Ammonium,2003,0.026
Spain,Ammonium,2011,0.0005
Spain,Ammonium,2010,0.065
Belgium,Nitrate,2013,28.6
Belgium,Nitrate,2014,17.0
Belgium,Phosphate,2021,0.274
Belgium,Phosphate,2021,0.06
Spain,Nitrate,2011,1.5
Spain,Nitrate,2011,14.4
Spain,Ammonium,2008,0.013
Spain,Ammonium,2010,0.023
Spain,Ammonium,2007,0.013
Spain,Ammonium,2008,0.039
Spain,Ammonium,2007,0.037
Spain,Ammonium,2007,0.013
Belgium,Ammonium,2010,0.03
Spain,Ammonium,2012,0.05
Romania,Ammonium,2016,0.18375
Belgium,Nitrite,2020,0.043
Belgium,Nitrite,2006,0.0106
Spain,Dissolved oxygen,2007,8.8
Spain,Dissolved oxygen,2009,5.93
Spain,Nitrite,2007,0.078
Romania,Dissolved oxygen,2013,4.379
Spain,Nitrite,2004,0.01
Spain,Nitrite,2006,0.022
Spain,Dissolved oxygen,2012,4.905
Spain,Nitrite,2010,0.01
Spain,Nitrite,2011,0.023
Romania,Dissolved oxygen,2016,6.49436
Spain,Nitrite,2012,0.005
Spain,Nitrite,2006,0.005
Spain,Nitrite,2007,0.03
Spain,Nitrite,2008,0.005
Spain,Dissolved oxygen,2010,6.7
Spain,Dissolved oxygen,2011,3.85
Spain,Nitrite,2008,0.01
Belgium,Nitrite,2020,0.03
Belgium,Nitrite,2020,0.03
Belgium,Dissolved oxygen,2021,0.389
Spain,Nitrite,2010,0.005
Spain,Nitrite,2006,0.008
Spain,Nitrite,2007,0.02
Spain,Dissolved oxygen,2007,6.475
Romania,Nitrite,2013,0.1
Spain,Nitrite,2010,0.005
Spain,Dissolved oxygen,2012,6.4
Spain,Nitrite,2007,0.05
Belgium,Dissolved oxygen,2021,1.888
Belgium,Dissolved oxygen,2021,1.573
Belgium,Dissolved oxygen,2021,3.468
Belgium,Dissolved oxygen,2021,1.419
Estonia,Nitrite,2014,0.004
Spain,Nitrite,2011,0.025
Spain,Nitrite,2009,0.03
Spain,Dissolved oxygen,2007,5.8
Spain,Dissolved oxygen,2009,7.58
Spain,Dissolved oxygen,2008,7.6
Spain,Nitrite,2008,0.29
Spain,Dissolved oxygen,2009,10.3
Belgium,Dissolved oxygen,2021,1.324
Belgium,Dissolved oxygen,2021,0.91
Belgium,Dissolved oxygen,2021,0.56
Spain,Dissolved oxygen,2006,8.9
Spain,Dissolved oxygen,2009,5.0
Spain,Dissolved oxygen,2005,9.8
Belgium,Dissolved oxygen,2021,0.48
Belgium,Phosphate,2021,0.276
Estonia,Nitrate,2014,0.4
Spain,Nitrate,2009,60.375
Spain,Nitrate,2007,12.0
Spain,Nitrate,2007,65.35
Belgium,Dissolved oxygen,2021,0.332
Belgium,Dissolved oxygen,2021,0.2
Spain,Dissolved oxygen,2011,6.9
Spain,Nitrite,2011,0.025
Belgium,Nitrite,2011,0.01
Spain,Nitrite,2008,0.005
Spain,Nitrite,2006,0.005
Spain,Dissolved oxygen,2003,9.6
Spain,Nitrite,2011,0.025
Spain,Ammonium,2008,0.03
Spain,Ammonium,2009,0.039
Spain,Ammonium,2011,0.005
Spain,Ammonium,2009,0.05
Spain,Ammonium,2008,0.023
Belgium,Ammonium,2020,0.332
Spain,Ammonium,2003,0.32
Spain,Ammonium,2006,0.077
Spain,Ammonium,2008,0.03
Spain,Ammonium,2003,0.135
Estonia,Ammonium,2014,0.07
Belgium,Ammonium,2004,0.01
Belgium,Ammonium,2012,0.0371
Spain,Ammonium,2008,0.013
Spain,Ammonium,2009,0.05
Spain,Ammonium,2011,0.005
Spain,Ammonium,2011,0.005
Belgium,Ammonium,2020,0.161
Belgium,Ammonium,2020,0.356
Spain,Dissolved oxygen,2010,6.25
Spain,Nitrite,2009,0.015
Spain,Dissolved oxygen,2008,7.9
Spain,Nitrite,2008,0.005
Spain,Ammonium,2009,0.15
Spain,Ammonium,2010,0.066
Spain,Ammonium,2012,0.14
Spain,Ammonium,2009,0.05
Spain,Ammonium,2005,0.04
Spain,Nitrite,2006,0.02
Spain,Nitrite,2006,0.27
Spain,Nitrite,2012,0.005
Spain,Dissolved oxygen,2010,4.1
Spain,Nitrite,2012,0.06
Spain,Nitrate,2007,14.1
Spain,Nitrate,2010,1.9
Belgium,Nitrate,2013,22.8
Belgium,Nitrate,2013,40.0
Belgium,Nitrate,2014,11.9
Belgium,Nitrate,2014,27.9
Belgium,Nitrate,2013,18.5
Spain,Nitrate,2006,66.625
Spain,Nitrate,2006,40.35
Spain,Nitrate,2009,42.621
Spain,Nitrate,2008,9.656
Spain,Nitrate,2008,6.45
Spain,Nitrate,2007,30.4
Spain,Nitrate,2011,0.25
Spain,Nitrate,2007,18.0
Spain,Nitrate,2009,5.425
Spain,Nitrate,2012,27.5
Spain,Nitrate,2009,43.125
Spain,Nitrate,2008,9.3
Spain,Nitrate,2007,0.5
Belgium,Nitrate,2006,39.9939
Spain,Nitrate,2009,17.5
Spain,Nitrate,2010,2.8111
Spain,Nitrate,2009,15.0
Belgium,Phosphate,2021,0.616
Belgium,Phosphate,2021,0.235
Spain,Nitrate,2006,10.4
Spain,Nitrate,2008,27.2
Spain,Nitrite,2012,0.005
Spain,Nitrite,2010,0.01
Belgium,Nitrite,2020,0.03
Belgium,Nitrite,2020,0.03
Spain,Nitrite,2004,0.1
Spain,Nitrate,2007,2.4
Spain,Nitrate,2010,11.0
Spain,Nitrate,2012,7.45
Spain,Nitrate,2012,47.0
Romania,Nitrate,2016,17.3816
Romania,Nitrate,2007,49.223
Spain,Ammonium,2006,0.122
Spain,Ammonium,2003,0.032
Spain,Ammonium,2007,0.013
Spain,Ammonium,2010,0.025
Spain,Ammonium,2010,0.01
Spain,Dissolved oxygen,2010,3.8
Belgium,Nitrite,2000,0.0054
Spain,Nitrite,2008,0.005
Spain,Nitrite,2011,0.023
Spain,Nitrite,2008,0.005
Belgium,Nitrite,2020,0.03
Belgium,Nitrite,2020,0.03
Belgium,Nitrite,2020,0.039
Belgium,Nitrite,2020,0.142
Spain,Ammonium,2010,0.05
Spain,Ammonium,2008,0.308
Spain,Ammonium,2006,0.025
Estonia,Ammonium,2014,2.01
Spain,Ammonium,2008,0.161
Spain,Dissolved oxygen,2010,6.1
Spain,Nitrite,2006,0.005
Spain,Nitrite,2006,0.02
Spain,Nitrite,2008,0.042
Belgium,Ammonium,2008,0.026
Spain,Ammonium,2010,0.0965
Spain,Ammonium,2006,0.032
Spain,Ammonium,2008,0.077
Spain,Ammonium,2010,0.023
Spain,Nitrite,2007,0.01
Spain,Dissolved oxygen,2009,7.55
Spain,Dissolved oxygen,2007,9.3
Spain,Nitrite,2009,0.01
Spain,Nitrite,2006,0.005
Spain,Nitrite,2007,0.005
Spain,Nitrite,2010,0.01
Spain,Dissolved oxygen,2010,8.7
Spain,Nitrite,2010,0.0213
Romania,Nitrate,2009,32.465
Spain,Nitrate,2010,33.9397
Belgium,Phosphate,2021,7.166
Belgium,Phosphate,2021,0.65
Malta,Nitrate,2021,40.0
Spain,Nitrate,2005,146.0
Spain,Nitrite,2011,0.01
Spain,Nitrite,2009,0.005
Spain,Nitrite,2008,0.005
Spain,Nitrite,2009,0.006
Spain,Nitrate,2008,159.0
Spain,Nitrate,2011,9.0
Romania,Nitrate,2006,8.355
Romania,Nitrate,2007,6.064
Romania,Nitrate,2016,0.927375
Spain,Nitrate,2012,12.1
Spain,Nitrate,2008,32.4
Spain,Nitrate,2010,60.0
Spain,Nitrate,2007,35.7
Spain,Nitrate,2003,2.6
Spain,Nitrate,2009,48.042
Spain,Nitrate,2004,2.05
Romania,Nitrate,2008,10.755
Romania,Nitrate,2011,38.727
Romania,Nitrate,2016,8.4406
Spain,Ammonium,2009,0.01
Spain,Ammonium,2006,0.033
Spain,Ammonium,2010,0.01
Spain,Ammonium,2007,0.013
Belgium,Ammonium,2014,0.13
Romania,Nitrite,2016,0.04535
Romania,Dissolved oxygen,2016,4.8743
Romania,Nitrite,2016,0.05894
Romania,Dissolved oxygen,2016,5.0525
Romania,Nitrite,2016,0.04575
Romania,Nitrite,2006,0.031
Romania,Nitrite,2010,0.0221
Spain,Nitrite,2011,0.025
Spain,Dissolved oxygen,2012,6.9
Spain,Nitrite,2009,0.011
Spain,Nitrite,2010,0.018
Spain,Nitrite,2006,0.005
Belgium,Nitrate,2014,34.1
Belgium,Nitrate,2013,16.0
Belgium,Nitrate,2014,14.8
Belgium,Nitrate,2013,13.0
Belgium,Nitrate,2014,19.5
Romania,Nitrate,2010,4.898
Spain,Nitrate,2010,57.5
Spain,Nitrite,2009,0.005
Romania,Dissolved oxygen,2009,4.903
Romania,Dissolved oxygen,2016,3.1913
Romania,Nitrite,2016,0.269
Romania,Dissolved oxygen,2016,3.5204
Spain,Dissolved oxygen,2009,6.429
Spain,Ammonium,2004,0.028
Spain,Ammonium,2012,0.025
Spain,Ammonium,2006,0.023
Spain,Ammonium,2008,0.103
Spain,Ammonium,2008,0.142
Spain,Nitrite,2012,0.5
Spain,Nitrite,2008,0.01
Spain,Nitrite,2011,0.025
Spain,Dissolved oxygen,2011,8.0
Romania,Dissolved oxygen,2009,5.152
Spain,Nitrate,2011,66.6722
Spain,Nitrate,2007,8.41
Spain,Nitrate,2009,8.95
Spain,Nitrate,2006,2.833
Spain,Ammonium,2007,0.116
Belgium,Ammonium,2000,0.013
Belgium,Ammonium,2007,0.0182
Spain,Ammonium,2008,0.023
Spain,Nitrate,2006,4.646
Spain,Nitrate,2010,12.8
Spain,Nitrate,2003,16.9
Spain,Nitrate,2007,8.6
Romania,Dissolved oxygen,2007,6.648
Romania,Dissolved oxygen,2010,3.809
Belgium,Dissolved oxygen,2013,2.89
Romania,Nitrite,2016,0.02779
Romania,Dissolved oxygen,2016,7.675
Romania,Nitrite,2016,0.0711
Romania,Dissolved oxygen,2021,3.847
Spain,Ammonium,2009,0.025
Spain,Ammonium,2012,0.025
Spain,Ammonium,2012,1.2625
Spain,Ammonium,2009,0.03
Spain,Ammonium,2012,0.023
Spain,Nitrite,2011,0.023
Spain,Dissolved oxygen,2010,4.49
Spain,Nitrite,2003,0.02
Spain,Dissolved oxygen,2012,7.05
Spain,Nitrite,2007,0.005
Romania,Dissolved oxygen,2008,5.62
Romania,Nitrite,2010,0.005
Belgium,Dissolved oxygen,2013,1.64
Belgium,Dissolved oxygen,2013,5.08
Romania,Nitrite,2016,0.01968
Romania,Dissolved oxygen,2016,4.46
Spain,Ammonium,2008,0.03
Spain,Ammonium,2008,0.036
Spain,Ammonium,2007,0.013
Spain,Ammonium,2006,0.032
Spain,Nitrite,2006,0.005
Spain,Nitrite,2009,0.005
Spain,Nitrite,2012,0.03
Spain,Dissolved oxygen,2012,5.95
Spain,Nitrite,2008,0.005
Spain,Ammonium,2012,0.16
Spain,Ammonium,2007,0.077
Spain,Ammonium,2004,0.042
Spain,Ammonium,2006,0.077
Romania,Ammonium,2016,0.311
Spain,Ammonium,2008,0.023
Spain,Ammonium,2006,0.032
Spain,Ammonium,2007,0.013
Spain,Ammonium,2012,25.0
Romania,Ammonium,2009,0.145
Belgium,Nitrate,2014,40.0
Spain,Nitrate,2007,3.1
Spain,Nitrate,2010,1.5
Belgium,Nitrate,2013,21.3
Spain,Nitrate,2012,39.84064
Belgium,Phosphate,2021,0.954
Belgium,Phosphate,2021,4.33
Malta,Nitrate,2021,154.0
Belgium,Phosphate,2021,0.391
Belgium,Phosphate,2021,0.619
Malta,Nitrate,2021,231.0
Malta,Nitrate,2021,49.0
Belgium,Phosphate,2021,0.257
Belgium,Phosphate,2021,0.212
Spain,Nitrate,2011,59.625
Spain,Nitrate,2007,6.6
Spain,Nitrate,2006,69.5
Spain,Nitrate,2009,1.7
Belgium,Nitrate,2014,29.4
Belgium,Phosphate,2021,0.28
Belgium,Phosphate,2021,1.221
Belgium,Phosphate,2021,0.59
Belgium,Nitrate,2018,10.7198
Spain,Nitrite,2009,0.005
Spain,Dissolved oxygen,2004,11.4
Spain,Nitrite,2010,0.005
Belgium,Dissolved oxygen,2014,1.89
Belgium,Nitrite,2009,0.0102
Belgium,Dissolved oxygen,2013,1.22
Belgium,Dissolved oxygen,2013,1.38
Spain,Nitrite,2007,0.049
Spain,Nitrite,2009,0.025
Belgium,Dissolved oxygen,2021,2.082
Belgium,Dissolved oxygen,2021,1.817
Belgium,Nitrate,2018,12.3290697674419
Romania,Nitrate,2016,34.081
Romania,Nitrate,2016,2.28683
Spain,Nitrate,2007,55.125
Spain,Nitrate,2007,1.252
Spain,Nitrate,2007,14.668
Romania,Dissolved oxygen,2011,5.98
Romania,Dissolved oxygen,2016,5.3097
Romania,Nitrite,2016,0.02254
Belgium,Nitrite,2012,0.0162
Belgium,Nitrite,2009,0.0065
Spain,Nitrite,2005,0.005
Spain,Dissolved oxygen,2006,9.0
Spain,Nitrite,2010,0.025
Spain,Dissolved oxygen,2008,5.5
Belgium,Dissolved oxygen,2021,3.679
Belgium,Dissolved oxygen,2021,0.331
Spain,Ammonium,2006,0.023
Romania,Ammonium,2010,0.783
Romania,Ammonium,2011,0.24
Romania,Ammonium,2007,0.015
Romania,Ammonium,2016,0.1686
Romania,Ammonium,2016,1.52977
Spain,Ammonium,2012,1.2625
Spain,Ammonium,2006,0.348
Spain,Ammonium,2008,0.029
Romania,Ammonium,2006,0.083
Romania,Ammonium,2008,0.071
Spain,Ammonium,2011,0.01
Spain,Ammonium,2010,0.05
Spain,Ammonium,2012,0.11
Spain,Ammonium,2008,0.013
Spain,Ammonium,2006,0.2
Romania,Ammonium,2007,0.078
Belgium,Ammonium,2013,0.32
Romania,Ammonium,2016,2.20714285714286
Spain,Ammonium,2007,0.04
Spain,Ammonium,2008,0.026
Spain,Ammonium,2009,0.006
Spain,Ammonium,2010,0.025
Spain,Ammonium,2011,0.005
Spain,Ammonium,2012,0.023
Romania,Ammonium,2016,0.3893
Romania,Ammonium,2016,0.031
Romania,Ammonium,2021,1.253
Spain,Ammonium,2003,0.173
Belgium,Dissolved oxygen,2021,5.191
Belgium,Dissolved oxygen,2021,1.276
Romania,Nitrite,2016,0.0405
Romania,Dissolved oxygen,2016,5.788
Spain,Dissolved oxygen,2012,8.4
Spain,Dissolved oxygen,2008,6.767
Spain,Dissolved oxygen,2009,10.9
Belgium,Dissolved oxygen,2021,1.419
Belgium,Dissolved oxygen,2021,1.318
Belgium,Dissolved oxygen,2021,0.526
Belgium,Dissolved oxygen,2021,0.418
Spain,Dissolved oxygen,2011,5.6
Spain,Nitrite,2007,0.026
Spain,Ammonium,2006,0.343
Belgium,Ammonium,2014,5.01
Belgium,Ammonium,2014,1.26
Belgium,Ammonium,2011,0.03
Spain,Ammonium,2009,0.064
Romania,Nitrite,2016,0.01
Romania,Dissolved oxygen,2016,4.627
Romania,Nitrite,2021,0.04
Spain,Nitrite,2004,0.017
Spain,Dissolved oxygen,2008,7.14
Spain,Nitrite,2005,0.005
Spain,Ammonium,2009,0.142
Romania,Ammonium,2016,0.12495
Spain,Ammonium,2007,0.328
Spain,Ammonium,2007,0.023
Spain,Ammonium,2011,0.01
Spain,Ammonium,2006,0.155
Spain,Nitrate,2008,3.925
Malta,Nitrate,2021,306.0
Romania,Nitrate,2016,9.174
Spain,Nitrate,2006,7.3
Spain,Nitrate,2008,7.6
Spain,Ammonium,2008,0.097
Spain,Ammonium,2012,0.023
Romania,Ammonium,2016,0.2059
Spain,Ammonium,2007,0.013
Spain,Ammonium,2011,0.005
Spain,Ammonium,2007,0.033
Spain,Ammonium,2007,0.013
Spain,Ammonium,2010,0.025
Spain,Ammonium,2008,0.338
Belgium,Phosphate,2021,0.805
Spain,Nitrate,2011,9.0
Romania,Nitrate,2016,38.3955
Malta,Nitrate,2021,153.0
Spain,Nitrate,2011,8.0
Spain,Nitrate,2010,0.1389
Spain,Nitrite,2010,0.025
Spain,Nitrite,2011,0.018
Spain,Nitrite,2008,0.005
Spain,Dissolved oxygen,2010,7.2667
Spain,Nitrite,2011,0.023
Spain,Nitrite,2007,0.043
Spain,Nitrite,2011,0.01
Spain,Nitrite,2010,0.01
Spain,Ammonium,2009,0.05
Spain,Ammonium,2006,0.023
Romania,Ammonium,2016,0.466
Spain,Ammonium,2004,0.199
Spain,Ammonium,2009,0.018
Romania,Dissolved oxygen,2016,3.8995
Romania,Nitrite,2016,0.03
Romania,Dissolved oxygen,2016,4.84285714285714
Spain,Dissolved oxygen,2009,6.68
Romania,Dissolved oxygen,2006,7.072
Spain,Nitrite,2010,0.005
Spain,Ammonium,2010,0.065
Spain,Ammonium,2004,0.321
Spain,Ammonium,2006,0.032
Spain,Ammonium,2006,0.023
Romania,Ammonium,2016,0.1391
Spain,Ammonium,2007,0.129
Spain,Ammonium,2010,0.023
Spain,Ammonium,2008,0.013
Spain,Ammonium,2008,0.064
Spain,Ammonium,2010,0.026
Romania,Ammonium,2013,0.277
Spain,Ammonium,2005,0.041
Spain,Ammonium,2012,0.023
Spain,Ammonium,2006,0.089
Belgium,Dissolved oxygen,2021,1.734
Spain,Nitrite,2012,2.34144
Spain,Nitrite,2005,0.04
Spain,Nitrite,2009,0.005
Spain,Nitrite,2007,0.016
Spain,Dissolved oxygen,2006,44.8
Spain,Ammonium,2008,0.155
Spain,Ammonium,2004,0.022
Spain,Ammonium,2012,0.1
Spain,Ammonium,2003,0.106
Spain,Ammonium,2005,0.06
Spain,Nitrate,2006,120.812
Romania,Nitrate,2016,21.4467
Malta,Nitrate,2021,117.0
Spain,Nitrate,2010,7.25
Spain,Nitrate,2007,46.0
Belgium,Dissolved oxygen,2021,1.677
Spain,Nitrite,2009,0.005
Spain,Nitrite,2008,0.005
Spain,Dissolved oxygen,2010,5.25
Spain,Dissolved oxygen,2010,7.5375
Spain,Ammonium,2006,0.052
Spain,Ammonium,2003,0.028
Spain,Ammonium,2005,0.01
Spain,Ammonium,2011,0.042
Spain,Dissolved oxygen,2009,6.825
Spain,Nitrite,2006,0.005
Spain,Nitrite,2009,0.007
Spain,Dissolved oxygen,2004,9.81
Spain,Nitrite,2006,0.01
Spain,Nitrate,2006,2.167
Spain,Nitrate,2011,53.5
Spain,Nitrate,2011,35.5
Spain,Nitrate,2009,7.085
Spain,Nitrate,2011,9.8
Spain,Dissolved oxygen,2006,9.725
Romania,Dissolved oxygen,2008,5.523
Romania,Nitrite,2006,0.007
Romania,Nitrite,2011,0.005
Belgium,Dissolved oxygen,2013,3.69
Spain,Ammonium,2003,0.018
Spain,Ammonium,2012,0.1
Spain,Ammonium,2006,0.103
Spain,Ammonium,2011,0.06
Spain,Ammonium,2007,0.013
Spain,Dissolved oxygen,2008,1.68
Spain,Dissolved oxygen,2012,6.0
Romania,Dissolved oxygen,2010,6.365
Romania,Dissolved oxygen,2011,5.8
Spain,Nitrite,2008,0.073
Spain,Ammonium,2008,0.032
Spain,Ammonium,2010,0.023
Spain,Ammonium,2007,0.023
Spain,Ammonium,2009,0.05
Spain,Ammonium,2009,0.052
Spain,Nitrite,2009,0.047
Spain,Nitrite,2012,0.035
Romania,Dissolved oxygen,2006,7.232
Romania,Dissolved oxygen,2007,7.498
Belgium,Dissolved oxygen,2013,2.09
Spain,Ammonium,2007,0.049
Spain,Ammonium,2009,0.102
Spain,Ammonium,2008,0.1333
Spain,Ammonium,2007,0.111
Spain,Ammonium,2008,0.013
Spain,Ammonium,2009,0.006
Romania,Ammonium,2006,0.074
Romania,Ammonium,2016,0.7499
Romania,Ammonium,2016,0.1672
Spain,Ammonium,2011,0.0061
Belgium,Dissolved oxygen,2013,1.69
Romania,Nitrite,2016,0.03
Spain,Nitrite,2009,0.01
Spain,Nitrite,2007,0.005
Spain,Nitrite,2009,0.005
Spain,Nitrate,2008,40.25
Belgium,Nitrate,2018,18.8245
Romania,Nitrate,2016,1.7125
Romania,Nitrate,2016,2.03488
Spain,Nitrate,2007,23.367
Spain,Nitrate,2009,53.625
Belgium,Phosphate,2021,0.178
Belgium,Phosphate,2021,2.499
Belgium,Nitrate,2014,55.1
Belgium,Nitrate,2014,12.8
Belgium,Nitrate,2013,14.5
Belgium,Nitrate,2013,9.2
Belgium,Phosphate,2021,0.319
Spain,Nitrite,2006,0.005
Spain,Nitrite,2008,0.005
Spain,Dissolved oxygen,2008,8.1
Spain,Nitrite,2007,0.005
Romania,Nitrite,2007,0.027
Romania,Nitrite,2011,0.109
Spain,Dissolved oxygen,2010,7.5
Spain,Dissolved oxygen,2012,5.5
Spain,Nitrite,2006,0.005
Belgium,Phosphate,2021,0.63
Spain,Nitrate,2007,109.212
Spain,Nitrate,2009,1.383
Spain,Nitrate,2012,2.52
Spain,Nitrate,2009,84.5
Spain,Nitrate,2010,69.0
Spain,Nitrate,2004,5.32
Spain,Nitrate,2007,18.3
Spain,Nitrate,2009,2.2
Spain,Ammonium,2012,0.023
Spain,Ammonium,2006,0.219
Spain,Ammonium,2008,0.212
Spain,Ammonium,2007,0.09
Spain,Ammonium,2007,0.072
Spain,Nitrate,2012,2.0
Spain,Nitrate,2007,7.2
Spain,Nitrate,2006,35.45
Romania,Nitrate,2009,9.301
Romania,Nitrate,2011,12.044
Malta,Nitrate,2021,52.0
Spain,Nitrite,2008,0.005
Spain,Dissolved oxygen,2012,9.9
Spain,Nitrite,2003,0.012
Spain,Nitrite,2003,0.005
Romania,Dissolved oxygen,2016,5.4191
Spain,Ammonium,2007,0.132
Spain,Ammonium,2006,0.09
Romania,Ammonium,2016,0.236166666666667
Spain,Ammonium,2006,0.155
Spain,Ammonium,2012,0.12875
Spain,Ammonium,2009,0.065
Spain,Ammonium,2012,2.5
Spain,Ammonium,2007,0.013
Romania,Ammonium,2016,5.25109
Romania,Ammonium,2016,0.8497
Spain,Ammonium,2003,0.018
Spain,Ammonium,2005,0.023
Spain,Ammonium,2004,0.064
Spain,Ammonium,2006,0.04
Spain,Ammonium,2008,0.026
Spain,Ammonium,2008,0.193
Romania,Nitrite,2016,0.01388
Spain,Nitrite,2007,0.11
Spain,Dissolved oxygen,2012,4.375
Spain,Dissolved oxygen,2009,3.32
Spain,Nitrite,2008,0.005
Spain,Ammonium,2009,0.1
Spain,Ammonium,2010,0.065
Spain,Ammonium,2010,0.0831
Belgium,Ammonium,2012,0.0435
Spain,Ammonium,2006,0.043
Belgium,Nitrite,2011,0.01
Spain,Dissolved oxygen,2005,29.2
Spain,Nitrite,2007,0.005
Spain,Dissolved oxygen,2005,60.8
Romania,Ammonium,2016,0.023
Spain,Ammonium,2012,0.1
Belgium,Ammonium,2006,0.0211
Belgium,Ammonium,2007,0.012
Spain,Ammonium,2009,0.028
Spain,Nitrite,2011,0.0619
Spain,Dissolved oxygen,2011,1.8
Spain,Dissolved oxygen,2011,4.49
Spain,Nitrite,2005,0.005
Spain,Ammonium,2007,0.013
Spain,Ammonium,2009,11.3
Spain,Ammonium,2007,0.023
Spain,Ammonium,2011,0.0005
Spain,Ammonium,2010,0.05
Spain,Dissolved oxygen,2009,12.4
Spain,Nitrite,2006,0.005
Spain,Nitrite,2011,0.023
Romania,Dissolved oxygen,2016,6.39
Spain,Dissolved oxygen,2008,6.5
Spain,Ammonium,2012,0.1
Spain,Ammonium,2004,0.065
Spain,Ammonium,2005,0.023
Spain,Ammonium,2008,0.037
Spain,Ammonium,2007,0.26
Belgium,Nitrite,2006,0.0061
Spain,Nitrite,2010,0.005
Spain,Nitrite,2004,0.045
Spain,Nitrite,2010,0.0273
Romania,Dissolved oxygen,2016,5.09
Spain,Ammonium,2010,0.065
Spain,Ammonium,2008,0.203
Spain,Ammonium,2010,0.07
Spain,Ammonium,2010,0.025
Spain,Ammonium,2007,0.18
Romania,Nitrite,2016,0.0131666666666667
Belgium,Dissolved oxygen,2021,0.781
Belgium,Dissolved oxygen,2021,3.433
Spain,Nitrite,2010,0.0165
Spain,Dissolved oxygen,2008,1.1
Spain,Dissolved oxygen,2011,4.6
Spain,Nitrite,2006,0.022
Spain,Nitrite,2008,0.293
Spain,Nitrite,2007,0.04
Spain,Nitrite,2003,0.005
Spain,Nitrite,2011,0.0425
Spain,Nitrite,2007,0.03
Spain,Nitrite,2008,0.01
Spain,Nitrite,2012,0.06569
Spain,Dissolved oxygen,2006,9.55
Malta,Nitrate,2021,95.0
Spain,Nitrate,2003,18.554
Belgium,Phosphate,2021,0.906
Belgium,Phosphate,2021,0.578
Spain,Nitrate,2009,67.4
Spain,Nitrite,2006,0.005
Spain,Nitrite,2007,0.005
Spain,Nitrite,2011,0.023
Spain,Dissolved oxygen,2011,4.6
Spain,Nitrite,2010,0.01
Spain,Nitrate,2010,71.4286
Spain,Nitrate,2007,39.95
Belgium,Nitrate,2013,32.5
Belgium,Nitrate,2014,16.6
Belgium,Nitrate,2013,18.0
Belgium,Nitrate,2014,30.3
Belgium,Nitrate,2013,38.7
Romania,Nitrate,2016,10.96
Romania,Nitrate,2016,6.0145
Spain,Nitrate,2009,7.162
Spain,Nitrate,2007,12.6
Spain,Nitrate,2009,2.5
Spain,Nitrate,2009,35.1
Spain,Nitrate,2011,7.0
Spain,Nitrate,2010,1.0
Spain,Nitrate,2010,71.0
Spain,Nitrate,2008,6.467
Spain,Nitrate,2008,90.475
Spain,Nitrate,2006,18.5
Belgium,Nitrate,2014,43.7
Belgium,Nitrate,2013,11.2
Belgium,Nitrate,2013,10.5
Romania,Nitrate,2013,3.953
Spain,Nitrate,2008,5.0
Spain,Nitrate,2010,26.2
Spain,Nitrate,2008,2.5
Spain,Nitrate,2010,0.1389
Belgium,Phosphate,2021,0.645
Spain,Nitrite,2006,0.005
Spain,Dissolved oxygen,2006,8.767
Spain,Nitrite,2010,0.0011
Romania,Dissolved oxygen,2016,6.548
Romania,Nitrite,2016,0.0066
Spain,Ammonium,2008,0.07
Spain,Ammonium,2009,0.01
Spain,Ammonium,2007,0.023
Spain,Ammonium,2012,0.02846
Spain,Ammonium,2010,0.023
Spain,Ammonium,2009,0.013
Spain,Ammonium,2009,0.1
Spain,Ammonium,2008,0.048
Spain,Ammonium,2011,0.02
Spain,Ammonium,2009,0.037
Spain,Nitrate,2007,9.2
Spain,Nitrate,2008,0.25
Spain,Nitrate,2009,19.76
Romania,Nitrate,2016,14.3088
Spain,Nitrate,2008,0.9
Spain,Nitrite,2010,0.03
Spain,Nitrite,2011,0.063
Spain,Nitrite,2012,0.03
Romania,Nitrite,2016,0.037
Romania,Dissolved oxygen,2016,5.88166666666667
Spain,Nitrite,2012,0.055
Spain,Ammonium,2010,0.0358
Spain,Ammonium,2004,1.81
Spain,Ammonium,2011,0.02
Spain,Ammonium,2007,0.129
Spain,Ammonium,2006,0.032
Romania,Ammonium,2016,0.0780625
Romania,Ammonium,2016,0.5225
Spain,Ammonium,2007,0.245
Belgium,Ammonium,2002,0.011
Spain,Ammonium,2010,0.0453
Spain,Nitrite,2003,0.008
Spain,Nitrite,2012,0.0051
Spain,Dissolved oxygen,2011,7.6875
Spain,Dissolved oxygen,2005,37.9
Belgium,Phosphate,2021,0.147
Belgium,Phosphate,2021,0.068
Romania,Nitrate,2016,23.1863
Malta,Nitrate,2021,127.0
Spain,Nitrate,2004,18.617
Spain,Nitrate,2008,23.915
Belgium,Ammonium,2020,0.426
Belgium,Ammonium,2020,0.396
Spain,Ammonium,2007,0.09
Spain,Ammonium,2012,0.025
Belgium,Ammonium,2020,0.161
Spain,Ammonium,2009,0.258
Spain,Dissolved oxygen,2005,7.5
Belgium,Nitrite,2012,0.0171
Belgium,Nitrite,2011,0.01
Belgium,Nitrite,2010,0.005
Belgium,Nitrite,2001,0.005
Spain,Nitrite,2008,0.005
Spain,Dissolved oxygen,2007,7.5
Spain,Dissolved oxygen,2009,6.5
Spain,Nitrite,2009,0.005
Belgium,Dissolved oxygen,2013,2.24
Belgium,Ammonium,2013,0.4
Belgium,Ammonium,2013,2.16
Spain,Ammonium,2010,0.16
Spain,Ammonium,2007,0.013
Spain,Ammonium,2007,0.251
Spain,Ammonium,2010,0.025
Spain,Ammonium,2004,0.043
Spain,Ammonium,2007,0.22
Belgium,Ammonium,2018,0.322
Spain,Ammonium,2010,0.023
Spain,Ammonium,2006,0.023
Spain,Ammonium,2007,0.053
Spain,Ammonium,2004,0.065
Spain,Ammonium,2005,0.052
Spain,Ammonium,2006,0.032
Spain,Nitrate,2012,13.56684
Spain,Nitrate,2006,37.25
Belgium,Phosphate,2021,0.152
Malta,Nitrate,2021,69.0
Romania,Nitrate,2021,3.839
Spain,Nitrate,2006,23.183
Spain,Dissolved oxygen,2012,4.875
Spain,Nitrite,2010,0.0176
Spain,Nitrite,2011,0.1
Spain,Nitrite,2012,0.03
Spain,Dissolved oxygen,2009,3.7
Spain,Ammonium,2007,0.219
Spain,Ammonium,2011,0.012
Spain,Ammonium,2010,0.023
Belgium,Ammonium,2020,0.934
Belgium,Ammonium,2020,0.065
Belgium,Dissolved oxygen,2013,2.06
Spain,Nitrite,2010,0.02
Spain,Nitrite,2012,10.0
Spain,Nitrite,2008,0.021
Spain,Dissolved oxygen,2007,7.4
Spain,Dissolved oxygen,2012,8.175
Belgium,Ammonium,2020,0.842
Belgium,Ammonium,2020,0.333
Spain,Ammonium,2012,0.023
Spain,Ammonium,2011,0.0005
Belgium,Ammonium,2013,5.27
Spain,Ammonium,2012,0.0425
Belgium,Nitrite,2008,0.01
Spain,Dissolved oxygen,2008,6.8333
Spain,Dissolved oxygen,2010,7.2
Spain,Nitrite,2007,0.017
Spain,Nitrite,2005,0.154
Spain,Nitrate,2007,20.868
Belgium,Phosphate,2021,0.332
Belgium,Phosphate,2021,0.709
Belgium,Phosphate,2021,0.426
Spain,Nitrate,2008,9.1
Spain,Nitrate,2007,26.2
Spain,Nitrate,2008,58.4
Spain,Nitrate,2007,2.467
Spain,Nitrate,2009,2.5
Spain,Nitrate,2006,44.0
Spain,Nitrate,2007,47.0
Spain,Nitrate,2006,106.0
Spain,Nitrate,2007,151.0
Spain,Nitrate,2009,100.0
Romania,Nitrate,2016,30.107
Belgium,Nitrate,2012,38.59
Belgium,Nitrate,2000,33.816
Spain,Nitrate,2008,37.2
Spain,Nitrate,2008,29.0
Spain,Nitrate,2003,81.988
Spain,Nitrite,2006,0.08
Spain,Nitrite,2008,0.005
Spain,Dissolved oxygen,2006,7.2
Spain,Dissolved oxygen,2010,7.5
Spain,Nitrite,2006,0.005
Spain,Ammonium,2012,0.023
Spain,Ammonium,2009,0.01
Spain,Ammonium,2010,0.023
Spain,Ammonium,2008,0.29
Spain,Ammonium,2011,0.0084
Spain,Dissolved oxygen,2006,5.367
Spain,Nitrite,2006,0.005
Spain,Nitrite,2007,0.03
Spain,Nitrite,2007,0.055
Spain,Ammonium,2007,0.245
Belgium,Ammonium,2020,0.154
Belgium,Ammonium,2020,0.279
Belgium,Ammonium,2020,0.667
Belgium,Ammonium,2020,0.445
Spain,Ammonium,2003,0.038
Spain,Nitrate,2008,63.2
Spain,Nitrate,2009,37.0
Belgium,Phosphate,2021,0.211
Belgium,Phosphate,2021,0.41
Spain,Nitrate,2004,112.0
Belgium,Ammonium,2013,0.69
Belgium,Ammonium,2013,0.55
Spain,Ammonium,2012,0.025
Spain,Ammonium,2009,0.065
Spain,Ammonium,2005,0.023
Belgium,Ammonium,2013,0.13
Belgium,Ammonium,2013,0.17
Belgium,Ammonium,2013,0.16
Belgium,Ammonium,2020,2.3
Belgium,Ammonium,2020,11.861
Spain,Ammonium,2012,0.023
Spain,Ammonium,2009,0.077
Spain,Nitrite,2008,0.005
Spain,Dissolved oxygen,2005,8.4
Spain,Nitrite,2010,0.005
Spain,Nitrite,2012,0.11167
Spain,Nitrite,2007,0.026
Spain,Nitrate,2009,43.25
Spain,Nitrate,2012,230.65
Spain,Nitrate,2008,79.0
Spain,Nitrate,2009,78.0
Spain,Nitrate,2012,57.0
Spain,Ammonium,2012,1.295
Spain,Ammonium,2003,0.075
Spain,Ammonium,2006,0.04
Spain,Ammonium,2010,0.023
Spain,Ammonium,2008,2.68
Spain,Ammonium,2006,0.023
Belgium,Ammonium,2013,0.55
Spain,Ammonium,2010,0.023
Belgium,Ammonium,2013,11.42
Spain,Ammonium,2003,0.035
Spain,Nitrite,2006,0.005
Spain,Nitrite,2008,0.005
Spain,Nitrite,2007,0.015
Spain,Dissolved oxygen,2012,7.3
Spain,Nitrite,2008,0.014
Spain,Nitrite,2010,0.025
Spain,Dissolved oxygen,2007,7.7
Spain,Dissolved oxygen,2007,7.422
Spain,Nitrite,2008,0.005
Spain,Nitrate,2008,9.4
Spain,Nitrate,2010,7.34
Spain,Nitrate,2011,35.3333
Malta,Nitrate,2021,5.0
Malta,Nitrate,2021,26.0
Spain,Nitrate,2009,8.9
Belgium,Phosphate,2021,0.589
Belgium,Phosphate,2021,0.396
Spain,Nitrate,2007,27.45
Spain,Nitrate,2008,35.225
Spain,Ammonium,2006,0.161
Spain,Ammonium,2009,0.026
Spain,Ammonium,2010,0.4685
Spain,Ammonium,2006,0.042
Spain,Dissolved oxygen,2009,3.75
Spain,Dissolved oxygen,2011,8.9
Spain,Dissolved oxygen,2012,8.6
Spain,Nitrite,2010,0.005
Spain,Dissolved oxygen,2011,9.5
Spain,Nitrate,2009,30.917
Spain,Nitrate,2003,36.319
Belgium,Nitrate,2008,21.332
Spain,Nitrate,2012,25.0
Spain,Nitrate,2004,24.0
Spain,Nitrite,2007,0.06
Spain,Nitrite,2008,0.005
Spain,Nitrite,2005,0.032
Spain,Nitrite,2010,0.0071
Spain,Dissolved oxygen,2011,6.0
Spain,Dissolved oxygen,2008,7.8
Spain,Nitrite,2008,0.005
Spain,Nitrite,2006,0.055
Belgium,Dissolved oxygen,2013,2.14
Belgium,Dissolved oxygen,2013,2.75
Spain,Nitrate,2010,150.0
Spain,Nitrate,2012,263.0
Spain,Nitrate,2008,4.356
Spain,Nitrate,2006,49.9
Spain,Nitrate,2006,7.875
Spain,Nitrite,2003,0.02
Spain,Dissolved oxygen,2009,8.33
Spain,Nitrite,2008,0.005
Spain,Nitrite,2007,0.005
Belgium,Nitrate,2009,40.3501
Spain,Nitrate,2010,44.9
Spain,Nitrate,2008,116.0
Spain,Nitrate,2010,92.175
Spain,Nitrite,2006,0.005
Spain,Dissolved oxygen,2010,8.1
Belgium,Nitrite,2019,0.091
Spain,Dissolved oxygen,2010,7.3
Belgium,Nitrite,2019,0.093
Spain,Nitrite,2012,0.02
Spain,Dissolved oxygen,2012,12.8
Spain,Dissolved oxygen,2009,9.3
Spain,Dissolved oxygen,2011,7.9
Spain,Dissolved oxygen,2003,7.75
Spain,Nitrate,2010,43.25
Spain,Nitrate,2007,0.25
Spain,Nitrate,2010,12.0
Spain,Nitrate,2011,41.0
Spain,Nitrate,2011,218.0667
Belgium,Ammonium,2018,1.216
Spain,Ammonium,2003,0.029
Spain,Ammonium,2012,0.06
Spain,Ammonium,2012,0.023
Belgium,Ammonium,2018,0.181
Spain,Ammonium,2004,0.017
Spain,Nitrate,2005,8.467
Spain,Nitrate,2006,10.0
Spain,Nitrate,2011,28.5
Spain,Nitrate,2011,35.606
Spain,Nitrate,2007,0.85
Spain,Dissolved oxygen,2004,7.5
Spain,Nitrite,2007,0.008
Spain,Nitrite,2008,0.01
Spain,Dissolved oxygen,2008,1.9
Spain,Nitrate,2003,57.15
Spain,Nitrate,2005,37.0
Spain,Nitrate,2011,186.0
Spain,Nitrate,2004,45.65
Spain,Nitrate,2003,28.217
Spain,Nitrite,2010,0.06
Spain,Nitrite,2008,0.13
Spain,Nitrite,2012,0.255
Belgium,Nitrite,2009,0.0154
Belgium,Nitrite,2009,0.0067
Spain,Nitrate,2007,146.0
Spain,Nitrate,2009,35.8
Spain,Nitrate,2003,10.825
Spain,Nitrate,2008,74.1
Spain,Nitrate,2006,2.2
Spain,Ammonium,2010,0.0388
Spain,Ammonium,2009,0.084
Spain,Ammonium,2012,0.1
Spain,Ammonium,2011,0.01
Spain,Nitrite,2005,0.01
Spain,Dissolved oxygen,2010,3.6
Spain,Dissolved oxygen,2010,6.0667
Spain,Nitrite,2011,1.05
Spain,Nitrite,2006,0.03
Spain,Nitrate,2012,5.855
Spain,Nitrate,2008,10.75
Spain,Nitrate,2008,0.8
Spain,Nitrate,2006,11.0
Spain,Nitrate,2011,12.0
Spain,Ammonium,2010,6.5667
Spain,Ammonium,2009,0.026
Spain,Ammonium,2010,0.0056
Spain,Ammonium,2010,0.0075
Spain,Ammonium,2007,0.038
Spain,Dissolved oxygen,2007,7.887
Spain,Nitrite,2010,0.0268
Spain,Dissolved oxygen,2010,6.8
Spain,Nitrite,2003,0.02
Spain,Ammonium,2006,0.019
Spain,Ammonium,2009,0.02
Spain,Ammonium,2009,0.195
Spain,Ammonium,2008,0.077
Spain,Nitrate,2012,8.15
Spain,Nitrate,2006,107.0
Spain,Nitrate,2009,3.6
Spain,Nitrate,2012,52.19231
Spain,Nitrate,2011,0.25
Spain,Nitrite,2006,0.025
Spain,Dissolved oxygen,2010,7.0
Spain,Nitrite,2010,0.005
Spain,Nitrite,2007,0.005
Spain,Nitrite,2009,0.01
Spain,Ammonium,2006,0.064
Spain,Ammonium,2010,0.065
Spain,Ammonium,2012,25.0
Belgium,Ammonium,2020,0.216
Belgium,Ammonium,2020,0.693
Belgium,Ammonium,2020,1.213
Romania,Nitrate,2006,44.988
Romania,Nitrate,2008,38.634
Romania,Nitrate,2010,39.058
Spain,Nitrate,2010,26.0
Spain,Nitrate,2006,9.9
Spain,Nitrite,2009,0.005
Spain,Nitrite,2006,0.005
Spain,Nitrite,2007,0.02
Spain,Nitrite,2006,0.005
Belgium,Ammonium,2020,0.914
Spain,Ammonium,2009,0.023
Spain,Ammonium,2011,0.5025
Belgium,Ammonium,2013,0.64
Belgium,Ammonium,2013,0.58
Spain,Ammonium,2012,25.0
Spain,Nitrate,2007,56.8
Spain,Nitrate,2007,10.9
Spain,Nitrate,2006,9.5
Spain,Nitrate,2003,12.15
Spain,Nitrate,2009,1.4
Spain,Nitrite,2011,0.023
Spain,Dissolved oxygen,2009,7.223
Spain,Nitrite,2007,0.01
Spain,Nitrite,2003,0.01
Spain,Nitrate,2006,14.525
Spain,Nitrate,2006,42.1
Spain,Nitrate,2006,10.0
Spain,Nitrate,2008,11.0
Spain,Dissolved oxygen,2012,7.48846
Spain,Nitrite,2009,0.018
Spain,Nitrite,2006,0.005
Spain,Dissolved oxygen,2012,3.4
Spain,Nitrite,2010,0.005
Spain,Nitrate,2012,1.9
Spain,Nitrate,2004,36.925
Spain,Nitrate,2009,15.1
Spain,Nitrate,2003,55.05
Spain,Nitrate,2005,17.0
Spain,Dissolved oxygen,2012,8.1
Spain,Nitrite,2009,0.022
Spain,Nitrite,2009,0.025
Spain,Nitrite,2009,0.027
Spain,Nitrite,2010,0.01
Spain,Nitrate,2010,10.2256
Belgium,Nitrate,2010,43.36
Belgium,Nitrate,2001,19.479
Spain,Nitrate,2007,33.0
Spain,Nitrate,2010,22.6
Spain,Nitrite,2007,0.005
Spain,Nitrite,2010,0.0841
Spain,Dissolved oxygen,2006,5.9
Spain,Dissolved oxygen,2004,7.4
Spain,Nitrite,2008,0.005
Spain,Nitrite,2007,0.005
Spain,Dissolved oxygen,2009,7.5
Spain,Dissolved oxygen,2012,9.9
Spain,Dissolved oxygen,2011,7.3
Belgium,Nitrite,2008,0.005
Spain,Ammonium,2006,0.296
Spain,Ammonium,2008,0.222
Spain,Ammonium,2010,0.05
Spain,Ammonium,2006,0.023
Spain,Nitrate,2008,11.05
Spain,Nitrate,2007,117.0
Spain,Nitrate,2009,37.775
Spain,Nitrate,2010,59.1739
Spain,Nitrate,2008,45.891
Spain,Nitrate,2007,68.7
Spain,Nitrate,2007,4.215
Spain,Nitrate,2007,85.8
Spain,Nitrate,2007,3.2
Spain,Nitrate,2006,20.0
Spain,Nitrite,2010,0.0201
Spain,Nitrite,2010,0.01
Spain,Nitrite,2011,0.025
Spain,Nitrite,2006,0.025
Spain,Dissolved oxygen,2009,8.49
Spain,Dissolved oxygen,2010,7.4667
Belgium,Dissolved oxygen,2013,4.07
Belgium,Dissolved oxygen,2013,1.27
Spain,Dissolved oxygen,2007,7.75
Spain,Dissolved oxygen,2008,8.733
Spain,Nitrate,2008,3.25
Spain,Nitrate,2007,3.5
Spain,Nitrate,2006,3.0
Spain,Nitrate,2009,47.04
Spain,Nitrate,2012,5.586
Spain,Nitrate,2012,0.5
Spain,Nitrate,2011,4.9333
Spain,Nitrate,2011,111.5
Spain,Nitrate,2008,12.9
Spain,Ammonium,2010,0.1831
Spain,Ammonium,2006,0.103
Spain,Ammonium,2007,0.212
Spain,Ammonium,2009,0.055
Spain,Ammonium,2006,0.023
Spain,Ammonium,2008,0.023
Spain,Ammonium,2008,0.023
Belgium,Ammonium,2020,0.229
Belgium,Ammonium,2020,0.234
Spain,Ammonium,2003,0.082
Spain,Ammonium,2004,0.1
Spain,Ammonium,2007,0.032
Spain,Ammonium,2004,0.065
Spain,Ammonium,2003,0.032
Spain,Ammonium,2010,0.023
Spain,Ammonium,2006,0.023
Belgium,Ammonium,2020,1.745
Belgium,Ammonium,2020,0.547
Spain,Ammonium,2004,0.08
Spain,Ammonium,2006,0.14
Spain,Nitrate,2009,8.425
Spain,Nitrate,2011,8.826
Spain,Nitrate,2007,2.25
Spain,Nitrate,2005,29.3
Spain,Nitrate,2012,15.3
Spain,Nitrite,2009,0.005
Spain,Nitrite,2011,0.08
Spain,Nitrite,2009,0.04
Spain,Dissolved oxygen,2010,5.1
Spain,Nitrate,2004,1.0
Spain,Nitrate,2009,78.4
Spain,Nitrate,2006,20.7
Spain,Nitrate,2008,27.2
Spain,Nitrate,2012,56.0
Spain,Nitrite,2007,0.04
Spain,Nitrite,2008,0.035
Spain,Nitrite,2011,0.023
Spain,Nitrite,2010,0.02
Spain,Nitrate,2003,63.9
Spain,Nitrate,2011,9.0
Belgium,Phosphate,2021,0.253
Belgium,Phosphate,2021,0.553
Spain,Nitrate,2009,10.2
Belgium,Nitrate,2012,17.69
Spain,Nitrate,2010,5.0
Spain,Nitrate,2009,1.3
Spain,Nitrate,2011,0.5
Spain,Nitrate,2010,4.9333
Spain,Nitrite,2003,0.02
Spain,Nitrite,2009,0.005
Spain,Dissolved oxygen,2008,6.867
Spain,Dissolved oxygen,2009,7.477
Spain,Dissolved oxygen,2009,4.67
Spain,Dissolved oxygen,2011,4.8
Spain,Dissolved oxygen,2010,7.1625
Spain,Dissolved oxygen,2010,5.35
Spain,Nitrite,2008,0.031
Spain,Dissolved oxygen,2010,8.175
Spain,Nitrite,2011,0.0387
Spain,Dissolved oxygen,2011,5.1
Spain,Dissolved oxygen,2009,8.225
Romania,Dissolved oxygen,2017,6.57506944444444
Spain,Dissolved oxygen,2012,7.1
Spain,Dissolved oxygen,2006,7.1
Spain,Nitrite,2006,0.05
Spain,Nitrite,2007,0.005
Spain,Nitrite,2010,0.005
Spain,Dissolved oxygen,2010,4.95
Spain,Dissolved oxygen,2011,5.3
Spain,Nitrate,2010,41.3
Spain,Nitrate,2007,65.333
Spain,Nitrate,2008,41.067
Spain,Nitrate,2003,54.75
Spain,Nitrate,2004,62.2
Spain,Nitrate,2008,20.4
Belgium,Nitrate,2009,44.4802
Spain,Nitrate,2007,2.1
Spain,Nitrate,2009,10.2
Spain,Nitrate,2011,2.5
Belgium,Ammonium,2013,1.0
Belgium,Ammonium,2013,0.12
Belgium,Ammonium,2013,1.38
Spain,Ammonium,2009,0.05
Spain,Ammonium,2003,0.126
Spain,Ammonium,2008,0.04
Belgium,Ammonium,2020,0.065
Belgium,Ammonium,2020,0.855
Belgium,Ammonium,2020,15.037
Romania,Ammonium,2008,0.008
Bulgaria,Ammonium,2004,0.049
Spain,Ammonium,2008,0.161
Spain,Ammonium,2007,0.071
Spain,Ammonium,2009,0.048
Belgium,Ammonium,2018,0.292
Belgium,Ammonium,2018,0.376
Spain,Ammonium,2007,0.074
Spain,Ammonium,2010,0.023
Spain,Ammonium,2007,0.023
Belgium,Ammonium,2013,0.54
Belgium,Ammonium,2013,0.17
Spain,Nitrate,2004,7.9
Spain,Nitrate,2009,9.4
Spain,Nitrate,2012,5.0
Spain,Nitrate,2007,23.0
Bulgaria,Nitrate,2005,5.935
Spain,Nitrate,2005,59.0
Spain,Nitrate,2003,31.35
Spain,Nitrate,2006,59.075
Spain,Nitrate,2008,58.75
Spain,Nitrate,2011,8.0
Belgium,Nitrite,2019,0.042
Belgium,Nitrite,2019,0.047
Spain,Nitrite,2009,0.023
Spain,Dissolved oxygen,2005,7.7
Spain,Dissolved oxygen,2006,8.3
Spain,Ammonium,2006,0.023
Spain,Ammonium,2006,0.026
Belgium,Ammonium,2020,14.697
Spain,Ammonium,2006,0.023
Spain,Ammonium,2009,0.023
Spain,Nitrate,2008,1.875
Spain,Nitrate,2010,9.4
Spain,Nitrate,2012,2.25
Spain,Nitrate,2007,9.0
Spain,Nitrate,2008,7.75
Spain,Ammonium,2008,0.052
Spain,Ammonium,2007,0.025
Spain,Ammonium,2008,0.025
Spain,Ammonium,2007,0.116
Spain,Nitrate,2004,41.8
Spain,Nitrate,2006,36.0
Spain,Nitrate,2007,3.4
Spain,Nitrate,2012,3.0
Spain,Nitrate,2003,0.814
Spain,Nitrate,2011,2.5
Spain,Nitrate,2012,11.06684
Spain,Nitrate,2007,38.675
Spain,Nitrate,2006,35.0
Spain,Nitrate,2006,56.0
Belgium,Phosphate,2021,0.898
Spain,Nitrate,2011,8.0
Belgium,Nitrate,2009,48.6667
Spain,Nitrate,2007,10.8
Spain,Nitrate,2008,2.231
Spain,Ammonium,2010,0.025
Spain,Ammonium,2006,0.05
Spain,Ammonium,2006,0.023
Spain,Ammonium,2004,0.018
Spain,Ammonium,2010,0.023
Spain,Dissolved oxygen,2008,7.033
Spain,Nitrite,2011,0.1
Bulgaria,Nitrite,2001,0.001
Spain,Nitrite,2011,0.023
Romania,Nitrate,2019,4.897
Spain,Nitrate,2010,22.2333
Spain,Nitrate,2006,12.1
Spain,Nitrate,2006,59.1
Spain,Nitrate,2008,132.05
Spain,Ammonium,2008,0.071
Spain,Ammonium,2010,0.023
Spain,Ammonium,2003,0.032
Spain,Ammonium,2009,0.023
Spain,Ammonium,2006,0.311
Belgium,Ammonium,2018,0.226
Spain,Ammonium,2006,0.09
Spain,Ammonium,2008,0.013
Spain,Ammonium,2012,0.023
Spain,Nitrite,2009,0.005
Spain,Nitrite,2012,0.03
Spain,Nitrite,2004,0.23
Spain,Nitrite,2011,0.025
Spain,Nitrite,2006,0.005
Romania,Nitrate,2019,5.369
Romania,Nitrate,2017,22.2421319444444
Spain,Nitrate,2006,14.0
Spain,Nitrate,2007,11.8
Spain,Nitrate,2012,1.63375
Spain,Nitrate,2008,24.78
Spain,Dissolved oxygen,2011,6.4
Spain,Nitrite,2012,5.0
Spain,Nitrite,2009,0.01
Spain,Nitrite,2010,0.005
Spain,Nitrite,2011,0.023
Spain,Nitrate,2009,166.9
Spain,Nitrate,2009,61.0
Spain,Nitrate,2007,1.0
Romania,Nitrate,2018,18.535
Spain,Nitrate,2011,120.0
Spain,Dissolved oxygen,2011,2.9
Spain,Dissolved oxygen,2010,4.7
Romania,Dissolved oxygen,2019,5.23
Romania,Nitrite,2019,0.205
Romania,Nitrite,2017,0.016
Spain,Nitrite,2007,0.02
Spain,Dissolved oxygen,2008,6.517
Romania,Dissolved oxygen,2019,2.857
Romania,Nitrite,2019,0.041
Romania,Nitrite,2019,0.018
Spain,Nitrite,2006,0.005
Spain,Dissolved oxygen,2012,7.7375
Romania,Nitrite,2019,0.033
Spain,Dissolved oxygen,2005,3.1
Spain,Dissolved oxygen,2007,7.5
Spain,Dissolved oxygen,2010,5.8
Romania,Nitrite,2019,0.026
Spain,Ammonium,2007,0.116
Spain,Ammonium,2012,0.025
Spain,Ammonium,2010,0.025
Spain,Ammonium,2005,0.053
Spain,Ammonium,2009,0.023
Romania,Nitrite,2019,0.107
Spain,Dissolved oxygen,2006,51.6
Spain,Nitrite,2007,0.016
Spain,Dissolved oxygen,2009,2.167
Belgium,Nitrite,2019,0.03
Belgium,Nitrite,2019,0.033
Spain,Nitrite,2008,0.029
Spain,Dissolved oxygen,2007,6.8
Spain,Dissolved oxygen,2009,7.46
Spain,Dissolved oxygen,2011,8.45
Romania,Dissolved oxygen,2017,3.75032258064516
Spain,Nitrite,2007,0.03
Romania,Nitrite,2019,0.021
Spain,Nitrite,2011,0.025
Spain,Nitrite,2003,0.008
Spain,Nitrite,2009,0.008
Spain,Nitrite,2009,0.005
Spain,Dissolved oxygen,2008,8.2
Spain,Dissolved oxygen,2010,7.6
Spain,Dissolved oxygen,2012,3.7
Romania,Nitrite,2017,0.0675
Romania,Dissolved oxygen,2017,6.87444444444445
Spain,Nitrite,2010,0.0224
Spain,Nitrite,2009,0.138
Spain,Nitrite,2012,5.0
Spain,Nitrite,2009,0.011
Spain,Nitrite,2007,0.22
Romania,Nitrite,2019,0.04
Romania,Nitrite,2019,0.013
Spain,Dissolved oxygen,2009,9.3
Spain,Nitrite,2009,0.017
Spain,Dissolved oxygen,2004,9.35
Spain,Dissolved oxygen,2005,22.8
Spain,Dissolved oxygen,2008,1.4
Spain,Nitrate,2008,6.25
Spain,Nitrate,2011,150.5
Romania,Nitrate,2017,13.91071875
Spain,Nitrate,2011,240.5
Spain,Nitrate,2006,87.0
Spain,Dissolved oxygen,2008,3.167
Spain,Nitrite,2010,0.59
Spain,Dissolved oxygen,2010,6.7
Spain,Dissolved oxygen,2008,2.0
Malta,Nitrate,2018,63.45
Spain,Nitrate,2009,21.482
Spain,Nitrate,2009,2.5
Spain,Nitrate,2009,122.333
Spain,Nitrate,2011,31.6667
Spain,Nitrite,2012,0.5
Spain,Dissolved oxygen,2008,9.1
Spain,Nitrite,2006,0.01
Spain,Nitrite,2003,0.008
Spain,Nitrite,2007,0.02
Romania,Nitrate,2019,2.549
Spain,Nitrate,2011,15.5333
Romania,Nitrate,2019,23.539
Spain,Nitrate,2012,5.925
Spain,Nitrate,2008,299.25
Spain,Nitrate,2006,119.0
Spain,Nitrate,2003,29.1
Spain,Nitrate,2007,8.8
Spain,Nitrate,2006,10.0
Spain,Nitrate,2008,28.95
Belgium,Dissolved oxygen,2013,2.4
Romania,Nitrite,2019,0.031
Spain,Dissolved oxygen,2009,9.1
Spain,Nitrite,2004,0.113
Spain,Nitrite,2009,0.007
Spain,Nitrate,2005,48.0
Spain,Nitrate,2007,135.1
Spain,Nitrate,2012,155.0
Romania,Nitrate,2019,2.822
Romania,Nitrate,2019,5.407
Romania,Nitrate,2017,27.7417407407407
Malta,Nitrate,2018,43.31
Spain,Nitrate,2010,28.1
Romania,Nitrate,2019,26.527
Spain,Nitrate,2005,7.0
Spain,Nitrate,2008,4.417
Spain,Nitrate,2007,14.05
Spain,Nitrate,2004,0.464
Spain,Nitrate,2005,56.0
Spain,Nitrate,2008,8.15
Spain,Nitrate,2006,6.0
Spain,Nitrate,2012,20.4
Estonia,Nitrate,2014,0.4
Spain,Nitrate,2006,36.0
Spain,Nitrate,2011,4.0
Spain,Nitrate,2011,3.5
Spain,Nitrate,2007,13.095
Romania,Nitrate,2019,1.479
Spain,Nitrate,2010,0.1389
Spain,Nitrate,2006,22.2
Spain,Nitrate,2008,28.067
Spain,Nitrite,2009,0.01
Spain,Dissolved oxygen,2012,7.34211
Spain,Nitrite,2010,0.0165
Romania,Nitrite,2017,0.0427916666666666
Spain,Dissolved oxygen,2011,6.2
Spain,Nitrate,2010,67.2308
Spain,Nitrate,2012,269.80965
Spain,Nitrate,2008,2.5
Spain,Nitrate,2004,17.183
Spain,Nitrate,2006,44.5
Spain,Nitrite,2007,0.11
Spain,Nitrite,2008,0.028
Spain,Dissolved oxygen,2006,11.3
Spain,Nitrite,2009,0.005
Spain,Nitrite,2008,0.038
Spain,Dissolved oxygen,2010,4.2
Spain,Dissolved oxygen,2007,5.8
Romania,Nitrite,2019,0.067
Romania,Nitrite,2019,0.048
Spain,Dissolved oxygen,2008,8.15
Spain,Nitrite,2009,0.017
Spain,Nitrite,2011,0.049
Spain,Dissolved oxygen,2012,8.5
Belgium,Nitrite,2019,0.03
Spain,Nitrite,2011,0.0408
Spain,Nitrite,2008,0.005
Romania,Nitrite,2019,0.0467
Romania,Dissolved oxygen,2019,3.898
Spain,Nitrite,2007,0.01
Spain,Nitrite,2011,0.023
Spain,Nitrite,2011,0.023
Spain,Nitrite,2003,0.005
Spain,Dissolved oxygen,2009,9.6
Belgium,Dissolved oxygen,2020,8.645
Spain,Nitrite,2010,0.0242
Spain,Ammonium,2006,0.245
Spain,Ammonium,2004,0.032
Spain,Ammonium,2010,0.036
Spain,Ammonium,2008,0.047
Spain,Dissolved oxygen,2008,2.03
Estonia,Nitrite,2013,0.004
Spain,Dissolved oxygen,2012,8.9
Spain,Dissolved oxygen,2006,8.1
Spain,Dissolved oxygen,2003,8.95
Estonia,Nitrite,2014,0.004
Estonia,Nitrite,2013,0.02525
Belgium,Dissolved oxygen,2020,0.753
Spain,Dissolved oxygen,2003,2.9
Spain,Nitrite,2007,0.05
Spain,Nitrite,2009,0.025
Spain,Dissolved oxygen,2003,7.95
Spain,Nitrite,2011,2.8
Spain,Nitrite,2011,0.1
Estonia,Nitrite,2013,0.004
Estonia,Nitrite,2014,0.004
Spain,Ammonium,2012,0.023
Spain,Ammonium,2006,0.076
Romania,Ammonium,2019,0.155
Spain,Ammonium,2009,0.023
Spain,Ammonium,2007,0.023
Spain,Nitrate,2010,28.7154
Spain,Nitrate,2006,75.7
Spain,Nitrate,2010,0.5
Spain,Nitrate,2009,4.35
Spain,Nitrate,2009,10.67
Spain,Nitrate,2003,25.175
Spain,Nitrate,2008,40.75
Spain,Nitrate,2006,8.7
Spain,Nitrate,2009,50.5
Spain,Dissolved oxygen,2009,12.4
Spain,Nitrite,2008,0.005
Spain,Dissolved oxygen,2006,8.6
Spain,Nitrite,2010,0.0011
Belgium,Dissolved oxygen,2020,0.32
Spain,Ammonium,2006,0.028
Spain,Ammonium,2010,0.3558
Spain,Ammonium,2011,0.005
Romania,Ammonium,2019,0.238
Spain,Ammonium,2011,0.005
Belgium,Dissolved oxygen,2020,0.454
Belgium,Dissolved oxygen,2020,5.823
Belgium,Dissolved oxygen,2020,0.288
Spain,Nitrite,2011,0.023
Spain,Nitrite,2011,0.01
Spain,Nitrite,2006,0.005
Spain,Nitrite,2003,0.025
Spain,Dissolved oxygen,2004,7.35
Spain,Nitrite,2010,0.029
Spain,Dissolved oxygen,2007,7.5
Spain,Dissolved oxygen,2010,11.7
Spain,Ammonium,2011,0.02
Spain,Ammonium,2011,0.005
Spain,Ammonium,2007,0.18
Spain,Ammonium,2003,0.047
Spain,Nitrate,2009,10.0
Spain,Nitrate,2007,10.0
Spain,Nitrate,2011,51.3462
Spain,Nitrate,2006,65.5
Spain,Nitrate,2004,7.812
Spain,Nitrate,2012,65.25
Spain,Nitrate,2010,1.0
Romania,Nitrate,2019,8.124
Romania,Nitrate,2019,2.718
Romania,Nitrate,2017,2.804578125
Spain,Nitrate,2011,93.0
Spain,Nitrite,2012,0.005
Spain,Dissolved oxygen,2011,5.6
Spain,Nitrite,2012,0.03
Spain,Dissolved oxygen,2010,6.35
Romania,Dissolved oxygen,2019,3.903
Spain,Ammonium,2007,0.064
Spain,Ammonium,2010,0.023
Spain,Ammonium,2010,0.023
Romania,Ammonium,2019,0.155
Romania,Ammonium,2019,1.504
Spain,Nitrate,2007,152.0
Spain,Nitrate,2007,6.615
Estonia,Nitrate,2014,1.52
Spain,Nitrate,2010,4.4
Spain,Nitrate,2009,120.0
Romania,Ammonium,2017,0.389527777777777
Spain,Ammonium,2011,0.005
Spain,Ammonium,2008,0.04
Spain,Ammonium,2010,0.025
Spain,Ammonium,2009,0.045
Romania,Dissolved oxygen,2019,1.06
Spain,Dissolved oxygen,2008,2.3
Spain,Dissolved oxygen,2005,53.743
Spain,Nitrite,2012,0.005
Spain,Nitrite,2005,0.005
Romania,Ammonium,2019,0.0897
Romania,Ammonium,2019,0.21
Spain,Ammonium,2011,0.02
Spain,Ammonium,2007,0.019
Spain,Ammonium,2012,0.1
Romania,Ammonium,2019,0.14
Spain,Ammonium,2011,0.014
Spain,Ammonium,2007,0.023
Spain,Ammonium,2008,0.129
Spain,Ammonium,2009,0.065
Spain,Dissolved oxygen,2009,9.8
Belgium,Dissolved oxygen,2020,2.435
Belgium,Dissolved oxygen,2020,0.84
Romania,Dissolved oxygen,2022,2.834
Spain,Nitrite,2011,0.025
Spain,Dissolved oxygen,2009,7.9
Spain,Dissolved oxygen,2009,8.87
Romania,Nitrite,2022,0.013
Spain,Dissolved oxygen,2003,4.175
Spain,Dissolved oxygen,2009,7.5
Belgium,Dissolved oxygen,2020,0.387
Spain,Ammonium,2008,0.013
Spain,Ammonium,2011,0.1175
Belgium,Ammonium,2020,0.709
Belgium,Ammonium,2020,1.013
Romania,Ammonium,2019,3.828
Romania,Ammonium,2019,0.464
Belgium,Dissolved oxygen,2020,0.705
Belgium,Dissolved oxygen,2020,1.312
Spain,Nitrite,2010,0.01
Spain,Nitrite,2008,0.005
Spain,Nitrite,2008,0.023
Spain,Ammonium,2008,0.0906
Spain,Ammonium,2008,0.052
Spain,Ammonium,2009,0.064
Belgium,Ammonium,2020,0.583
Spain,Ammonium,2005,0.023
Spain,Nitrate,2003,53.0
Spain,Nitrate,2004,57.3
Spain,Nitrate,2003,109.0
Spain,Nitrate,2007,40.883
Spain,Nitrate,2009,67.075
Spain,Nitrite,2011,0.023
Spain,Nitrite,2011,0.5333
Spain,Nitrite,2009,0.008
Spain,Nitrite,2004,0.033
Spain,Dissolved oxygen,2006,4.5
Estonia,Nitrate,2013,0.4
Spain,Nitrate,2010,39.9
Spain,Nitrate,2007,40.65
Belgium,Phosphate,2020,0.255
Belgium,Phosphate,2020,0.131
Spain,Dissolved oxygen,2007,6.1
Spain,Dissolved oxygen,2011,7.8
Spain,Dissolved oxygen,2005,8.4
Spain,Dissolved oxygen,2006,7.9
Spain,Nitrite,2009,0.048
Spain,Nitrite,2006,0.863
Spain,Nitrite,2008,0.025
Spain,Nitrite,2009,0.01
Spain,Dissolved oxygen,2009,5.95
Spain,Nitrite,2012,0.03
Spain,Dissolved oxygen,2009,9.9
Estonia,Nitrite,2013,0.004
Spain,Dissolved oxygen,2010,8.4
Estonia,Nitrite,2014,0.034
Estonia,Nitrite,2013,0.004
Estonia,Nitrite,2014,0.005
Spain,Dissolved oxygen,2004,12.2
Spain,Dissolved oxygen,2009,8.22
Spain,Dissolved oxygen,2010,7.4
Belgium,Dissolved oxygen,2020,1.596
Spain,Nitrite,2007,0.005
Romania,Dissolved oxygen,2019,4.783
Romania,Nitrite,2019,0.011
Spain,Nitrite,2006,0.005
Spain,Nitrite,2010,0.0265
Belgium,Dissolved oxygen,2020,0.548
Spain,Dissolved oxygen,2006,8.25
Spain,Nitrite,2009,0.01
Spain,Nitrite,2010,0.01
Spain,Nitrite,2009,0.005
Spain,Dissolved oxygen,2008,5.2
Spain,Dissolved oxygen,2007,7.0
Spain,Nitrite,2012,0.06569
Spain,Nitrite,2011,0.023
Spain,Dissolved oxygen,2007,8.6
Spain,Dissolved oxygen,2004,10.3
Spain,Nitrite,2007,0.018
Belgium,Ammonium,2013,1.34
Belgium,Ammonium,2013,1.23
Spain,Ammonium,2012,0.05
Belgium,Ammonium,2018,0.368
Spain,Ammonium,2012,1.255
Spain,Ammonium,2007,0.185
Romania,Nitrate,2022,35.102
Spain,Nitrate,2008,4.3
Spain,Nitrate,2010,2.82
Belgium,Nitrate,2018,39.404
Belgium,Nitrate,2018,75.209
Spain,Nitrate,2003,35.675
Spain,Nitrate,2011,1.5
Spain,Nitrate,2010,276.0
Spain,Nitrate,2009,14.6
Spain,Nitrate,2010,2.7656
Spain,Nitrate,2003,32.5
Spain,Nitrate,2012,198.09651
Belgium,Phosphate,2020,0.221
Belgium,Phosphate,2020,0.628
Belgium,Phosphate,2020,0.199
Spain,Nitrate,2010,26.65
Romania,Nitrate,2022,17.693
Romania,Nitrate,2022,9.537
Spain,Nitrate,2009,3.0
Spain,Nitrate,2007,108.0
Romania,Nitrate,2019,19.861
Romania,Nitrate,2019,5.508
Spain,Nitrate,2012,18.775
Spain,Nitrate,2009,119.5
Spain,Nitrate,2006,189.0
Spain,Nitrate,2007,143.5
Spain,Nitrate,2007,14.0
Spain,Ammonium,2011,0.0667
Spain,Ammonium,2007,0.023
Spain,Ammonium,2006,0.57
Spain,Ammonium,2007,0.013
Spain,Ammonium,2003,1.535
Spain,Nitrate,2008,45.567
Estonia,Nitrate,2014,9.4
Estonia,Nitrate,2014,0.4
Finland,Nitrate,2006,0.09
Spain,Nitrate,2009,5.2
Spain,Nitrate,2009,44.2
Spain,Nitrate,2009,10.9
Romania,Nitrate,2019,41.75
Romania,Nitrate,2019,6.346
Spain,Nitrate,2003,55.25
Belgium,Dissolved oxygen,2020,0.2
Romania,Dissolved oxygen,2022,7.765
Romania,Nitrite,2022,0.024
Spain,Dissolved oxygen,2009,7.2
Spain,Nitrite,2006,0.01
Spain,Dissolved oxygen,2010,10.3
Spain,Nitrate,2004,61.0
Spain,Nitrate,2004,2.4
Spain,Nitrate,2009,1.1
Spain,Nitrate,2008,22.5
Spain,Nitrate,2012,3.21
Spain,Nitrate,2010,59.9
Spain,Nitrate,2012,62.0
Spain,Nitrate,2006,24.2
Spain,Nitrate,2008,20.3
Spain,Nitrate,2010,1.5
Spain,Nitrite,2007,0.005
Spain,Dissolved oxygen,2011,7.0
Spain,Nitrite,2010,0.01
Spain,Nitrite,2007,0.02
Spain,Dissolved oxygen,2007,7.65
Spain,Ammonium,2009,0.167
Spain,Ammonium,2009,0.01
Estonia,Ammonium,2013,0.6633333333
Spain,Ammonium,2008,0.023
Spain,Ammonium,2007,0.25
Spain,Dissolved oxygen,2009,10.45
Spain,Nitrite,2006,0.01
Spain,Dissolved oxygen,2012,4.455
Spain,Nitrite,2007,0.018
Spain,Dissolved oxygen,2009,8.8
Spain,Dissolved oxygen,2010,5.7
Belgium,Nitrite,2018,0.041
Spain,Nitrite,2011,0.025
Romania,Nitrite,2022,0.123
Romania,Dissolved oxygen,2022,3.91
Romania,Dissolved oxygen,2022,5.473
Spain,Ammonium,2009,0.065
Spain,Ammonium,2011,0.0005
Estonia,Ammonium,2014,0.641
Spain,Ammonium,2008,0.03
Romania,Ammonium,2017,3.74059375
Spain,Nitrate,2007,39.0
Spain,Nitrate,2009,35.0
Spain,Nitrate,2008,80.267
Belgium,Nitrate,2018,2.505
Belgium,Nitrate,2019,1.877
Belgium,Nitrate,2019,53.619
Spain,Nitrate,2005,67.725
Spain,Nitrate,2007,85.356
Spain,Nitrate,2006,41.575
Spain,Nitrate,2006,58.0
Spain,Nitrate,2011,37.0
Belgium,Nitrate,2018,48.719
Belgium,Nitrate,2018,57.948
Spain,Nitrate,2011,2.5
Spain,Nitrate,2007,4.555
Spain,Ammonium,2007,0.256
Spain,Ammonium,2010,0.05
Romania,Ammonium,2019,0.307
Spain,Ammonium,2010,0.0125
Romania,Ammonium,2019,1.471
Romania,Nitrite,2022,0.021
Spain,Nitrite,2006,0.005
Spain,Nitrite,2006,0.005
Estonia,Nitrite,2014,0.01
Spain,Nitrite,2006,0.01
Spain,Nitrate,2006,1.0
Estonia,Nitrate,2013,17.4
Estonia,Nitrate,2013,0.55
Finland,Nitrate,2009,0.09
Spain,Nitrate,2007,18.8
Spain,Nitrite,2011,0.025
Spain,Dissolved oxygen,2006,7.9
Spain,Dissolved oxygen,2011,7.3
Spain,Nitrite,2012,0.0091
Spain,Nitrite,2006,0.005
Romania,Nitrate,2022,8.557
Estonia,Nitrate,2013,0.4
Spain,Nitrate,2012,2.74
Spain,Nitrate,2011,4.85
Spain,Nitrate,2007,4.25
Spain,Nitrate,2007,24.067
Spain,Dissolved oxygen,2012,7.0
Spain,Nitrite,2003,0.038
Spain,Nitrite,2009,0.005
Spain,Dissolved oxygen,2007,8.4
Belgium,Dissolved oxygen,2020,2.1
Romania,Ammonium,2019,0.627
Romania,Ammonium,2019,0.164
Spain,Ammonium,2009,0.065
Spain,Ammonium,2011,0.005
Spain,Ammonium,2012,0.84
Spain,Ammonium,2009,0.052
Spain,Nitrate,2004,58.9
Spain,Nitrate,2011,71.225
Spain,Nitrate,2009,2.5
Estonia,Nitrate,2014,1.1
Spain,Nitrate,2003,48.8
Spain,Ammonium,2012,0.1
Estonia,Ammonium,2013,0.6616666667
Spain,Ammonium,2006,0.023
Spain,Ammonium,2012,0.023
Spain,Ammonium,2009,0.065
Spain,Nitrate,2006,5.0
Belgium,Phosphate,2020,0.545
Belgium,Phosphate,2020,0.116
Romania,Nitrate,2022,41.15
Spain,Nitrate,2007,1.1
Spain,Nitrate,2009,1.6
Spain,Nitrate,2008,72.533
Spain,Nitrate,2009,37.3
Spain,Nitrate,2007,3.8
Estonia,Nitrate,2014,0.4
Spain,Ammonium,2008,0.044
Belgium,Ammonium,2009,0.0142
Spain,Ammonium,2007,0.077
Romania,Ammonium,2017,0.032
Spain,Ammonium,2008,0.01
Spain,Ammonium,2003,0.2
Spain,Ammonium,2008,0.144
Romania,Ammonium,2019,0.137
Spain,Ammonium,2010,0.023
Spain,Ammonium,2010,0.0125
Spain,Nitrate,2008,3.85
Spain,Nitrate,2011,45.1
Spain,Nitrate,2007,40.0
Spain,Nitrate,2012,39.8
Spain,Nitrate,2009,4.65
Spain,Ammonium,2011,0.005
Spain,Ammonium,2006,0.064
Spain,Ammonium,2009,0.065
Spain,Ammonium,2011,0.02
Belgium,Ammonium,2020,0.099
Belgium,Ammonium,2020,0.552
Belgium,Ammonium,2020,1.412
Spain,Ammonium,2011,0.0005
Spain,Ammonium,2003,0.025
Romania,Ammonium,2022,0.339
Spain,Ammonium,2009,0.038
Spain,Ammonium,2009,0.065
Spain,Ammonium,2011,0.0118
Romania,Ammonium,2022,0.578
Romania,Ammonium,2022,0.032
Spain,Ammonium,2010,0.1344
Spain,Nitrate,2009,36.45
Belgium,Phosphate,2020,0.308
Belgium,Phosphate,2020,0.06
Romania,Nitrate,2022,17.87
Spain,Nitrate,2011,1.54
Belgium,Dissolved oxygen,2020,1.98
Belgium,Dissolved oxygen,2020,0.441
Romania,Dissolved oxygen,2022,5.73
Spain,Nitrite,2011,0.025
Spain,Dissolved oxygen,2010,8.35
Estonia,Nitrite,2013,0.004
Spain,Nitrate,2011,1.5
Belgium,Nitrate,2019,57.493
Belgium,Nitrate,2019,34.46
Belgium,Nitrate,2019,1.549
Belgium,Nitrate,2019,61.43
Spain,Nitrate,2004,62.8
Spain,Dissolved oxygen,2012,6.85
Spain,Dissolved oxygen,2012,7.7
Spain,Dissolved oxygen,2006,8.8
Spain,Nitrite,2003,0.008
Spain,Nitrite,2008,0.005
Spain,Dissolved oxygen,2012,11.0
Spain,Nitrite,2008,0.122
Spain,Dissolved oxygen,2010,10.1
Spain,Dissolved oxygen,2012,6.4
Romania,Nitrite,2022,0.168
Romania,Dissolved oxygen,2022,5.628
Spain,Nitrite,2009,0.005
Spain,Dissolved oxygen,2005,7.6
Spain,Nitrite,2011,0.025
Spain,Nitrite,2007,0.005
Spain,Nitrite,2005,0.227
Spain,Nitrite,2006,0.03
Spain,Dissolved oxygen,2012,4.06
Spain,Nitrite,2006,0.005
Spain,Dissolved oxygen,2008,7.8
Spain,Dissolved oxygen,2011,5.7
Spain,Dissolved oxygen,2011,3.4
Spain,Dissolved oxygen,2010,10.1
Spain,Nitrite,2006,0.005
Spain,Dissolved oxygen,2008,0.967
Spain,Dissolved oxygen,2008,9.7
Spain,Dissolved oxygen,2008,8.2
Spain,Nitrite,2012,0.5
Spain,Nitrite,2009,0.005
Spain,Nitrite,2009,0.005
Spain,Nitrite,2012,5.0
Spain,Nitrite,2006,0.046
Spain,Dissolved oxygen,2007,8.65
Belgium,Dissolved oxygen,2020,1.285
Belgium,Dissolved oxygen,2020,2.981
Belgium,Dissolved oxygen,2020,1.45
Belgium,Dissolved oxygen,2020,1.552
Spain,Nitrite,2007,0.005
Spain,Dissolved oxygen,2006,8.3
Romania,Nitrite,2022,0.019
Romania,Dissolved oxygen,2022,5.865
Romania,Nitrite,2022,0.045
Spain,Nitrite,2010,0.025
Spain,Dissolved oxygen,2010,6.85
Spain,Nitrite,2011,0.01
Belgium,Dissolved oxygen,2020,0.76
Belgium,Dissolved oxygen,2020,1.409
Belgium,Dissolved oxygen,2020,0.814
Romania,Nitrite,2022,0.01
Spain,Ammonium,2011,0.02
Spain,Ammonium,2008,0.32
Spain,Ammonium,2006,0.023
Estonia,Ammonium,2014,0.1833333333
Spain,Ammonium,2008,0.315
Romania,Dissolved oxygen,2022,3.985
Romania,Nitrite,2022,0.023
Estonia,Nitrite,2014,0.004
Spain,Dissolved oxygen,2011,6.65
Spain,Nitrite,2008,0.05
Spain,Dissolved oxygen,2006,6.9
Spain,Ammonium,2009,0.023
Spain,Ammonium,2008,0.013
Spain,Ammonium,2003,0.018
Spain,Ammonium,2006,0.023
Spain,Ammonium,2009,0.86
Estonia,Nitrite,2014,0.004
Spain,Nitrite,2010,0.005
Spain,Nitrite,2006,0.032
Belgium,Nitrite,2018,0.039
Spain,Dissolved oxygen,2007,6.6
Spain,Ammonium,2008,0.039
Spain,Ammonium,2008,0.117
Spain,Ammonium,2004,1.537
Spain,Ammonium,2008,0.023
Spain,Ammonium,2008,0.8033
Spain,Nitrite,2008,0.005
Belgium,Nitrite,2018,0.03
Spain,Dissolved oxygen,2008,8.215
Spain,Nitrite,2006,0.028
Spain,Dissolved oxygen,2009,5.65
Spain,Nitrate,2008,29.9
Spain,Nitrate,2006,39.5
Romania,Nitrate,2022,18.85
Estonia,Nitrate,2013,0.4
Spain,Nitrate,2008,252.0
Spain,Nitrate,2009,177.75
Spain,Nitrate,2009,101.5
Spain,Nitrate,2004,125.0
Spain,Nitrate,2006,47.0
Spain,Nitrate,2009,2.75
Belgium,Nitrite,2018,0.03
Belgium,Nitrite,2018,0.058
Spain,Nitrite,2009,0.025
Spain,Nitrite,2005,0.222
Spain,Nitrite,2007,0.061
Belgium,Nitrite,2018,0.03
Belgium,Nitrite,2018,0.038
Belgium,Nitrite,2018,0.136
Spain,Nitrite,2010,0.025
Spain,Nitrite,2006,0.005
Spain,Dissolved oxygen,2011,4.8
Spain,Nitrite,2007,0.04
Spain,Nitrite,2003,0.008
Spain,Dissolved oxygen,2009,3.05
Spain,Nitrite,2012,0.5
Spain,Dissolved oxygen,2011,6.95
Spain,Nitrate,2012,2.0
Belgium,Nitrate,2018,30.834
Belgium,Nitrate,2018,33.144
Spain,Nitrate,2010,36.0
Spain,Nitrate,2006,33.0
Spain,Nitrate,2011,1.5
Spain,Nitrate,2007,1.0
Spain,Nitrate,2009,135.55
Spain,Nitrate,2006,164.15
Belgium,Nitrate,2018,67.371
Estonia,Nitrate,2013,0.4
Estonia,Nitrate,2013,0.4
Finland,Nitrate,2007,0.09
Finland,Nitrate,2008,0.08
Spain,Nitrate,2010,1.5
Spain,Nitrate,2006,8.0
Spain,Nitrate,2004,49.8
Spain,Nitrate,2012,13.0
Belgium,Phosphate,2020,0.156
Belgium,Phosphate,2020,0.729
Spain,Nitrate,2007,4.0
Romania,Nitrate,2022,6.557
Estonia,Nitrate,2014,3.7
Estonia,Nitrate,2013,2.36
Spain,Nitrate,2007,3.4
Spain,Nitrate,2007,43.5
Spain,Nitrate,2007,190.6
Spain,Nitrate,2008,1.02
Spain,Nitrate,2010,1.74
Spain,Nitrate,2006,12.029
Spain,Nitrate,2007,57.4
Estonia,Ammonium,2013,0.0916666667
Spain,Ammonium,2012,25.0
Spain,Ammonium,2005,0.02
Spain,Ammonium,2006,0.014
Spain,Ammonium,2009,0.01
Spain,Ammonium,2008,0.013
Spain,Ammonium,2007,0.425
Spain,Ammonium,2010,0.01
Spain,Ammonium,2012,2.5
Spain,Ammonium,2010,0.065
Spain,Nitrate,2011,2.0495
Spain,Nitrate,2010,1.5
Spain,Nitrate,2007,20.6
Belgium,Nitrate,2018,40.727
Belgium,Nitrate,2018,60.24
Spain,Nitrate,2006,2.5
Spain,Nitrate,2011,22.0
Spain,Nitrate,2007,7.2
Romania,Nitrate,2018,10.587
Romania,Nitrate,2018,10.601
Spain,Dissolved oxygen,2010,6.0
Spain,Dissolved oxygen,2004,6.48
Spain,Dissolved oxygen,2010,9.5
Spain,Dissolved oxygen,2010,3.95
Spain,Nitrite,2007,0.02
Spain,Dissolved oxygen,2011,6.65
Spain,Dissolved oxygen,2011,7.1
Spain,Nitrite,2012,0.03
Spain,Nitrite,2011,0.023
Spain,Dissolved oxygen,2012,9.5
Spain,Ammonium,2007,0.023
Spain,Ammonium,2004,0.065
Spain,Ammonium,2004,0.065
Romania,Ammonium,2022,3.714
Spain,Ammonium,2006,0.023
Spain,Dissolved oxygen,2011,4.3
Spain,Dissolved oxygen,2010,9.8
Spain,Dissolved oxygen,2012,6.7
Spain,Nitrite,2008,0.005
Spain,Dissolved oxygen,2009,7.95
Spain,Ammonium,2006,0.322
Estonia,Ammonium,2013,0.07
Spain,Ammonium,2006,0.023
Spain,Ammonium,2009,0.023
Estonia,Ammonium,2014,0.21
Spain,Ammonium,2006,0.023
Spain,Ammonium,2006,0.023
Spain,Ammonium,2007,0.023
Spain,Ammonium,2009,0.038
Spain,Ammonium,2010,0.065
Spain,Nitrite,2008,0.005
Spain,Nitrite,2009,0.008
Spain,Dissolved oxygen,2010,9.6
Spain,Nitrite,2012,0.115
Spain,Nitrite,2007,0.01
Spain,Dissolved oxygen,2006,35.875
Spain,Dissolved oxygen,2012,10.9
Spain,Nitrite,2008,0.005
Spain,Dissolved oxygen,2007,9.7
Spain,Nitrite,2012,0.03
Belgium,Nitrate,2018,25.221
Spain,Nitrate,2007,3.2
Belgium,Nitrate,2018,1.099
Belgium,Nitrate,2019,56.694
Belgium,Nitrate,2019,60.555
Spain,Nitrate,2008,2.8
Estonia,Ammonium,2013,0.53
Estonia,Ammonium,2013,0.07
Spain,Ammonium,2010,0.065
Spain,Ammonium,2008,0.023
Romania,Ammonium,2022,0.032
Romania,Ammonium,2022,0.446
Spain,Nitrite,2004,0.181
Belgium,Nitrite,2018,0.03
Belgium,Nitrite,2018,0.109
Spain,Nitrite,2007,0.028
Spain,Nitrite,2008,0.005
Estonia,Ammonium,2013,0.626
Spain,Ammonium,2008,0.03
Spain,Ammonium,2010,0.023
Spain,Ammonium,2010,0.023
Spain,Ammonium,2009,0.333
Romania,Nitrite,2022,0.01
Romania,Dissolved oxygen,2022,7.03
Estonia,Nitrite,2013,1.0483333333
Estonia,Nitrite,2014,0.004
Spain,Nitrite,2011,0.025
Spain,Dissolved oxygen,2004,5.82
Spain,Dissolved oxygen,2009,7.75
Romania,Dissolved oxygen,2018,7.54
Romania,Nitrite,2018,0.013
Romania,Nitrite,2018,0.032
Romania,Dissolved oxygen,2018,7.047
Romania,Dissolved oxygen,2022,4.647
Romania,Nitrite,2022,0.041
Spain,Ammonium,2010,0.3031
Estonia,Ammonium,2014,0.84
Spain,Ammonium,2012,0.25
Estonia,Ammonium,2014,0.185
Estonia,Ammonium,2013,0.188125
Spain,Ammonium,2007,0.013
Belgium,Phosphate,2020,0.185
Belgium,Phosphate,2020,0.06
Romania,Nitrate,2022,5.191
Romania,Nitrate,2022,16.009
Estonia,Nitrate,2014,0.4
Belgium,Nitrate,2018,55.548
Belgium,Nitrate,2018,36.259
Spain,Ammonium,2007,0.551
Belgium,Ammonium,2018,0.848
Belgium,Ammonium,2018,2.597
Belgium,Ammonium,2019,0.25
Spain,Ammonium,2003,0.047
Estonia,Ammonium,2014,0.07
Estonia,Nitrite,2013,0.0044
Spain,Nitrite,2007,0.005
Spain,Dissolved oxygen,2008,7.3
Spain,Nitrite,2012,0.0041
Spain,Nitrite,2012,0.005
Spain,Ammonium,2012,6.5
Spain,Ammonium,2007,0.015
Romania,Ammonium,2022,0.03
Romania,Ammonium,2022,0.376
Spain,Ammonium,2010,0.025
Spain,Ammonium,2007,0.32
Spain,Dissolved oxygen,2011,9.7
Spain,Dissolved oxygen,2007,7.3
Spain,Nitrite,2010,0.01
Spain,Dissolved oxygen,2011,4.1
Spain,Ammonium,2006,0.023
Spain,Ammonium,2012,6.5
Estonia,Ammonium,2014,0.2941666667
Spain,Ammonium,2012,0.025
Belgium,Ammonium,2020,0.505
Spain,Ammonium,2011,0.0005
Spain,Nitrate,2008,35.5
Spain,Nitrate,2011,69.5
Spain,Nitrate,2009,4.7
Spain,Nitrate,2011,5.86
Belgium,Nitrate,2019,26.716
Belgium,Ammonium,2019,0.343
Belgium,Ammonium,2019,0.227
Spain,Ammonium,2008,0.03
Spain,Ammonium,2012,0.0525
Spain,Ammonium,2006,0.049
Spain,Nitrate,2008,85.733
Spain,Nitrate,2008,35.625
Spain,Nitrate,2012,91.3278
Spain,Nitrate,2009,3.0
Romania,Nitrate,2018,25.187
Belgium,Ammonium,2018,0.444
Belgium,Ammonium,2019,1.063
Spain,Ammonium,2011,0.01
Spain,Ammonium,2004,0.803
Spain,Ammonium,2011,0.13
Spain,Nitrate,2008,58.0
Belgium,Phosphate,2020,0.371
Belgium,Phosphate,2020,0.648
Belgium,Phosphate,2020,0.703
Romania,Nitrate,2022,3.991
Spain,Nitrate,2012,69.5
Spain,Nitrate,2006,3.5
Romania,Nitrate,2022,11.326
Spain,Nitrate,2010,37.9
Spain,Nitrate,2003,4.0
Spain,Nitrate,2006,2.375
Spain,Dissolved oxygen,2012,8.7
Spain,Nitrite,2009,0.005
Romania,Nitrite,2022,0.042
Romania,Dissolved oxygen,2022,6.766
Estonia,Nitrite,2014,0.004
Spain,Dissolved oxygen,2006,8.4
Spain,Dissolved oxygen,2007,8.45
Spain,Nitrite,2010,0.102
Spain,Nitrite,2011,0.295
Spain,Nitrite,2010,0.01
Spain,Dissolved oxygen,2006,8.05
Spain,Dissolved oxygen,2005,10.2
Spain,Nitrite,2007,0.318
Spain,Nitrite,2006,0.022
Spain,Nitrite,2007,0.08
Spain,Ammonium,2011,0.12
Spain,Ammonium,2007,0.013
Spain,Ammonium,2008,0.027
Belgium,Ammonium,2018,0.557
Belgium,Ammonium,2018,0.597
Belgium,Nitrate,2018,53.843
Belgium,Nitrate,2018,25.898
Belgium,Nitrate,2018,4.115
Spain,Nitrate,2009,64.333
Spain,Nitrate,2012,1.59
Spain,Nitrate,2006,1.5
Spain,Nitrite,2008,0.05
Spain,Dissolved oxygen,2007,8.35
Spain,Nitrite,2009,0.018
Spain,Dissolved oxygen,2008,10.6
Spain,Nitrate,2011,61.5
Spain,Nitrate,2010,1.5
Spain,Nitrate,2012,3.0
Belgium,Nitrate,2019,29.248
Belgium,Nitrate,2019,51.177
Spain,Nitrate,2010,78.5
Spain,Nitrite,2009,0.005
Spain,Dissolved oxygen,2010,2.4
Spain,Dissolved oxygen,2011,9.6
Spain,Nitrite,2006,0.005
Spain,Nitrite,2008,0.017
Spain,Nitrite,2011,0.023
Spain,Nitrite,2006,0.042
Spain,Nitrite,2011,0.01
Romania,Ammonium,2022,3.358
Spain,Ammonium,2010,0.065
Spain,Ammonium,2007,0.023
Spain,Ammonium,2007,0.245
Spain,Ammonium,2008,0.023
Spain,Nitrite,2008,0.005
Spain,Dissolved oxygen,2012,1.7
Spain,Nitrite,2008,0.011
Spain,Nitrite,2010,0.035
Spain,Nitrite,2009,0.025
Spain,Ammonium,2009,0.05
Spain,Ammonium,2008,0.019
Spain,Ammonium,2006,0.023
Spain,Ammonium,2008,0.058
Romania,Ammonium,2018,0.123
Belgium,Nitrate,2019,37.583
Belgium,Nitrate,2019,37.072
Spain,Nitrate,2006,45.15
Spain,Nitrate,2006,3.7
Spain,Nitrate,2009,85.283
Spain,Ammonium,2007,0.013
Spain,Ammonium,2010,0.023
Spain,Ammonium,2007,0.036
Spain,Ammonium,2009,0.09
Spain,Ammonium,2004,0.005
Spain,Ammonium,2004,0.018
Belgium,Ammonium,2018,0.548
Belgium,Ammonium,2018,2.887
Spain,Ammonium,2008,0.024
Spain,Ammonium,2007,0.9
Spain,Ammonium,2009,0.038
Spain,Ammonium,2011,0.02
Spain,Ammonium,2008,0.013
Spain,Ammonium,2011,0.14
Spain,Ammonium,2010,0.0056
Spain,Ammonium,2012,1.905
Spain,Ammonium,2011,0.0005
Spain,Ammonium,2012,0.023
Spain,Ammonium,2012,0.023
Belgium,Nitrite,2018,0.03
Belgium,Nitrite,2018,0.157
Spain,Nitrite,2008,0.005
Spain,Nitrite,2003,0.266
Belgium,Nitrite,2018,0.032
Belgium,Nitrite,2018,0.098
Spain,Ammonium,2007,0.32
Romania,Ammonium,2022,0.487
Estonia,Ammonium,2013,0.1
Spain,Ammonium,2011,0.005
Spain,Ammonium,2006,0.023
Romania,Ammonium,2022,0.657
Spain,Ammonium,2007,0.074
Spain,Ammonium,2011,0.0125
Spain,Ammonium,2006,0.032
Spain,Ammonium,2003,0.035
Spain,Dissolved oxygen,2010,8.7
Spain,Nitrite,2007,0.016
Spain,Dissolved oxygen,2008,8.25
Spain,Dissolved oxygen,2010,2.7
Spain,Nitrite,2007,0.055
Spain,Dissolved oxygen,2012,5.0
Romania,Dissolved oxygen,2018,4.208
Spain,Nitrite,2008,0.042
Spain,Nitrite,2009,0.037
Spain,Nitrite,2007,0.011
Spain,Dissolved oxygen,2006,11.9
Spain,Nitrite,2011,0.025
Spain,Dissolved oxygen,2006,8.85
Spain,Nitrite,2003,0.005
Spain,Dissolved oxygen,2004,11.38
Spain,Dissolved oxygen,2003,8.3
Belgium,Dissolved oxygen,2020,0.2
Belgium,Dissolved oxygen,2020,2.583
Belgium,Dissolved oxygen,2020,0.2
Belgium,Dissolved oxygen,2020,2.228
Spain,Dissolved oxygen,2010,7.45
Spain,Dissolved oxygen,2008,8.2
Romania,Nitrite,2022,0.01
Romania,Dissolved oxygen,2022,5.753
Spain,Dissolved oxygen,2010,1.2
Romania,Nitrite,2018,0.026
Romania,Dissolved oxygen,2018,5.844
Romania,Nitrite,2018,0.068
Spain,Nitrite,2008,0.005
Spain,Nitrite,2011,0.0338
Romania,Dissolved oxygen,2022,5.603
Belgium,Nitrate,2019,35.561
Belgium,Nitrate,2019,74.419
Spain,Nitrate,2007,40.3
Spain,Nitrate,2012,140.5
Spain,Nitrate,2004,85.962
Spain,Nitrate,2011,133.0
Spain,Nitrate,2009,2.6
Spain,Nitrate,2011,23.6667
Spain,Nitrate,2008,50.75
Estonia,Nitrate,2013,1.3
Estonia,Nitrate,2014,0.5166666667
Belgium,Phosphate,2020,0.474
Belgium,Nitrate,2019,33.514
Belgium,Nitrate,2019,5.497
Spain,Nitrate,2011,127.0
Spain,Nitrate,2003,80.2
Romania,Nitrate,2018,11.042
Romania,Nitrate,2018,1.018
Belgium,Phosphate,2020,0.266
Romania,Nitrate,2022,40.014
Romania,Nitrate,2022,0.456
Spain,Nitrate,2003,55.85
Spain,Nitrate,2012,37.5
Spain,Nitrate,2008,1.6
Spain,Nitrate,2012,36.0
Spain,Nitrate,2007,68.167
Spain,Nitrate,2010,118.425
Spain,Nitrate,2006,175.5
Spain,Nitrate,2008,163.2
Belgium,Nitrate,2018,37.036
Belgium,Nitrate,2018,30.016
Spain,Nitrate,2008,17.55
Spain,Nitrate,2012,102.0
Spain,Nitrate,2006,2.3
Spain,Nitrate,2008,3.1
Spain,Nitrate,2003,0.473
Romania,Nitrate,2018,26.251
Romania,Nitrate,2018,0.53
Spain,Nitrate,2009,26.15
Romania,Nitrite,2022,0.016
Spain,Dissolved oxygen,2003,9.3
Spain,Nitrite,2006,0.005
Spain,Nitrite,2009,0.058
Spain,Nitrite,2009,0.029
Spain,Nitrate,2008,24.5
Spain,Nitrate,2012,1.086
Belgium,Nitrate,2019,18.585
Belgium,Nitrate,2019,3.827
Spain,Nitrate,2006,57.0
Romania,Nitrate,2018,4.336
Spain,Nitrite,2010,0.0238
Romania,Nitrite,2018,0.01
Romania,Dissolved oxygen,2018,5.485
Romania,Dissolved oxygen,2018,6.058
Romania,Nitrite,2018,0.763
Estonia,Nitrite,2013,0.004
Spain,Ammonium,2006,0.566
Belgium,Ammonium,2018,1.879
Spain,Ammonium,2010,0.98
Spain,Ammonium,2011,0.01
Spain,Ammonium,2009,0.01
Belgium,Ammonium,2019,0.898
Belgium,Ammonium,2019,0.273
Spain,Ammonium,2009,0.023
Spain,Ammonium,2011,0.005
Spain,Ammonium,2012,2.5
Belgium,Ammonium,2018,0.88
Spain,Nitrite,2003,0.04
Spain,Nitrite,2007,0.02
Spain,Nitrite,2011,0.023
Spain,Nitrite,2006,1.08
Belgium,Ammonium,2018,1.425
Belgium,Ammonium,2018,11.679
Spain,Ammonium,2003,0.045
Spain,Ammonium,2007,0.023
Romania,Ammonium,2022,0.804
Estonia,Ammonium,2014,0.3821428571
Belgium,Ammonium,2018,0.634
Belgium,Ammonium,2018,0.208
Belgium,Ammonium,2019,0.111
Belgium,Ammonium,2019,0.783
Spain,Ammonium,2012,0.1
Spain,Ammonium,2009,0.013
Spain,Ammonium,2010,0.0925
Spain,Ammonium,2011,0.0134
Spain,Ammonium,2009,0.05
Spain,Ammonium,2012,25.0
Spain,Ammonium,2008,0.224
Spain,Nitrate,2003,35.7
Romania,Nitrate,2018,11.031
Spain,Nitrate,2008,66.1
Spain,Nitrate,2008,158.7
Spain,Nitrate,2012,95.75454
Spain,Ammonium,2007,0.206
Spain,Ammonium,2008,0.32
Spain,Ammonium,2008,0.27
Spain,Ammonium,2010,0.023
Spain,Ammonium,2010,0.05
Romania,Ammonium,2018,0.08
Spain,Ammonium,2006,0.277
Spain,Ammonium,2009,0.025
Spain,Ammonium,2009,0.745
Malta,Nitrate,2019,71.84
Romania,Nitrate,2020,2.26379857142857
Spain,Nitrate,2009,63.425
Spain,Nitrate,2012,65.15
Spain,Nitrate,2006,27.0
Spain,Nitrate,2011,25.35
Spain,Ammonium,2003,0.026
Spain,Ammonium,2008,0.039
Spain,Ammonium,2007,0.309
Spain,Ammonium,2003,0.018
Spain,Ammonium,2012,25.0
Spain,Ammonium,2004,0.065
Spain,Ammonium,2003,0.026
Romania,Ammonium,2022,0.229
Spain,Ammonium,2007,0.213
Spain,Ammonium,2007,0.064
Spain,Nitrite,2004,0.047
Romania,Nitrite,2018,0.032
Spain,Nitrite,2011,0.023
Romania,Dissolved oxygen,2018,5.948
Romania,Nitrite,2018,0.015
Romania,Dissolved oxygen,2018,8.38
Romania,Nitrate,2020,8.594
Romania,Nitrate,2020,3.59684
Spain,Nitrate,2011,89.1
Spain,Nitrate,2009,4.05
Spain,Nitrate,2005,0.209
Spain,Nitrate,2007,0.248
Spain,Nitrate,2007,6.975
Spain,Nitrate,2009,22.75
Belgium,Nitrate,2021,47.385
Belgium,Nitrate,2021,5.955
Romania,Nitrite,2018,0.027
Romania,Dissolved oxygen,2018,6.443
Spain,Nitrite,2012,0.04
Spain,Nitrite,2009,0.01
Spain,Nitrite,2008,0.005
Spain,Nitrite,2010,0.005
Belgium,Nitrate,2021,3.781
Belgium,Nitrate,2021,31.304
Spain,Nitrate,2007,3.0
Romania,Nitrate,2018,35.71
Romania,Nitrate,2018,28.238
Spain,Nitrate,2012,22.25
Malta,Nitrate,2019,47.01
Romania,Nitrate,2020,39.643
Spain,Nitrate,2009,10.0
Spain,Nitrate,2007,25.0
Belgium,Nitrate,2021,0.308
Belgium,Nitrate,2021,0.328
Belgium,Nitrate,2021,36.592
Romania,Ammonium,2018,5.155
Romania,Ammonium,2018,2.911
Spain,Ammonium,2010,0.023
Estonia,Ammonium,2014,0.1
Spain,Ammonium,2003,0.035
Spain,Ammonium,2011,0.005
Romania,Dissolved oxygen,2018,6.016
Romania,Nitrite,2018,0.01
Romania,Dissolved oxygen,2018,5.321
Romania,Nitrite,2018,0.044
Spain,Dissolved oxygen,2003,7.2
Spain,Dissolved oxygen,2006,6.35
Belgium,Nitrate,2021,65.045
Spain,Nitrate,2004,61.15
Spain,Nitrate,2005,14.0
Spain,Nitrate,2006,11.5
Spain,Nitrate,2006,179.46
Spain,Nitrate,2007,127.31
Spain,Nitrate,2010,180.7957
Belgium,Nitrate,2019,52.587
Belgium,Nitrate,2019,37.674
Belgium,Nitrate,2019,2.207
Spain,Nitrate,2003,13.942
Spain,Dissolved oxygen,2007,7.05
Romania,Nitrite,2018,0.02
Romania,Dissolved oxygen,2018,4.283
Romania,Dissolved oxygen,2018,5.728
Romania,Nitrite,2018,0.015
Spain,Dissolved oxygen,2012,4.3
Belgium,Nitrite,2021,0.03
Spain,Nitrate,2009,12.771
Spain,Nitrate,2007,1.0
Spain,Nitrate,2009,76.15
Romania,Nitrate,2018,11.056
Romania,Nitrate,2018,22.718
Spain,Dissolved oxygen,2007,8.45
Belgium,Nitrite,2021,0.095
Belgium,Nitrite,2021,0.03
Belgium,Nitrite,2021,0.03
Belgium,Nitrite,2021,0.034
Belgium,Nitrite,2021,0.03
Belgium,Dissolved oxygen,2018,5.12
Romania,Nitrate,2020,5.829
Spain,Nitrate,2007,48.15
Spain,Nitrate,2008,34.35
Spain,Nitrate,2009,7.987
Spain,Nitrate,2012,5.36929
Spain,Nitrite,2008,0.005
Belgium,Nitrite,2021,0.03
Belgium,Nitrite,2021,0.03
Belgium,Nitrite,2021,0.03
Belgium,Nitrite,2021,0.044
Belgium,Nitrite,2021,0.186
Belgium,Nitrite,2021,0.036
Belgium,Dissolved oxygen,2018,4.562
Belgium,Dissolved oxygen,2018,6.276
Belgium,Dissolved oxygen,2018,1.583
Belgium,Dissolved oxygen,2018,3.571
Belgium,Dissolved oxygen,2019,1.883
Belgium,Dissolved oxygen,2019,1.117
Romania,Nitrite,2020,0.0133133333333333
Romania,Dissolved oxygen,2020,5.101
Belgium,Nitrite,2021,0.038
Belgium,Nitrite,2021,0.068
Belgium,Nitrite,2021,0.161
Belgium,Nitrite,2021,0.032
Belgium,Nitrite,2021,0.036
Belgium,Dissolved oxygen,2018,2.155
Belgium,Dissolved oxygen,2018,5.997
Belgium,Nitrite,2021,0.03
Belgium,Nitrite,2021,0.075
Belgium,Nitrite,2021,0.044
Belgium,Dissolved oxygen,2018,6.297
Belgium,Dissolved oxygen,2018,1.755
Belgium,Dissolved oxygen,2019,0.987
Spain,Nitrate,2004,0.613
Spain,Nitrate,2007,1.368
Spain,Nitrate,2003,0.192
Spain,Nitrate,2011,11.0
Belgium,Dissolved oxygen,2019,1.161
Belgium,Dissolved oxygen,2019,0.806
Belgium,Dissolved oxygen,2018,1.59
Belgium,Dissolved oxygen,2018,0.208
Belgium,Dissolved oxygen,2019,4.124
Belgium,Dissolved oxygen,2019,0.752
Romania,Dissolved oxygen,2020,4.42866666666667
Spain,Nitrate,2011,10.0
Belgium,Nitrate,2021,19.55
Belgium,Nitrate,2021,0.459
Belgium,Nitrate,2021,50.498
Belgium,Nitrate,2021,14.486
Romania,Nitrate,2020,109.132
Spain,Nitrate,2011,4.094
Spain,Nitrate,2011,2.0
Spain,Nitrate,2009,59.05
Spain,Nitrate,2012,37.6
Romania,Nitrate,2020,8.667
Spain,Nitrate,2008,89.0
Spain,Nitrate,2006,0.252
Spain,Nitrate,2006,9.0
Spain,Nitrate,2011,25.0
Belgium,Ammonium,2018,0.125
Belgium,Ammonium,2018,10.927
Belgium,Ammonium,2019,0.22
Spain,Ammonium,2010,0.023
Romania,Ammonium,2018,0.424
Spain,Ammonium,2007,0.013
Belgium,Nitrate,2021,52.456
Belgium,Nitrate,2021,0.207
Belgium,Nitrate,2021,56.797
Belgium,Nitrate,2021,11.865
Spain,Nitrate,2009,4.15
Spain,Nitrate,2010,20.0
Romania,Nitrite,2020,0.038
Spain,Dissolved oxygen,2010,4.15
Spain,Dissolved oxygen,2012,7.0
Belgium,Nitrite,2021,0.03
Belgium,Nitrite,2021,0.03
Belgium,Nitrite,2021,0.125
Belgium,Nitrite,2021,0.073
Belgium,Dissolved oxygen,2018,5.336
Belgium,Dissolved oxygen,2018,0.572
Belgium,Dissolved oxygen,2019,2.596
Romania,Dissolved oxygen,2020,6.226
Romania,Nitrite,2020,0.018
Spain,Dissolved oxygen,2010,7.9
Spain,Nitrite,2011,0.023
Spain,Ammonium,2012,0.023
Spain,Ammonium,2010,0.0412
Romania,Ammonium,2018,0.356
Romania,Ammonium,2018,0.058
Spain,Ammonium,2012,0.025
Belgium,Ammonium,2021,0.61
Spain,Nitrate,2011,64.325
Spain,Nitrate,2008,7.425
Spain,Nitrate,2006,4.5
Spain,Nitrate,2009,0.403
Belgium,Ammonium,2021,17.175
Belgium,Ammonium,2021,0.375
Romania,Ammonium,2018,0.031
Romania,Ammonium,2018,0.296
Belgium,Ammonium,2021,0.811
Belgium,Ammonium,2021,0.851
Belgium,Ammonium,2021,2.421
Belgium,Ammonium,2021,12.754
Belgium,Ammonium,2019,0.465
Romania,Ammonium,2018,0.261
Romania,Ammonium,2018,2.764
Spain,Ammonium,2007,0.02
Belgium,Ammonium,2021,1.648
Belgium,Ammonium,2021,0.821
Belgium,Ammonium,2021,0.252
Romania,Ammonium,2018,3.34
Romania,Ammonium,2018,0.558
Spain,Ammonium,2009,0.02
Belgium,Ammonium,2021,1.872
Belgium,Ammonium,2021,1.456
Belgium,Nitrite,2021,0.03
Belgium,Dissolved oxygen,2019,0.2
Belgium,Dissolved oxygen,2019,3.941
Romania,Dissolved oxygen,2020,6.962
Spain,Dissolved oxygen,2009,7.61
Spain,Nitrite,2009,0.008
Belgium,Ammonium,2021,0.245
Belgium,Ammonium,2019,0.786
Spain,Ammonium,2008,0.375
Romania,Ammonium,2018,0.983
Spain,Ammonium,2011,0.01
Belgium,Ammonium,2021,0.179
Spain,Nitrate,2006,24.5
Romania,Nitrate,2020,0.681926666666667
Spain,Nitrate,2012,6.62
Spain,Nitrate,2010,14.4
Spain,Nitrate,2007,9.0
Belgium,Ammonium,2021,0.106
Belgium,Ammonium,2019,2.053
Belgium,Ammonium,2021,0.485
Belgium,Ammonium,2021,0.638
Belgium,Ammonium,2021,0.32
Romania,Ammonium,2020,0.236816666666667
Spain,Ammonium,2009,0.058
Spain,Ammonium,2010,0.023
Belgium,Ammonium,2021,0.567
Belgium,Ammonium,2021,0.159
Belgium,Ammonium,2021,0.435
Belgium,Ammonium,2019,1.332
Belgium,Ammonium,2019,0.486
Romania,Ammonium,2020,0.339
Spain,Ammonium,2008,0.071
Belgium,Ammonium,2019,0.558
Romania,Ammonium,2020,0.145
Spain,Ammonium,2011,0.005
Spain,Ammonium,2011,0.005
Spain,Ammonium,2009,0.05
Spain,Ammonium,2008,0.023
Spain,Ammonium,2008,0.116
Spain,Ammonium,2008,0.077
Romania,Ammonium,2020,0.373
Romania,Ammonium,2020,0.031
Spain,Ammonium,2006,0.032
Spain,Ammonium,2003,0.541
Spain,Ammonium,2006,0.232
Spain,Ammonium,2010,0.445
Spain,Ammonium,2005,0.119
Spain,Ammonium,2010,0.065
Spain,Ammonium,2009,0.023
Spain,Ammonium,2006,0.023
Romania,Ammonium,2020,0.091
Spain,Ammonium,2009,0.013
Belgium,Ammonium,2019,0.498
Belgium,Ammonium,2019,10.841
Romania,Ammonium,2020,0.327
Spain,Ammonium,2011,0.005
Belgium,Nitrate,2021,53.448
Belgium,Nitrate,2021,35.534
Belgium,Nitrate,2021,32.568
Belgium,Nitrate,2021,0.637
Spain,Nitrate,2008,126.0
Spain,Nitrate,2011,44.6
Spain,Ammonium,2009,0.142
Spain,Ammonium,2005,1.04
Romania,Ammonium,2020,0.064
Spain,Ammonium,2006,0.08
Spain,Ammonium,2008,0.32
Spain,Ammonium,2011,0.0005
Spain,Ammonium,2006,0.023
Belgium,Ammonium,2021,0.262
Belgium,Ammonium,2019,1.416
Belgium,Ammonium,2019,10.987
Romania,Ammonium,2020,0.183
Spain,Ammonium,2006,0.023
Spain,Ammonium,2007,0.32
Spain,Ammonium,2012,0.1
Spain,Ammonium,2006,0.023
Spain,Ammonium,2009,0.023
Spain,Dissolved oxygen,2008,10.45
Belgium,Dissolved oxygen,2018,4.651
Belgium,Dissolved oxygen,2018,1.409
Belgium,Dissolved oxygen,2019,3.788
Belgium,Dissolved oxygen,2019,1.487
Belgium,Dissolved oxygen,2019,0.234
Romania,Nitrite,2020,0.0113448529411765
Spain,Ammonium,2007,0.023
Spain,Ammonium,2012,0.023
Spain,Ammonium,2009,0.01
Spain,Ammonium,2009,0.09
Spain,Ammonium,2010,0.023
Spain,Nitrate,2008,130.35
Spain,Nitrate,2007,9.5
Belgium,Nitrate,2021,3.138
Belgium,Nitrate,2021,35.122
Belgium,Nitrate,2021,37.866
Belgium,Nitrate,2021,61.364
Belgium,Nitrate,2021,4.542
Spain,Nitrate,2008,18.4
Spain,Nitrate,2010,13.0
Romania,Nitrate,2020,16.553
Romania,Nitrate,2020,7.38
Spain,Nitrate,2006,10.5
Romania,Dissolved oxygen,2020,4.203
Spain,Dissolved oxygen,2009,6.9
Belgium,Nitrite,2021,0.03
Belgium,Nitrite,2021,0.03
Belgium,Nitrite,2021,0.03
Belgium,Nitrite,2021,0.03
Belgium,Dissolved oxygen,2018,3.203
Spain,Nitrate,2006,2.0
Spain,Nitrate,2007,11.5
Spain,Nitrate,2005,124.06
Romania,Nitrate,2020,22.54
Spain,Nitrate,2006,58.0
Belgium,Dissolved oxygen,2018,1.341
Belgium,Dissolved oxygen,2018,1.663
Spain,Dissolved oxygen,2008,8.467
Spain,Nitrite,2012,5.0
Spain,Nitrite,2011,0.023
Spain,Dissolved oxygen,2008,6.0
Romania,Nitrite,2020,0.041
Spain,Nitrite,2011,0.57
Spain,Nitrite,2011,0.025
Spain,Nitrite,2010,0.01
Spain,Nitrite,2011,0.041
Belgium,Nitrite,2018,0.03
Belgium,Nitrite,2021,0.03
Belgium,Nitrite,2021,0.046
Belgium,Nitrite,2021,0.03
Belgium,Nitrite,2021,0.03
Belgium,Dissolved oxygen,2018,1.451
Belgium,Dissolved oxygen,2018,2.421
Belgium,Dissolved oxygen,2019,5.224
Spain,Nitrite,2007,0.005
Romania,Nitrite,2020,0.055
Romania,Dissolved oxygen,2020,6.266
Romania,Nitrite,2020,0.01
Romania,Dissolved oxygen,2020,5.613
Spain,Nitrite,2007,0.005
Belgium,Nitrate,2019,35.0972222222222
Spain,Nitrate,2009,16.5
Spain,Nitrate,2011,13.0
Romania,Nitrate,2020,4.154
Spain,Nitrate,2009,4.0
Belgium,Dissolved oxygen,2019,5.756
Belgium,Dissolved oxygen,2019,1.134
Romania,Dissolved oxygen,2020,3.8952
Romania,Nitrite,2020,0.04104
Spain,Nitrite,2009,0.005
Belgium,Nitrite,2021,0.03
Belgium,Nitrite,2021,0.03
Romania,Ammonium,2020,0.235
Spain,Ammonium,2012,2.5
Spain,Ammonium,2007,0.082
Spain,Ammonium,2012,25.0
Spain,Ammonium,2007,0.023
Romania,Ammonium,2020,5.224
Romania,Dissolved oxygen,2020,6.238
Spain,Nitrite,2009,0.005
Spain,Dissolved oxygen,2003,6.6
Spain,Nitrite,2009,0.005
Spain,Nitrite,2012,0.0023
Spain,Nitrate,2009,2.3
Spain,Nitrate,2006,38.0
Spain,Nitrate,2010,19.6
Romania,Nitrate,2020,4.593
Spain,Nitrate,2008,53.0
Spain,Ammonium,2006,0.097
Spain,Ammonium,2011,0.02
Spain,Ammonium,2012,0.023
Romania,Ammonium,2021,0.24
Romania,Ammonium,2020,0.139
Belgium,Nitrate,2019,25.8875
Belgium,Nitrate,2019,1.0
Belgium,Nitrate,2019,50.77
Belgium,Nitrate,2019,10.7607407407407
Belgium,Nitrate,2019,22.0538461538462
Romania,Nitrate,2020,4.957
Romania,Nitrate,2018,20.397
Romania,Nitrate,2019,14.509
Belgium,Nitrate,2019,29.8586776859504
Belgium,Nitrate,2019,34.2666666666667
Belgium,Nitrate,2019,34.9466666666667
Romania,Nitrate,2020,13.299
Romania,Nitrate,2018,5.694
Romania,Nitrate,2019,0.313
Romania,Ammonium,2018,0.237
Spain,Ammonium,2004,0.065
Spain,Ammonium,2003,0.15
Spain,Ammonium,2009,0.01
Spain,Ammonium,2005,0.023
Spain,Ammonium,2003,0.035
Spain,Ammonium,2009,0.065
Spain,Ammonium,2006,0.023
Spain,Ammonium,2003,0.019
Spain,Ammonium,2004,0.005
Belgium,Dissolved oxygen,2019,1.154
Belgium,Dissolved oxygen,2019,1.682
Belgium,Dissolved oxygen,2019,0.412
Romania,Dissolved oxygen,2020,4.06514705882353
Romania,Nitrite,2020,0.04
Spain,Dissolved oxygen,2012,7.45556
Spain,Nitrite,2010,0.01
Belgium,Nitrite,2021,0.03
Spain,Dissolved oxygen,2007,5.55
Spain,Nitrite,2010,0.01
Spain,Nitrite,2003,0.036
Romania,Dissolved oxygen,2020,4.198
Romania,Nitrite,2020,0.032
Spain,Nitrite,2009,0.005
Spain,Nitrite,2010,0.005
Spain,Nitrite,2010,0.005
Spain,Dissolved oxygen,2011,9.62
Spain,Dissolved oxygen,2007,8.05
Spain,Dissolved oxygen,2006,7.3
Spain,Dissolved oxygen,2010,8.4
Romania,Dissolved oxygen,2020,5.863
Romania,Nitrite,2020,0.03
Spain,Dissolved oxygen,2008,0.4
Spain,Dissolved oxygen,2010,7.5
Romania,Nitrite,2020,0.033
Romania,Dissolved oxygen,2020,8.249
Spain,Nitrite,2003,0.02
Spain,Nitrite,2008,0.05
Spain,Dissolved oxygen,2011,6.7
Spain,Nitrite,2011,0.025
Spain,Nitrite,2008,0.005
Romania,Ammonium,2020,0.343
Romania,Ammonium,2018,0.151
Spain,Ammonium,2012,25.0
Romania,Ammonium,2021,0.207
Romania,Ammonium,2020,0.579
Romania,Ammonium,2018,0.114
Spain,Ammonium,2007,0.073
Spain,Nitrite,2010,0.005
Spain,Nitrite,2005,0.025
Spain,Nitrite,2012,0.0081
Spain,Nitrite,2011,0.025
Romania,Dissolved oxygen,2021,3.886
Romania,Nitrite,2020,0.013
Romania,Dissolved oxygen,2020,6.372
Spain,Dissolved oxygen,2006,7.9
Spain,Nitrite,2007,0.005
Spain,Nitrite,2006,0.005
Spain,Nitrite,2012,2.5031
Romania,Nitrite,2018,0.047
Spain,Dissolved oxygen,2006,8.4
Spain,Dissolved oxygen,2009,7.1
Spain,Nitrite,2010,0.01
Belgium,Nitrate,2020,25.1591024374177
Belgium,Nitrate,2019,44.4333333333333
Belgium,Nitrate,2019,44.6666666666667
Belgium,Nitrate,2019,16.6666666666667
Belgium,Nitrate,2019,18.0739130434783
Belgium,Nitrate,2018,0.225
Romania,Nitrate,2020,18.708
Romania,Nitrate,2018,36.943
Belgium,Nitrate,2019,25.3166666666667
Belgium,Nitrate,2019,40.5826086956522
Belgium,Nitrate,2019,12.7216666666667
Romania,Nitrate,2021,6.281
Romania,Nitrate,2020,0.174
Romania,Nitrate,2018,2.367
Spain,Nitrite,2009,0.01
Spain,Nitrite,2003,0.008
Spain,Nitrite,2010,0.005
Romania,Nitrite,2020,0.033
Romania,Dissolved oxygen,2020,5.614
Spain,Nitrite,2011,0.05
Spain,Nitrite,2006,0.92
Spain,Nitrite,2009,0.005
Spain,Nitrite,2011,0.023
Spain,Nitrate,2003,47.05
Belgium,Nitrate,2019,25.6916666666667
Belgium,Nitrate,2019,42.45
Belgium,Nitrate,2019,9.82
Belgium,Nitrate,2019,7.1
Romania,Nitrate,2020,6.414
Romania,Nitrate,2018,5.672
Romania,Nitrate,2019,4.18
Spain,Nitrate,2009,134.36
Romania,Nitrate,2020,26.976
Spain,Nitrate,2007,3.1
Spain,Nitrate,2010,2.0
Spain,Nitrate,2011,2.5
Spain,Nitrate,2009,2.48
Spain,Nitrate,2006,1.0
Spain,Nitrate,2008,76.2
Spain,Nitrate,2012,52.0
Romania,Nitrate,2018,171.45
Belgium,Nitrate,2019,39.0526315789474
Belgium,Nitrate,2019,38.1666666666667
Belgium,Nitrate,2019,12.0833333333333
Belgium,Nitrate,2019,15.7666666666667
Belgium,Nitrate,2019,14.3666666666667
Belgium,Nitrate,2018,28.785
Spain,Dissolved oxygen,2004,8.13
Spain,Nitrite,2009,0.01
Spain,Nitrite,2005,0.005
Spain,Nitrite,2006,0.005
Spain,Nitrite,2006,0.005
Belgium,Nitrate,2018,65.315
Spain,Nitrate,2008,8.8
Belgium,Nitrate,2021,7.367
Belgium,Nitrate,2021,15.241
Belgium,Nitrate,2021,5.978
Belgium,Nitrate,2021,0.296
Spain,Nitrate,2008,10.65
Romania,Dissolved oxygen,2021,5.28
Romania,Nitrite,2021,0.179
Romania,Nitrite,2020,0.063
Romania,Dissolved oxygen,2020,5.608
Romania,Nitrite,2018,0.032
Romania,Dissolved oxygen,2018,4.55
Romania,Nitrite,2018,0.033
Spain,Dissolved oxygen,2012,7.1
Spain,Dissolved oxygen,2004,9.2
Romania,Nitrite,2019,0.016
Romania,Dissolved oxygen,2019,4.854
Romania,Dissolved oxygen,2018,2.749
Romania,Nitrite,2018,0.047
Romania,Nitrite,2018,0.033
Spain,Nitrate,2007,16.6
Spain,Nitrate,2009,20.75
Spain,Nitrate,2011,130.925
Romania,Nitrate,2020,9.992
Spain,Nitrate,2009,10.0
Romania,Dissolved oxygen,2018,5.346
Spain,Nitrite,2005,0.005
Spain,Nitrite,2007,0.005
Spain,Dissolved oxygen,2010,9.1
Spain,Nitrite,2006,0.005
Spain,Dissolved oxygen,2008,7.55
Romania,Dissolved oxygen,2019,8.97
Romania,Nitrite,2019,0.01
Spain,Nitrite,2006,0.005
Romania,Dissolved oxygen,2021,5.836
Romania,Nitrite,2021,0.016
Romania,Nitrate,2020,16.01
Romania,Nitrate,2018,2.308
Spain,Nitrate,2007,71.0
Spain,Nitrate,2010,51.1
Romania,Nitrate,2019,103.595
Romania,Dissolved oxygen,2020,5.885
Romania,Nitrite,2020,0.02
Romania,Nitrite,2018,0.038
Romania,Dissolved oxygen,2018,7.025
Spain,Dissolved oxygen,2003,9.4
Romania,Nitrite,2021,0.014
Romania,Nitrite,2020,0.046
Spain,Ammonium,2009,0.065
Spain,Ammonium,2006,0.023
Romania,Ammonium,2020,0.482
Romania,Ammonium,2020,0.101
Romania,Ammonium,2018,0.321
Spain,Ammonium,2009,0.01
Romania,Ammonium,2019,0.321
Spain,Ammonium,2012,0.205
Romania,Ammonium,2018,0.3
Spain,Ammonium,2006,0.065
Spain,Ammonium,2008,0.02
Spain,Ammonium,2006,0.084
Belgium,Nitrate,2020,45.3333333333333
Spain,Nitrate,2010,4.16
Spain,Nitrate,2009,4.21
Belgium,Nitrate,2019,4.41481481481482
Belgium,Nitrate,2019,53.3
Belgium,Nitrate,2019,8.1
Romania,Nitrite,2020,0.013
Romania,Dissolved oxygen,2020,3.646
Romania,Nitrite,2018,0.047
Romania,Dissolved oxygen,2018,4.574
Romania,Nitrite,2021,0.009
Romania,Dissolved oxygen,2020,4.874
Romania,Nitrite,2020,0.042
Spain,Ammonium,2010,0.1115
Romania,Ammonium,2020,3.503
Spain,Ammonium,2010,0.01
Spain,Ammonium,2011,0.01
Spain,Ammonium,2006,0.023
Belgium,Ammonium,2019,0.27
Romania,Ammonium,2020,0.164957352941176
Spain,Ammonium,2007,0.084
Spain,Ammonium,2010,0.065
Spain,Ammonium,2009,0.065
Spain,Ammonium,2010,0.065
Spain,Ammonium,2009,0.023
Spain,Ammonium,2011,0.005
Romania,Ammonium,2020,1.324
Spain,Ammonium,2007,0.023
Romania,Ammonium,2020,3.251
Romania,Ammonium,2018,0.33
Spain,Ammonium,2006,0.023
Spain,Ammonium,2010,0.065
Romania,Ammonium,2019,1.322
Romania,Ammonium,2021,0.149
Romania,Nitrate,2021,9.996
Romania,Nitrate,2020,5.49
Romania,Nitrate,2018,2.722
Romania,Nitrate,2018,11.999
Spain,Nitrate,2009,1.9
Romania,Nitrate,2019,23.05
Belgium,Nitrate,2020,40.3577818181818
Spain,Ammonium,2011,0.005
Spain,Ammonium,2006,0.92
Spain,Ammonium,2007,0.023
Romania,Ammonium,2021,0.178
Romania,Ammonium,2020,1.064
Romania,Ammonium,2018,0.111
Romania,Ammonium,2018,1.311
Spain,Ammonium,2003,0.035
Spain,Ammonium,2005,0.023
Spain,Ammonium,2009,0.01
Belgium,Nitrate,2020,52.8597380952381
Romania,Nitrate,2019,10.313
Belgium,Nitrate,2020,45.4916666666667
Belgium,Nitrate,2020,35.9038888888889
Belgium,Nitrate,2020,15.5125641025641
Belgium,Nitrate,2020,21.2240740740741
Romania,Nitrate,2021,12.481
Romania,Ammonium,2019,0.031
Romania,Ammonium,2019,0.314
Romania,Ammonium,2021,2.767
Romania,Ammonium,2021,0.83
Spain,Ammonium,2008,0.093
Spain,Ammonium,2012,25.0
Spain,Ammonium,2006,0.023
Romania,Ammonium,2019,0.611
Romania,Ammonium,2021,0.109
Romania,Ammonium,2021,0.403
Spain,Ammonium,2009,0.026
Romania,Ammonium,2019,0.351
Romania,Ammonium,2021,1.013
Romania,Ammonium,2021,0.836
Spain,Ammonium,2012,25.0
Romania,Ammonium,2019,1.051
Romania,Ammonium,2019,0.037
Romania,Ammonium,2021,0.169
Romania,Ammonium,2021,0.326
Romania,Ammonium,2021,0.264
Romania,Ammonium,2021,0.367
Romania,Dissolved oxygen,2018,3.739
Romania,Nitrite,2018,0.103
Spain,Nitrite,2010,0.01
Spain,Dissolved oxygen,2006,8.3
Spain,Nitrite,2006,0.012
Romania,Nitrate,2021,5.129
Spain,Nitrate,2006,1.0
Romania,Nitrate,2019,10.891
Belgium,Nitrate,2020,5.02372198314506
Belgium,Nitrate,2020,59.9333333333333
Belgium,Nitrate,2020,27.0811363636364
Belgium,Nitrate,2020,12.0955863095238
Romania,Ammonium,2021,0.946
Romania,Ammonium,2021,3.418
Spain,Ammonium,2007,0.097
Belgium,Ammonium,2021,1.891
Belgium,Ammonium,2021,0.487
Belgium,Ammonium,2021,10.55
Romania,Nitrate,2021,25.494
Romania,Nitrate,2019,9.358
Romania,Nitrate,2019,57.885
Belgium,Nitrate,2020,35.3510983769317
Belgium,Nitrate,2020,4.41105769230769
Belgium,Nitrate,2020,25.0559986772487
Romania,Nitrate,2021,2.39
Belgium,Ammonium,2021,0.204
Belgium,Ammonium,2021,0.319
Belgium,Ammonium,2019,0.249
Belgium,Ammonium,2019,2.129
Romania,Ammonium,2020,1.518
Romania,Ammonium,2018,0.144
Romania,Ammonium,2019,0.497
Spain,Nitrite,2006,0.005
Spain,Dissolved oxygen,2006,7.8
Spain,Nitrite,2011,0.1
Spain,Dissolved oxygen,2004,9.7
Romania,Dissolved oxygen,2018,5.378
Romania,Dissolved oxygen,2018,5.42
Romania,Nitrite,2018,0.023
Spain,Nitrite,2009,0.005
Belgium,Nitrite,2021,0.03
Belgium,Nitrite,2021,0.03
Belgium,Nitrite,2021,0.042
Belgium,Nitrite,2021,0.03
Spain,Nitrite,2006,0.005
Spain,Nitrite,2004,0.054
Romania,Nitrite,2020,0.08
Romania,Dissolved oxygen,2020,5.34
Spain,Dissolved oxygen,2010,9.25
Spain,Nitrite,2007,0.005
Romania,Dissolved oxygen,2021,3.59
Romania,Dissolved oxygen,2020,2.194
Romania,Nitrite,2020,0.041
Romania,Dissolved oxygen,2018,4.675
Romania,Nitrite,2018,0.02
Romania,Nitrite,2019,0.013
Spain,Dissolved oxygen,2012,7.0
Spain,Nitrite,2008,0.005
Romania,Dissolved oxygen,2020,6.009
Romania,Nitrite,2020,0.014
Romania,Dissolved oxygen,2018,4.681
Romania,Nitrite,2018,0.097
Spain,Dissolved oxygen,2003,8.95
Spain,Dissolved oxygen,2005,7.2
Spain,Dissolved oxygen,2012,6.8
Spain,Nitrite,2003,0.084
Spain,Dissolved oxygen,2009,9.7
Romania,Dissolved oxygen,2019,6.411
Romania,Dissolved oxygen,2018,6.675
Spain,Nitrite,2006,0.005
Spain,Dissolved oxygen,2006,11.8
Romania,Dissolved oxygen,2019,6.015
Romania,Nitrite,2019,0.047
Romania,Dissolved oxygen,2021,4.11
Romania,Nitrite,2019,0.039
Romania,Dissolved oxygen,2021,4.558
Romania,Nitrite,2021,0.026
Romania,Dissolved oxygen,2021,4.65
Romania,Dissolved oxygen,2021,4.386
Romania,Nitrite,2021,0.152
Spain,Dissolved oxygen,2009,8.82
Romania,Dissolved oxygen,2019,4.255
Romania,Nitrite,2019,0.041
Romania,Nitrite,2021,0.045
Romania,Dissolved oxygen,2021,3.529
Romania,Nitrite,2021,0.028
Romania,Dissolved oxygen,2021,5.762
Spain,Dissolved oxygen,2009,7.7
Romania,Dissolved oxygen,2021,7.067
Romania,Nitrite,2021,0.077
Romania,Dissolved oxygen,2021,6.727
Romania,Dissolved oxygen,2019,5.018
Romania,Nitrite,2019,0.042
Romania,Dissolved oxygen,2021,5.991
Romania,Nitrite,2021,0.03
Romania,Dissolved oxygen,2021,3.252
Romania,Nitrite,2019,0.063
Romania,Nitrite,2019,0.016
Romania,Dissolved oxygen,2021,5.606
Romania,Nitrite,2021,0.016
Romania,Dissolved oxygen,2021,5.876
Romania,Dissolved oxygen,2019,5.028
Romania,Nitrite,2021,0.011
Romania,Dissolved oxygen,2021,5.3
Romania,Dissolved oxygen,2021,4.892
Romania,Nitrite,2021,0.045
Romania,Dissolved oxygen,2021,5.341
Romania,Nitrite,2021,0.03
Romania,Nitrite,2019,0.06
Romania,Dissolved oxygen,2019,7.143
Romania,Dissolved oxygen,2021,7.022
Romania,Nitrite,2021,0.013
Romania,Dissolved oxygen,2021,4.673
Romania,Nitrite,2021,0.028
Romania,Nitrite,2021,0.105
Belgium,Nitrite,2021,0.067
Belgium,Dissolved oxygen,2018,1.794
Belgium,Dissolved oxygen,2018,2.476
Belgium,Dissolved oxygen,2019,2.704
Belgium,Dissolved oxygen,2019,4.019
Romania,Dissolved oxygen,2020,4.43571428
Romania,Nitrite,2020,0.01
Spain,Nitrite,2007,0.005
Spain,Nitrite,2007,0.011
Belgium,Nitrite,2021,0.03
Spain,Nitrite,2007,0.05
Spain,Nitrite,2009,0.025
Spain,Nitrite,2008,0.005
Spain,Dissolved oxygen,2009,8.075
Spain,Nitrite,2007,0.05
Spain,Nitrite,2009,0.005
Spain,Nitrite,2009,0.011
Spain,Nitrite,2011,0.023
Romania,Nitrite,2020,0.026
Romania,Dissolved oxygen,2020,5.965
Spain,Nitrite,2011,0.023
Spain,Nitrite,2010,0.0807
Spain,Nitrite,2009,0.005
Spain,Nitrite,2009,0.005
Spain,Nitrite,2007,0.005
Romania,Dissolved oxygen,2020,6.051
Romania,Nitrite,2020,0.133
Romania,Dissolved oxygen,2018,5.015
Romania,Nitrite,2018,0.008
Romania,Nitrate,2021,58.698
Romania,Nitrate,2021,6.421
Belgium,Nitrate,2020,14.3291666666667
Belgium,Nitrate,2020,11.1209148767899
Belgium,Nitrate,2020,41.9916666666667
Romania,Nitrate,2021,2.052
Romania,Nitrate,2021,6.07
Romania,Nitrate,2021,22.35
Malta,Nitrate,2022,65.5264705882353
Malta,Nitrate,2022,331.4
Belgium,Nitrate,2020,31.0734813001207
Belgium,Nitrate,2020,29.1374368686869
Belgium,Nitrate,2020,19.1688034188034
Romania,Nitrate,2021,26.062
Spain,Nitrite,2006,0.005
Spain,Nitrite,2009,0.01
Spain,Dissolved oxygen,2007,8.3
Spain,Nitrite,2009,0.01
Spain,Nitrite,2009,0.005
Romania,Dissolved oxygen,2019,3.573
Romania,Nitrite,2019,0.04
Romania,Dissolved oxygen,2021,7.277
Romania,Nitrite,2021,0.152
Romania,Dissolved oxygen,2021,5.662
Romania,Dissolved oxygen,2021,7.676
Spain,Dissolved oxygen,2007,8.8
Romania,Nitrate,2021,6.42
Romania,Nitrate,2021,3.389
Spain,Nitrate,2007,39.0
Romania,Nitrate,2021,10.62
Malta,Nitrate,2022,125.4875
Malta,Nitrate,2022,351.65
Spain,Nitrate,2007,4.5
Spain,Nitrate,2008,3.1
Belgium,Nitrate,2020,38.4336961722488
Belgium,Nitrate,2020,13.7066666666667
Belgium,Nitrate,2020,18.033195970696
Romania,Nitrate,2021,9.205
Romania,Nitrate,2021,5.132
Malta,Nitrate,2022,57.5
Malta,Nitrate,2022,36.9
Spain,Nitrate,2006,3.9
Spain,Nitrate,2010,43.6
Belgium,Nitrate,2020,9.1625
Belgium,Nitrate,2020,42.3283333333333
Belgium,Nitrate,2020,10.5071428571429
Romania,Nitrate,2021,49.87
Romania,Nitrate,2021,33.7
Romania,Nitrate,2021,21.856
Malta,Nitrate,2022,34.35
Romania,Nitrate,2021,17.179
Malta,Nitrate,2022,145.71
Malta,Nitrate,2022,5.132
Spain,Nitrate,2011,42.3
Spain,Nitrate,2009,3.0
Spain,Nitrate,2006,15.9
Spain,Nitrate,2010,4.08
Spain,Nitrate,2005,0.717
Spain,Nitrate,2009,0.29
Belgium,Nitrate,2021,2.115
Belgium,Nitrate,2021,33.508
Belgium,Nitrate,2021,0.836
Spain,Nitrate,2009,35.85
Romania,Nitrate,2020,4.269
Spain,Nitrate,2006,4.0
Belgium,Nitrate,2019,26.5588235294118
Belgium,Nitrate,2019,35.8090909090909
Belgium,Nitrate,2019,25.5428571428571
Belgium,Nitrate,2019,18.7666666666667
Romania,Nitrate,2021,2.417
Romania,Nitrate,2020,36.341
Romania,Ammonium,2021,0.352
Romania,Ammonium,2021,8.023
Romania,Ammonium,2021,0.636
Romania,Ammonium,2021,0.042
Romania,Ammonium,2020,1.43646
Spain,Ammonium,2008,0.023
Spain,Ammonium,2007,0.023
Spain,Ammonium,2009,0.023
Spain,Ammonium,2004,0.065
Spain,Ammonium,2007,0.18
Romania,Ammonium,2020,0.199
Spain,Ammonium,2003,0.032
Spain,Ammonium,2009,0.05
Spain,Ammonium,2004,1.14
Spain,Ammonium,2008,0.023
Romania,Ammonium,2021,0.101
Romania,Ammonium,2020,0.314
Romania,Nitrate,2020,26.009
Romania,Nitrate,2018,2.445
Romania,Nitrate,2018,2.084
Romania,Nitrate,2019,33.808
Romania,Nitrate,2019,1.731
Belgium,Nitrate,2020,25.1896434937611
Belgium,Nitrate,2020,33.6016666666667
Belgium,Nitrate,2020,35.4465
Belgium,Nitrate,2020,18.7284131917465
Romania,Nitrate,2021,27.055
Romania,Nitrate,2021,0.68
Spain,Nitrate,2006,53.0
Spain,Nitrate,2009,43.1
Romania,Ammonium,2018,1.455
Romania,Ammonium,2018,0.193
Romania,Ammonium,2019,4.879
Romania,Ammonium,2019,2.586
Romania,Ammonium,2021,0.139
Romania,Ammonium,2021,1.003
